sweep,stick_x,stick_y,angle,mag,bone_x,bone_y,bone_z,shield_radius_full,shield_radius_min
grid,-80,0,180,1,0,5.8799996,0,6.2999997,6.2999997
grid,-79,0,180,0.9875,0,5.8799996,0,6.2999997,6.2999997
grid,-78,0,180,0.975,0,5.8799996,0,6.2999997,6.2999997
grid,-77,0,180,0.9625,0,5.8799996,0,6.2999997,6.2999997
grid,-76,-24,197.52557,0.99624294,0,5.8799996,0,6.2999997,6.2999997
grid,-76,-23,196.8375,0.9925504,0,5.8799996,0,6.2999997,6.2999997
grid,-76,0,180,0.95,0,5.8799996,0,6.2999997,6.2999997
grid,-76,23,163.16252,0.9925504,0,5.8799996,0,6.2999997,6.2999997
grid,-76,24,162.47444,0.99624294,0,5.8799996,0,6.2999997,6.2999997
grid,-75,-27,199.79889,0.99639976,0,5.8799996,0,6.2999997,6.2999997
grid,-75,-26,199.11974,0.9922355,0,5.8799996,0,6.2999997,6.2999997
grid,-75,-25,198.43497,0.98821175,0,5.8799996,0,6.2999997,6.2999997
grid,-75,-24,197.74469,0.98433036,0,5.8799996,0,6.2999997,6.2999997
grid,-75,-23,197.04904,0.98059297,0,5.8799996,0,6.2999997,6.2999997
grid,-75,0,180,0.9375,0,5.8799996,0,6.2999997,6.2999997
grid,-75,23,162.95097,0.98059297,0,5.8799996,0,6.2999997,6.2999997
grid,-75,24,162.25533,0.98433036,0,5.8799996,0,6.2999997,6.2999997
grid,-75,25,161.56505,0.98821175,0,5.8799996,0,6.2999997,6.2999997
grid,-75,26,160.88028,0.9922355,0,5.8799996,0,6.2999997,6.2999997
grid,-75,27,160.20113,0.99639976,0,5.8799996,0,6.2999997,6.2999997
grid,-74,-30,202.06792,0.9981232,0,5.8799996,0,6.2999997,6.2999997
grid,-74,-29,201.39983,0.99349445,0,5.8799996,0,6.2999997,6.2999997
grid,-74,-28,200.72557,0.98900205,0,5.8799996,0,6.2999997,6.2999997
grid,-74,-27,200.04526,0.9846478,0,5.8799996,0,6.2999997,6.2999997
grid,-74,-26,199.35901,0.9804336,0,5.8799996,0,6.2999997,6.2999997
grid,-74,-25,198.66693,0.9763613,0,5.8799996,0,6.2999997,6.2999997
grid,-74,-24,197.96916,0.97243255,0,5.8799996,0,6.2999997,6.2999997
grid,-74,-23,197.26582,0.9686492,0,5.8799996,0,6.2999997,6.2999997
grid,-74,0,180,0.925,0,5.8799996,0,6.2999997,6.2999997
grid,-74,23,162.73419,0.9686492,0,5.8799996,0,6.2999997,6.2999997
grid,-74,24,162.03085,0.97243255,0,5.8799996,0,6.2999997,6.2999997
grid,-74,25,161.33308,0.9763613,0,5.8799996,0,6.2999997,6.2999997
grid,-74,26,160.641,0.9804336,0,5.8799996,0,6.2999997,6.2999997
grid,-74,27,159.95476,0.9846478,0,5.8799996,0,6.2999997,6.2999997
grid,-74,28,159.27444,0.98900205,0,5.8799996,0,6.2999997,6.2999997
grid,-74,29,158.60019,0.99349445,0,5.8799996,0,6.2999997,6.2999997
grid,-74,30,157.9321,0.9981232,0,5.8799996,0,6.2999997,6.2999997
grid,-73,-32,203.67055,0.9963214,0,5.8799996,0,6.2999997,6.2999997
grid,-73,-31,203.00888,0.991369,0,5.8799996,0,6.2999997,6.2999997
grid,-73,-30,202.34065,0.9865502,0,5.8799996,0,6.2999997,6.2999997
grid,-73,-29,201.66597,0.98186684,0,5.8799996,0,6.2999997,6.2999997
grid,-73,-28,200.98491,0.97732097,0,5.8799996,0,6.2999997,6.2999997
grid,-73,-27,200.29758,0.97291446,0,5.8799996,0,6.2999997,6.2999997
grid,-73,-26,199.6041,0.9686492,0,5.8799996,0,6.2999997,6.2999997
grid,-73,-25,198.90459,0.9645271,0,5.8799996,0,6.2999997,6.2999997
grid,-73,-24,198.19919,0.96055,0,5.8799996,0,6.2999997,6.2999997
grid,-73,-23,197.488,0.9567197,0,5.8799996,0,6.2999997,6.2999997
grid,-73,0,180,0.9125,0,5.8799996,0,6.2999997,6.2999997
grid,-73,23,162.51201,0.9567197,0,5.8799996,0,6.2999997,6.2999997
grid,-73,24,161.80083,0.96055,0,5.8799996,0,6.2999997,6.2999997
grid,-73,25,161.09543,0.9645271,0,5.8799996,0,6.2999997,6.2999997
grid,-73,26,160.39592,0.9686492,0,5.8799996,0,6.2999997,6.2999997
grid,-73,27,159.70244,0.97291446,0,5.8799996,0,6.2999997,6.2999997
grid,-73,28,159.0151,0.97732097,0,5.8799996,0,6.2999997,6.2999997
grid,-73,29,158.33405,0.98186684,0,5.8799996,0,6.2999997,6.2999997
grid,-73,30,157.65936,0.9865502,0,5.8799996,0,6.2999997,6.2999997
grid,-73,31,156.99113,0.991369,0,5.8799996,0,6.2999997,6.2999997
grid,-73,32,156.32947,0.9963214,0,5.8799996,0,6.2999997,6.2999997
grid,-72,-34,205.27773,0.9953014,0,5.8799996,0,6.2999997,6.2999997
grid,-72,-33,204.62358,0.9900284,0,5.8799996,0,6.2999997,6.2999997
grid,-72,-32,203.9625,0.98488575,0,5.8799996,0,6.2999997,6.2999997
grid,-72,-31,203.29457,0.9798756,0,5.8799996,0,6.2999997,6.2999997
grid,-72,-30,202.61987,0.97499996,0,5.8799996,0,6.2999997,6.2999997
grid,-72,-29,201.93849,0.97026086,0,5.8799996,0,6.2999997,6.2999997
grid,-72,-28,201.25052,0.9656604,0,5.8799996,0,6.2999997,6.2999997
grid,-72,-27,200.55606,0.9612004,0,5.8799996,0,6.2999997,6.2999997
grid,-72,-26,199.85522,0.9568829,0,5.8799996,0,6.2999997,6.2999997
grid,-72,-25,199.14816,0.9527099,0,5.8799996,0,6.2999997,6.2999997
grid,-72,-24,198.43497,0.94868326,0,5.8799996,0,6.2999997,6.2999997
grid,-72,-23,197.7158,0.94480485,0,5.8799996,0,6.2999997,6.2999997
grid,-72,0,180,0.9,0,5.8799996,0,6.2999997,6.2999997
grid,-72,23,162.28421,0.94480485,0,5.8799996,0,6.2999997,6.2999997
grid,-72,24,161.56505,0.94868326,0,5.8799996,0,6.2999997,6.2999997
grid,-72,25,160.85185,0.9527099,0,5.8799996,0,6.2999997,6.2999997
grid,-72,26,160.14479,0.9568829,0,5.8799996,0,6.2999997,6.2999997
grid,-72,27,159.44395,0.9612004,0,5.8799996,0,6.2999997,6.2999997
grid,-72,28,158.7495,0.9656604,0,5.8799996,0,6.2999997,6.2999997
grid,-72,29,158.06152,0.97026086,0,5.8799996,0,6.2999997,6.2999997
grid,-72,30,157.38014,0.97499996,0,5.8799996,0,6.2999997,6.2999997
grid,-72,31,156.70544,0.9798756,0,5.8799996,0,6.2999997,6.2999997
grid,-72,32,156.03752,0.98488575,0,5.8799996,0,6.2999997,6.2999997
grid,-72,33,155.37643,0.9900284,0,5.8799996,0,6.2999997,6.2999997
grid,-72,34,154.72229,0.9953014,0,5.8799996,0,6.2999997,6.2999997
grid,-71,-36,206.88695,0.9950659,0,5.8799996,0,6.2999997,6.2999997
grid,-71,-35,206.24136,0.98947585,0,5.8799996,0,6.2999997,6.2999997
grid,-71,-34,205.58852,0.98401284,0,5.8799996,0,6.2999997,6.2999997
grid,-71,-33,204.9285,0.97867894,0,5.8799996,0,6.2999997,6.2999997
grid,-71,-32,204.2613,0.9734764,0,5.8799996,0,6.2999997,6.2999997
grid,-71,-31,203.58704,0.9684072,0,5.8799996,0,6.2999997,6.2999997
grid,-71,-30,202.90578,0.96347356,0,5.8799996,0,6.2999997,6.2999997
grid,-71,-29,202.2176,0.9586775,0,5.8799996,0,6.2999997,6.2999997
grid,-71,-28,201.52261,0.9540211,0,5.8799996,0,6.2999997,6.2999997
grid,-71,-27,200.8209,0.94950646,0,5.8799996,0,6.2999997,6.2999997
grid,-71,-26,200.11261,0.94513553,0,5.8799996,0,6.2999997,6.2999997
grid,-71,-25,199.39783,0.94091046,0,5.8799996,0,6.2999997,6.2999997
grid,-71,-24,198.67671,0.9368331,0,5.8799996,0,6.2999997,6.2999997
grid,-71,-23,197.94942,0.93290544,0,5.8799996,0,6.2999997,6.2999997
grid,-71,0,180,0.8875,0,5.8799996,0,6.2999997,6.2999997
grid,-71,23,162.0506,0.93290544,0,5.8799996,0,6.2999997,6.2999997
grid,-71,24,161.3233,0.9368331,0,5.8799996,0,6.2999997,6.2999997
grid,-71,25,160.60219,0.94091046,0,5.8799996,0,6.2999997,6.2999997
grid,-71,26,159.8874,0.94513553,0,5.8799996,0,6.2999997,6.2999997
grid,-71,27,159.17911,0.94950646,0,5.8799996,0,6.2999997,6.2999997
grid,-71,28,158.4774,0.9540211,0,5.8799996,0,6.2999997,6.2999997
grid,-71,29,157.78241,0.9586775,0,5.8799996,0,6.2999997,6.2999997
grid,-71,30,157.09422,0.96347356,0,5.8799996,0,6.2999997,6.2999997
grid,-71,31,156.41298,0.9684072,0,5.8799996,0,6.2999997,6.2999997
grid,-71,32,155.73871,0.9734764,0,5.8799996,0,6.2999997,6.2999997
grid,-71,33,155.07152,0.97867894,0,5.8799996,0,6.2999997,6.2999997
grid,-71,34,154.4115,0.98401284,0,5.8799996,0,6.2999997,6.2999997
grid,-71,35,153.75865,0.98947585,0,5.8799996,0,6.2999997,6.2999997
grid,-71,36,153.11307,0.9950659,0,5.8799996,0,6.2999997,6.2999997
grid,-70,-38,208.49565,0.99561536,0,5.8799996,0,6.2999997,6.2999997
grid,-70,-37,207.85966,0.9897127,0,5.8799996,0,6.2999997,6.2999997
grid,-70,-36,207.21613,0.98393345,0,5.8799996,0,6.2999997,6.2999997
grid,-70,-35,206.56506,0.97827977,0,5.8799996,0,6.2999997,6.2999997
grid,-70,-34,205.90652,0.9727538,0,5.8799996,0,6.2999997,6.2999997
grid,-70,-33,205.24054,0.9673579,0,5.8799996,0,6.2999997,6.2999997
grid,-70,-32,204.56718,0.96209407,0,5.8799996,0,6.2999997,6.2999997
grid,-70,-31,203.8865,0.9569646,0,5.8799996,0,6.2999997,6.2999997
grid,-70,-30,203.19861,0.95197165,0,5.8799996,0,6.2999997,6.2999997
grid,-70,-29,202.50354,0.9471173,0,5.8799996,0,6.2999997,6.2999997
grid,-70,-28,201.80142,0.94240385,0,5.8799996,0,6.2999997,6.2999997
grid,-70,-27,201.09236,0.9378333,0,5.8799996,0,6.2999997,6.2999997
grid,-70,-26,200.37645,0.9334077,0,5.8799996,0,6.2999997,6.2999997
grid,-70,-25,199.65384,0.9291293,0,5.8799996,0,6.2999997,6.2999997
grid,-70,-24,198.92465,0.925,0,5.8799996,0,6.2999997,6.2999997
grid,-70,-23,198.18906,0.9210219,0,5.8799996,0,6.2999997,6.2999997
grid,-70,0,180,0.875,0,5.8799996,0,6.2999997,6.2999997
grid,-70,23,161.81096,0.9210219,0,5.8799996,0,6.2999997,6.2999997
grid,-70,24,161.07536,0.925,0,5.8799996,0,6.2999997,6.2999997
grid,-70,25,160.34618,0.9291293,0,5.8799996,0,6.2999997,6.2999997
grid,-70,26,159.62357,0.9334077,0,5.8799996,0,6.2999997,6.2999997
grid,-70,27,158.90765,0.9378333,0,5.8799996,0,6.2999997,6.2999997
grid,-70,28,158.1986,0.94240385,0,5.8799996,0,6.2999997,6.2999997
grid,-70,29,157.49648,0.9471173,0,5.8799996,0,6.2999997,6.2999997
grid,-70,30,156.8014,0.95197165,0,5.8799996,0,6.2999997,6.2999997
grid,-70,31,156.11351,0.9569646,0,5.8799996,0,6.2999997,6.2999997
grid,-70,32,155.43283,0.96209407,0,5.8799996,0,6.2999997,6.2999997
grid,-70,33,154.75948,0.9673579,0,5.8799996,0,6.2999997,6.2999997
grid,-70,34,154.09349,0.9727538,0,5.8799996,0,6.2999997,6.2999997
grid,-70,35,153.43495,0.97827977,0,5.8799996,0,6.2999997,6.2999997
grid,-70,36,152.78389,0.98393345,0,5.8799996,0,6.2999997,6.2999997
grid,-70,37,152.14035,0.9897127,0,5.8799996,0,6.2999997,6.2999997
grid,-70,38,151.50436,0.99561536,0,5.8799996,0,6.2999997,6.2999997
grid,-69,-40,210.10132,0.9969485,0,5.8799996,0,6.2999997,6.2999997
grid,-69,-39,209.4759,0.99073833,0,5.8799996,0,6.2999997,6.2999997
grid,-69,-38,208.84267,0.98464775,0,5.8799996,0,6.2999997,6.2999997
grid,-69,-37,208.20164,0.978679,0,5.8799996,0,6.2999997,6.2999997
grid,-69,-36,207.55283,0.9728341,0,5.8799996,0,6.2999997,6.2999997
grid,-69,-35,206.89626,0.9671156,0,5.8799996,0,6.2999997,6.2999997
grid,-69,-34,206.23195,0.9615255,0,5.8799996,0,6.2999997,6.2999997
grid,-69,-33,205.55998,0.95606613,0,5.8799996,0,6.2999997,6.2999997
grid,-69,-32,204.88037,0.95073986,0,5.8799996,0,6.2999997,6.2999997
grid,-69,-31,204.19322,0.9455488,0,5.8799996,0,6.2999997,6.2999997
grid,-69,-30,203.49858,0.9404952,0,5.8799996,0,6.2999997,6.2999997
grid,-69,-29,202.79652,0.9355814,0,5.8799996,0,6.2999997,6.2999997
grid,-69,-28,202.08719,0.93080944,0,5.8799996,0,6.2999997,6.2999997
grid,-69,-27,201.37064,0.9261817,0,5.8799996,0,6.2999997,6.2999997
grid,-69,-26,200.647,0.9217002,0,5.8799996,0,6.2999997,6.2999997
grid,-69,-25,199.91641,0.91736716,0,5.8799996,0,6.2999997,6.2999997
grid,-69,-24,199.17902,0.9131847,0,5.8799996,0,6.2999997,6.2999997
grid,-69,-23,198.43497,0.90915483,0,5.8799996,0,6.2999997,6.2999997
grid,-69,0,180,0.8625,0,5.8799996,0,6.2999997,6.2999997
grid,-69,23,161.56505,0.90915483,0,5.8799996,0,6.2999997,6.2999997
grid,-69,24,160.821,0.9131847,0,5.8799996,0,6.2999997,6.2999997
grid,-69,25,160.0836,0.91736716,0,5.8799996,0,6.2999997,6.2999997
grid,-69,26,159.35301,0.9217002,0,5.8799996,0,6.2999997,6.2999997
grid,-69,27,158.62938,0.9261817,0,5.8799996,0,6.2999997,6.2999997
grid,-69,28,157.91283,0.93080944,0,5.8799996,0,6.2999997,6.2999997
grid,-69,29,157.20349,0.9355814,0,5.8799996,0,6.2999997,6.2999997
grid,-69,30,156.50143,0.9404952,0,5.8799996,0,6.2999997,6.2999997
grid,-69,31,155.8068,0.9455488,0,5.8799996,0,6.2999997,6.2999997
grid,-69,32,155.11963,0.95073986,0,5.8799996,0,6.2999997,6.2999997
grid,-69,33,154.44003,0.95606613,0,5.8799996,0,6.2999997,6.2999997
grid,-69,34,153.76807,0.9615255,0,5.8799996,0,6.2999997,6.2999997
grid,-69,35,153.10376,0.9671156,0,5.8799996,0,6.2999997,6.2999997
grid,-69,36,152.44719,0.9728341,0,5.8799996,0,6.2999997,6.2999997
grid,-69,37,151.79837,0.978679,0,5.8799996,0,6.2999997,6.2999997
grid,-69,38,151.15735,0.98464775,0,5.8799996,0,6.2999997,6.2999997
grid,-69,39,150.52411,0.99073833,0,5.8799996,0,6.2999997,6.2999997
grid,-69,40,149.8987,0.9969485,0,5.8799996,0,6.2999997,6.2999997
grid,-68,-42,211.70145,0.99906206,0,5.8799996,0,6.2999997,6.2999997
grid,-68,-41,211.08752,0.9925504,0,5.8799996,0,6.2999997,6.2999997
grid,-68,-40,210.46556,0.98615414,0,5.8799996,0,6.2999997,6.2999997
grid,-68,-39,209.83556,0.9798757,0,5.8799996,0,6.2999997,6.2999997
grid,-68,-38,209.1975,0.9737171,0,5.8799996,0,6.2999997,6.2999997
grid,-68,-37,208.5514,0.9676809,0,5.8799996,0,6.2999997,6.2999997
grid,-68,-36,207.8973,0.9617692,0,5.8799996,0,6.2999997,6.2999997
grid,-68,-35,207.23515,0.9559845,0,5.8799996,0,6.2999997,6.2999997
grid,-68,-34,206.56506,0.9503289,0,5.8799996,0,6.2999997,6.2999997
grid,-68,-33,205.88704,0.9448049,0,5.8799996,0,6.2999997,6.2999997
grid,-68,-32,205.20114,0.93941474,0,5.8799996,0,6.2999997,6.2999997
grid,-68,-31,204.50742,0.9341607,0,5.8799996,0,6.2999997,6.2999997
grid,-68,-30,203.80595,0.9290452,0,5.8799996,0,6.2999997,6.2999997
grid,-68,-29,203.09683,0.9240705,0,5.8799996,0,6.2999997,6.2999997
grid,-68,-28,202.38014,0.9192388,0,5.8799996,0,6.2999997,6.2999997
grid,-68,-27,201.65599,0.9145525,0,5.8799996,0,6.2999997,6.2999997
grid,-68,-26,200.92451,0.91001374,0,5.8799996,0,6.2999997,6.2999997
grid,-68,-25,200.1858,0.9056248,0,5.8799996,0,6.2999997,6.2999997
grid,-68,-24,199.44005,0.9013878,0,5.8799996,0,6.2999997,6.2999997
grid,-68,-23,198.68736,0.897305,0,5.8799996,0,6.2999997,6.2999997
grid,-68,0,180,0.85,0,5.8799996,0,6.2999997,6.2999997
grid,-68,23,161.31265,0.897305,0,5.8799996,0,6.2999997,6.2999997
grid,-68,24,160.55997,0.9013878,0,5.8799996,0,6.2999997,6.2999997
grid,-68,25,159.81421,0.9056248,0,5.8799996,0,6.2999997,6.2999997
grid,-68,26,159.0755,0.91001374,0,5.8799996,0,6.2999997,6.2999997
grid,-68,27,158.34402,0.9145525,0,5.8799996,0,6.2999997,6.2999997
grid,-68,28,157.61987,0.9192388,0,5.8799996,0,6.2999997,6.2999997
grid,-68,29,156.90318,0.9240705,0,5.8799996,0,6.2999997,6.2999997
grid,-68,30,156.19406,0.9290452,0,5.8799996,0,6.2999997,6.2999997
grid,-68,31,155.49258,0.9341607,0,5.8799996,0,6.2999997,6.2999997
grid,-68,32,154.79887,0.93941474,0,5.8799996,0,6.2999997,6.2999997
grid,-68,33,154.11298,0.9448049,0,5.8799996,0,6.2999997,6.2999997
grid,-68,34,153.43495,0.9503289,0,5.8799996,0,6.2999997,6.2999997
grid,-68,35,152.76486,0.9559845,0,5.8799996,0,6.2999997,6.2999997
grid,-68,36,152.10272,0.9617692,0,5.8799996,0,6.2999997,6.2999997
grid,-68,37,151.44861,0.9676809,0,5.8799996,0,6.2999997,6.2999997
grid,-68,38,150.80252,0.9737171,0,5.8799996,0,6.2999997,6.2999997
grid,-68,39,150.16446,0.9798757,0,5.8799996,0,6.2999997,6.2999997
grid,-68,40,149.53445,0.98615414,0,5.8799996,0,6.2999997,6.2999997
grid,-68,41,148.91249,0.9925504,0,5.8799996,0,6.2999997,6.2999997
grid,-68,42,148.29857,0.99906206,0,5.8799996,0,6.2999997,6.2999997
grid,-67,-43,212.692,0.9951444,0,5.8799996,0,6.2999997,6.2999997
grid,-67,-42,212.0822,0.98844886,0,5.8799996,0,6.2999997,6.2999997
grid,-67,-41,211.46416,0.98186684,0,5.8799996,0,6.2999997,6.2999997
grid,-67,-40,210.83784,0.9754005,0,5.8799996,0,6.2999997,6.2999997
grid,-67,-39,210.20325,0.9690524,0,5.8799996,0,6.2999997,6.2999997
grid,-67,-38,209.56036,0.9628246,0,5.8799996,0,6.2999997,6.2999997
grid,-67,-37,208.9092,0.95671964,0,5.8799996,0,6.2999997,6.2999997
grid,-67,-36,208.24976,0.9507398,0,5.8799996,0,6.2999997,6.2999997
grid,-67,-35,207.58205,0.9448875,0,5.8799996,0,6.2999997,6.2999997
grid,-67,-34,206.9061,0.9391652,0,5.8799996,0,6.2999997,6.2999997
grid,-67,-33,206.22198,0.9335751,0,5.8799996,0,6.2999997,6.2999997
grid,-67,-32,205.52971,0.9281197,0,5.8799996,0,6.2999997,6.2999997
grid,-67,-31,204.82936,0.92280143,0,5.8799996,0,6.2999997,6.2999997
grid,-67,-30,204.121,0.91762257,0,5.8799996,0,6.2999997,6.2999997
grid,-67,-29,203.40471,0.91258556,0,5.8799996,0,6.2999997,6.2999997
grid,-67,-28,202.68057,0.9076928,0,5.8799996,0,6.2999997,6.2999997
grid,-67,-27,201.94872,0.90294653,0,5.8799996,0,6.2999997,6.2999997
grid,-67,-26,201.20923,0.8983491,0,5.8799996,0,6.2999997,6.2999997
grid,-67,-25,200.46228,0.8939029,0,5.8799996,0,6.2999997,6.2999997
grid,-67,-24,199.708,0.8896101,0,5.8799996,0,6.2999997,6.2999997
grid,-67,-23,198.94652,0.885473,0,5.8799996,0,6.2999997,6.2999997
grid,-67,0,180,0.8375,0,5.8799996,0,6.2999997,6.2999997
grid,-67,23,161.0535,0.885473,0,5.8799996,0,6.2999997,6.2999997
grid,-67,24,160.29202,0.8896101,0,5.8799996,0,6.2999997,6.2999997
grid,-67,25,159.53773,0.8939029,0,5.8799996,0,6.2999997,6.2999997
grid,-67,26,158.79079,0.8983491,0,5.8799996,0,6.2999997,6.2999997
grid,-67,27,158.0513,0.90294653,0,5.8799996,0,6.2999997,6.2999997
grid,-67,28,157.31944,0.9076928,0,5.8799996,0,6.2999997,6.2999997
grid,-67,29,156.5953,0.91258556,0,5.8799996,0,6.2999997,6.2999997
grid,-67,30,155.87901,0.91762257,0,5.8799996,0,6.2999997,6.2999997
grid,-67,31,155.17065,0.92280143,0,5.8799996,0,6.2999997,6.2999997
grid,-67,32,154.4703,0.9281197,0,5.8799996,0,6.2999997,6.2999997
grid,-67,33,153.77803,0.9335751,0,5.8799996,0,6.2999997,6.2999997
grid,-67,34,153.09392,0.9391652,0,5.8799996,0,6.2999997,6.2999997
grid,-67,35,152.41797,0.9448875,0,5.8799996,0,6.2999997,6.2999997
grid,-67,36,151.75026,0.9507398,0,5.8799996,0,6.2999997,6.2999997
grid,-67,37,151.09082,0.95671964,0,5.8799996,0,6.2999997,6.2999997
grid,-67,38,150.43965,0.9628246,0,5.8799996,0,6.2999997,6.2999997
grid,-67,39,149.79675,0.9690524,0,5.8799996,0,6.2999997,6.2999997
grid,-67,40,149.16217,0.9754005,0,5.8799996,0,6.2999997,6.2999997
grid,-67,41,148.53586,0.98186684,0,5.8799996,0,6.2999997,6.2999997
grid,-67,42,147.91782,0.98844886,0,5.8799996,0,6.2999997,6.2999997
grid,-67,43,147.30801,0.9951444,0,5.8799996,0,6.2999997,6.2999997
grid,-66,-45,214.28688,0.9985145,0,5.8799996,0,6.2999997,6.2999997
grid,-66,-44,213.69008,0.9915266,0,5.8799996,0,6.2999997,6.2999997
grid,-66,-43,213.08487,0.98464775,0,5.8799996,0,6.2999997,6.2999997
grid,-66,-42,212.4712,0.97788036,0,5.8799996,0,6.2999997,6.2999997
grid,-66,-41,211.84908,0.97122663,0,5.8799996,0,6.2999997,6.2999997
grid,-66,-40,211.21841,0.9646891,0,5.8799996,0,6.2999997,6.2999997
grid,-66,-39,210.57924,0.9582699,0,5.8799996,0,6.2999997,6.2999997
grid,-66,-38,209.93152,0.9519716,0,5.8799996,0,6.2999997,6.2999997
grid,-66,-37,209.27527,0.9457966,0,5.8799996,0,6.2999997,6.2999997
grid,-66,-36,208.61047,0.9397473,0,5.8799996,0,6.2999997,6.2999997
grid,-66,-35,207.93716,0.9338261,0,5.8799996,0,6.2999997,6.2999997
grid,-66,-34,207.25534,0.92803556,0,5.8799996,0,6.2999997,6.2999997
grid,-66,-33,206.56506,0.922378,0,5.8799996,0,6.2999997,6.2999997
grid,-66,-32,205.86636,0.91685605,0,5.8799996,0,6.2999997,6.2999997
grid,-66,-31,205.15932,0.911472,0,5.8799996,0,6.2999997,6.2999997
grid,-66,-30,204.44397,0.9062284,0,5.8799996,0,6.2999997,6.2999997
grid,-66,-29,203.72041,0.90112776,0,5.8799996,0,6.2999997,6.2999997
grid,-66,-28,202.98872,0.8961724,0,5.8799996,0,6.2999997,6.2999997
grid,-66,-27,202.24904,0.8913648,0,5.8799996,0,6.2999997,6.2999997
grid,-66,-26,201.50145,0.88670737,0,5.8799996,0,6.2999997,6.2999997
grid,-66,-25,200.7461,0.8822025,0,5.8799996,0,6.2999997,6.2999997
grid,-66,-24,199.98312,0.8778525,0,5.8799996,0,6.2999997,6.2999997
grid,-66,-23,199.21269,0.8736597,0,5.8799996,0,6.2999997,6.2999997
grid,-66,0,180,0.825,0,5.8799996,0,6.2999997,6.2999997
grid,-66,23,160.78732,0.8736597,0,5.8799996,0,6.2999997,6.2999997
grid,-66,24,160.01689,0.8778525,0,5.8799996,0,6.2999997,6.2999997
grid,-66,25,159.25392,0.8822025,0,5.8799996,0,6.2999997,6.2999997
grid,-66,26,158.49857,0.88670737,0,5.8799996,0,6.2999997,6.2999997
grid,-66,27,157.75098,0.8913648,0,5.8799996,0,6.2999997,6.2999997
grid,-66,28,157.01129,0.8961724,0,5.8799996,0,6.2999997,6.2999997
grid,-66,29,156.2796,0.90112776,0,5.8799996,0,6.2999997,6.2999997
grid,-66,30,155.55605,0.9062284,0,5.8799996,0,6.2999997,6.2999997
grid,-66,31,154.8407,0.911472,0,5.8799996,0,6.2999997,6.2999997
grid,-66,32,154.13364,0.91685605,0,5.8799996,0,6.2999997,6.2999997
grid,-66,33,153.43495,0.922378,0,5.8799996,0,6.2999997,6.2999997
grid,-66,34,152.74467,0.92803556,0,5.8799996,0,6.2999997,6.2999997
grid,-66,35,152.06285,0.9338261,0,5.8799996,0,6.2999997,6.2999997
grid,-66,36,151.38954,0.9397473,0,5.8799996,0,6.2999997,6.2999997
grid,-66,37,150.72475,0.9457966,0,5.8799996,0,6.2999997,6.2999997
grid,-66,38,150.0685,0.9519716,0,5.8799996,0,6.2999997,6.2999997
grid,-66,39,149.42078,0.9582699,0,5.8799996,0,6.2999997,6.2999997
grid,-66,40,148.7816,0.9646891,0,5.8799996,0,6.2999997,6.2999997
grid,-66,41,148.15094,0.97122663,0,5.8799996,0,6.2999997,6.2999997
grid,-66,42,147.52881,0.97788036,0,5.8799996,0,6.2999997,6.2999997
grid,-66,43,146.91515,0.98464775,0,5.8799996,0,6.2999997,6.2999997
grid,-66,44,146.30994,0.9915266,0,5.8799996,0,6.2999997,6.2999997
grid,-66,45,145.71312,0.9985145,0,5.8799996,0,6.2999997,6.2999997
grid,-65,-46,215.28676,0.9953799,0,5.8799996,0,6.2999997,6.2999997
grid,-65,-45,214.69518,0.98821175,0,5.8799996,0,6.2999997,6.2999997
grid,-65,-44,214.09499,0.98115045,0,5.8799996,0,6.2999997,6.2999997
grid,-65,-43,213.48619,0.9741984,0,5.8799996,0,6.2999997,6.2999997
grid,-65,-42,212.8687,0.9673579,0,5.8799996,0,6.2999997,6.2999997
grid,-65,-41,212.24248,0.9606313,0,5.8799996,0,6.2999997,6.2999997
grid,-65,-40,211.60751,0.9540211,0,5.8799996,0,6.2999997,6.2999997
grid,-65,-39,210.96378,0.9475297,0,5.8799996,0,6.2999997,6.2999997
grid,-65,-38,210.31122,0.9411595,0,5.8799996,0,6.2999997,6.2999997
grid,-65,-37,209.64987,0.9349131,0,5.8799996,0,6.2999997,6.2999997
grid,-65,-36,208.97972,0.9287929,0,5.8799996,0,6.2999997,6.2999997
grid,-65,-35,208.30077,0.92280143,0,5.8799996,0,6.2999997,6.2999997
grid,-65,-34,207.61304,0.9169413,0,5.8799996,0,6.2999997,6.2999997
grid,-65,-33,206.91656,0.9112148,0,5.8799996,0,6.2999997,6.2999997
grid,-65,-32,206.2114,0.9056248,0,5.8799996,0,6.2999997,6.2999997
grid,-65,-31,205.49757,0.9001736,0,5.8799996,0,6.2999997,6.2999997
grid,-65,-30,204.77515,0.89486384,0,5.8799996,0,6.2999997,6.2999997
grid,-65,-29,204.04424,0.88969797,0,5.8799996,0,6.2999997,6.2999997
grid,-65,-28,203.3049,0.8846786,0,5.8799996,0,6.2999997,6.2999997
grid,-65,-27,202.55725,0.87980825,0,5.8799996,0,6.2999997,6.2999997
grid,-65,-26,201.80142,0.8750893,0,5.8799996,0,6.2999997,6.2999997
grid,-65,-25,201.03752,0.8705243,0,5.8799996,0,6.2999997,6.2999997
grid,-65,-24,200.26572,0.8661156,0,5.8799996,0,6.2999997,6.2999997
grid,-65,-23,199.48615,0.8618657,0,5.8799996,0,6.2999997,6.2999997
grid,-65,0,180,0.8125,0,5.8799996,0,6.2999997,6.2999997
grid,-65,23,160.51387,0.8618657,0,5.8799996,0,6.2999997,6.2999997
grid,-65,24,159.7343,0.8661156,0,5.8799996,0,6.2999997,6.2999997
grid,-65,25,158.9625,0.8705243,0,5.8799996,0,6.2999997,6.2999997
grid,-65,26,158.1986,0.8750893,0,5.8799996,0,6.2999997,6.2999997
grid,-65,27,157.44276,0.87980825,0,5.8799996,0,6.2999997,6.2999997
grid,-65,28,156.69511,0.8846786,0,5.8799996,0,6.2999997,6.2999997
grid,-65,29,155.95578,0.88969797,0,5.8799996,0,6.2999997,6.2999997
grid,-65,30,155.22487,0.89486384,0,5.8799996,0,6.2999997,6.2999997
grid,-65,31,154.50244,0.9001736,0,5.8799996,0,6.2999997,6.2999997
grid,-65,32,153.78862,0.9056248,0,5.8799996,0,6.2999997,6.2999997
grid,-65,33,153.08345,0.9112148,0,5.8799996,0,6.2999997,6.2999997
grid,-65,34,152.38698,0.9169413,0,5.8799996,0,6.2999997,6.2999997
grid,-65,35,151.69923,0.92280143,0,5.8799996,0,6.2999997,6.2999997
grid,-65,36,151.0203,0.9287929,0,5.8799996,0,6.2999997,6.2999997
grid,-65,37,150.35014,0.9349131,0,5.8799996,0,6.2999997,6.2999997
grid,-65,38,149.68878,0.9411595,0,5.8799996,0,6.2999997,6.2999997
grid,-65,39,149.03624,0.9475297,0,5.8799996,0,6.2999997,6.2999997
grid,-65,40,148.3925,0.9540211,0,5.8799996,0,6.2999997,6.2999997
grid,-65,41,147.75754,0.9606313,0,5.8799996,0,6.2999997,6.2999997
grid,-65,42,147.13132,0.9673579,0,5.8799996,0,6.2999997,6.2999997
grid,-65,43,146.51382,0.9741984,0,5.8799996,0,6.2999997,6.2999997
grid,-65,44,145.90503,0.98115045,0,5.8799996,0,6.2999997,6.2999997
grid,-65,45,145.30484,0.98821175,0,5.8799996,0,6.2999997,6.2999997
grid,-65,46,144.71326,0.9953799,0,5.8799996,0,6.2999997,6.2999997
grid,-64,-48,216.86992,1,0,5.8799996,0,6.2999997,6.2999997
grid,-64,-47,216.29265,0.9925504,0,5.8799996,0,6.2999997,6.2999997
grid,-64,-46,215.70671,0.985203,0,5.8799996,0,6.2999997,6.2999997
grid,-64,-45,215.11203,0.9779603,0,5.8799996,0,6.2999997,6.2999997
grid,-64,-44,214.50854,0.9708244,0,5.8799996,0,6.2999997,6.2999997
grid,-64,-43,213.89618,0.96379787,0,5.8799996,0,6.2999997,6.2999997
grid,-64,-42,213.2749,0.95688295,0,5.8799996,0,6.2999997,6.2999997
grid,-64,-41,212.64465,0.95008224,0,5.8799996,0,6.2999997,6.2999997
grid,-64,-40,212.0054,0.9433981,0,5.8799996,0,6.2999997,6.2999997
grid,-64,-39,211.35709,0.93683314,0,5.8799996,0,6.2999997,6.2999997
grid,-64,-38,210.69974,0.9303897,0,5.8799996,0,6.2999997,6.2999997
grid,-64,-37,210.0333,0.9240705,0,5.8799996,0,6.2999997,6.2999997
grid,-64,-36,209.35777,0.91787803,0,5.8799996,0,6.2999997,6.2999997
grid,-64,-35,208.67316,0.9118148,0,5.8799996,0,6.2999997,6.2999997
grid,-64,-34,207.97948,0.9058836,0,5.8799996,0,6.2999997,6.2999997
grid,-64,-33,207.27678,0.9000868,0,5.8799996,0,6.2999997,6.2999997
grid,-64,-32,206.56506,0.89442724,0,5.8799996,0,6.2999997,6.2999997
grid,-64,-31,205.84439,0.8889074,0,5.8799996,0,6.2999997,6.2999997
grid,-64,-30,205.11484,0.8835299,0,5.8799996,0,6.2999997,6.2999997
grid,-64,-29,204.37648,0.8782974,0,5.8799996,0,6.2999997,6.2999997
grid,-64,-28,203.6294,0.8732125,0,5.8799996,0,6.2999997,6.2999997
grid,-64,-27,202.87369,0.8682778,0,5.8799996,0,6.2999997,6.2999997
grid,-64,-26,202.10945,0.8634958,0,5.8799996,0,6.2999997,6.2999997
grid,-64,-25,201.33688,0.8588692,0,5.8799996,0,6.2999997,6.2999997
grid,-64,-24,200.55606,0.8544004,0,5.8799996,0,6.2999997,6.2999997
grid,-64,-23,199.76718,0.85009193,0,5.8799996,0,6.2999997,6.2999997
grid,-64,0,180,0.8,0,5.8799996,0,6.2999997,6.2999997
grid,-64,23,160.23283,0.85009193,0,5.8799996,0,6.2999997,6.2999997
grid,-64,24,159.44395,0.8544004,0,5.8799996,0,6.2999997,6.2999997
grid,-64,25,158.66313,0.8588692,0,5.8799996,0,6.2999997,6.2999997
grid,-64,26,157.89056,0.8634958,0,5.8799996,0,6.2999997,6.2999997
grid,-64,27,157.12633,0.8682778,0,5.8799996,0,6.2999997,6.2999997
grid,-64,28,156.37062,0.8732125,0,5.8799996,0,6.2999997,6.2999997
grid,-64,29,155.62354,0.8782974,0,5.8799996,0,6.2999997,6.2999997
grid,-64,30,154.88516,0.8835299,0,5.8799996,0,6.2999997,6.2999997
grid,-64,31,154.15562,0.8889074,0,5.8799996,0,6.2999997,6.2999997
grid,-64,32,153.43495,0.89442724,0,5.8799996,0,6.2999997,6.2999997
grid,-64,33,152.72324,0.9000868,0,5.8799996,0,6.2999997,6.2999997
grid,-64,34,152.02054,0.9058836,0,5.8799996,0,6.2999997,6.2999997
grid,-64,35,151.32686,0.9118148,0,5.8799996,0,6.2999997,6.2999997
grid,-64,36,150.64224,0.91787803,0,5.8799996,0,6.2999997,6.2999997
grid,-64,37,149.96672,0.9240705,0,5.8799996,0,6.2999997,6.2999997
grid,-64,38,149.30028,0.9303897,0,5.8799996,0,6.2999997,6.2999997
grid,-64,39,148.64293,0.93683314,0,5.8799996,0,6.2999997,6.2999997
grid,-64,40,147.99461,0.9433981,0,5.8799996,0,6.2999997,6.2999997
grid,-64,41,147.35536,0.95008224,0,5.8799996,0,6.2999997,6.2999997
grid,-64,42,146.72511,0.95688295,0,5.8799996,0,6.2999997,6.2999997
grid,-64,43,146.10384,0.96379787,0,5.8799996,0,6.2999997,6.2999997
grid,-64,44,145.49147,0.9708244,0,5.8799996,0,6.2999997,6.2999997
grid,-64,45,144.88799,0.9779603,0,5.8799996,0,6.2999997,6.2999997
grid,-64,46,144.2933,0.985203,0,5.8799996,0,6.2999997,6.2999997
grid,-64,47,143.70737,0.9925504,0,5.8799996,0,6.2999997,6.2999997
grid,-64,48,143.1301,1,0,5.8799996,0,6.2999997,6.2999997
grid,-63,-49,217.87498,0.99765354,0,5.8799996,0,6.2999997,6.2999997
grid,-63,-48,217.30396,0.99002844,0,5.8799996,0,6.2999997,6.2999997
grid,-63,-47,216.72412,0.9825032,0,5.8799996,0,6.2999997,6.2999997
grid,-63,-46,216.13538,0.97508013,0,5.8799996,0,6.2999997,6.2999997
grid,-63,-45,215.53769,0.96776164,0,5.8799996,0,6.2999997,6.2999997
grid,-63,-44,214.93095,0.96055,0,5.8799996,0,6.2999997,6.2999997
grid,-63,-43,214.3151,0.9534477,0,5.8799996,0,6.2999997,6.2999997
grid,-63,-42,213.69008,0.9464572,0,5.8799996,0,6.2999997,6.2999997
grid,-63,-41,213.05583,0.93958104,0,5.8799996,0,6.2999997,6.2999997
grid,-63,-40,212.41231,0.9328217,0,5.8799996,0,6.2999997,6.2999997
grid,-63,-39,211.7595,0.9261817,0,5.8799996,0,6.2999997,6.2999997
grid,-63,-38,211.09732,0.91966367,0,5.8799996,0,6.2999997,6.2999997
grid,-63,-37,210.4258,0.91327024,0,5.8799996,0,6.2999997,6.2999997
grid,-63,-36,209.74489,0.907004,0,5.8799996,0,6.2999997,6.2999997
grid,-63,-35,209.05463,0.90086764,0,5.8799996,0,6.2999997,6.2999997
grid,-63,-34,208.35498,0.89486384,0,5.8799996,0,6.2999997,6.2999997
grid,-63,-33,207.646,0.88899523,0,5.8799996,0,6.2999997,6.2999997
grid,-63,-32,206.92769,0.8832646,0,5.8799996,0,6.2999997,6.2999997
grid,-63,-31,206.20012,0.8776745,0,5.8799996,0,6.2999997,6.2999997
grid,-63,-30,205.46335,0.8722278,0,5.8799996,0,6.2999997,6.2999997
grid,-63,-29,204.71745,0.8669271,0,5.8799996,0,6.2999997,6.2999997
grid,-63,-28,203.9625,0.8617751,0,5.8799996,0,6.2999997,6.2999997
grid,-63,-27,203.19861,0.8567745,0,5.8799996,0,6.2999997,6.2999997
grid,-63,-26,202.42587,0.851928,0,5.8799996,0,6.2999997,6.2999997
grid,-63,-25,201.64444,0.8472382,0,5.8799996,0,6.2999997,6.2999997
grid,-63,-24,200.85448,0.84270775,0,5.8799996,0,6.2999997,6.2999997
grid,-63,-23,200.0561,0.83833915,0,5.8799996,0,6.2999997,6.2999997
grid,-63,0,180,0.7875,0,5.8799996,0,6.2999997,6.2999997
grid,-63,23,159.94391,0.83833915,0,5.8799996,0,6.2999997,6.2999997
grid,-63,24,159.14554,0.84270775,0,5.8799996,0,6.2999997,6.2999997
grid,-63,25,158.35558,0.8472382,0,5.8799996,0,6.2999997,6.2999997
grid,-63,26,157.57414,0.851928,0,5.8799996,0,6.2999997,6.2999997
grid,-63,27,156.8014,0.8567745,0,5.8799996,0,6.2999997,6.2999997
grid,-63,28,156.03752,0.8617751,0,5.8799996,0,6.2999997,6.2999997
grid,-63,29,155.28256,0.8669271,0,5.8799996,0,6.2999997,6.2999997
grid,-63,30,154.53667,0.8722278,0,5.8799996,0,6.2999997,6.2999997
grid,-63,31,153.7999,0.8776745,0,5.8799996,0,6.2999997,6.2999997
grid,-63,32,153.07233,0.8832646,0,5.8799996,0,6.2999997,6.2999997
grid,-63,33,152.35402,0.88899523,0,5.8799996,0,6.2999997,6.2999997
grid,-63,34,151.64503,0.89486384,0,5.8799996,0,6.2999997,6.2999997
grid,-63,35,150.94539,0.90086764,0,5.8799996,0,6.2999997,6.2999997
grid,-63,36,150.25513,0.907004,0,5.8799996,0,6.2999997,6.2999997
grid,-63,37,149.57422,0.91327024,0,5.8799996,0,6.2999997,6.2999997
grid,-63,38,148.9027,0.91966367,0,5.8799996,0,6.2999997,6.2999997
grid,-63,39,148.24051,0.9261817,0,5.8799996,0,6.2999997,6.2999997
grid,-63,40,147.58769,0.9328217,0,5.8799996,0,6.2999997,6.2999997
grid,-63,41,146.94418,0.93958104,0,5.8799996,0,6.2999997,6.2999997
grid,-63,42,146.30994,0.9464572,0,5.8799996,0,6.2999997,6.2999997
grid,-63,43,145.68492,0.9534477,0,5.8799996,0,6.2999997,6.2999997
grid,-63,44,145.06906,0.96055,0,5.8799996,0,6.2999997,6.2999997
grid,-63,45,144.46233,0.96776164,0,5.8799996,0,6.2999997,6.2999997
grid,-63,46,143.86462,0.97508013,0,5.8799996,0,6.2999997,6.2999997
grid,-63,47,143.2759,0.9825032,0,5.8799996,0,6.2999997,6.2999997
grid,-63,48,142.69606,0.99002844,0,5.8799996,0,6.2999997,6.2999997
grid,-63,49,142.12503,0.99765354,0,5.8799996,0,6.2999997,6.2999997
grid,-62,-50,218.8845,0.99561536,0,5.8799996,0,6.2999997,6.2999997
grid,-62,-49,218.32013,0.9878164,0,5.8799996,0,6.2999997,6.2999997
grid,-62,-48,217.74681,0.98011476,0,5.8799996,0,6.2999997,6.2999997
grid,-62,-47,217.16449,0.97251284,0,5.8799996,0,6.2999997,6.2999997
grid,-62,-46,216.57304,0.96501297,0,5.8799996,0,6.2999997,6.2999997
grid,-62,-45,215.9724,0.95761746,0,5.8799996,0,6.2999997,6.2999997
grid,-62,-44,215.36247,0.9503289,0,5.8799996,0,6.2999997,6.2999997
grid,-62,-43,214.7432,0.9431496,0,5.8799996,0,6.2999997,6.2999997
grid,-62,-42,214.11449,0.9360822,0,5.8799996,0,6.2999997,6.2999997
grid,-62,-41,213.47629,0.9291293,0,5.8799996,0,6.2999997,6.2999997
grid,-62,-40,212.82857,0.9222933,0,5.8799996,0,6.2999997,6.2999997
grid,-62,-39,212.17123,0.915577,0,5.8799996,0,6.2999997,6.2999997
grid,-62,-38,211.50429,0.90898293,0,5.8799996,0,6.2999997,6.2999997
grid,-62,-37,210.82767,0.9025138,0,5.8799996,0,6.2999997,6.2999997
grid,-62,-36,210.1414,0.8961724,0,5.8799996,0,6.2999997,6.2999997
grid,-62,-35,209.44545,0.88996136,0,5.8799996,0,6.2999997,6.2999997
grid,-62,-34,208.7398,0.8838835,0,5.8799996,0,6.2999997,6.2999997
grid,-62,-33,208.02452,0.8779415,0,5.8799996,0,6.2999997,6.2999997
grid,-62,-32,207.29959,0.8721382,0,5.8799996,0,6.2999997,6.2999997
grid,-62,-31,206.56506,0.86647636,0,5.8799996,0,6.2999997,6.2999997
grid,-62,-30,205.821,0.86095876,0,5.8799996,0,6.2999997,6.2999997
grid,-62,-29,205.06747,0.85558826,0,5.8799996,0,6.2999997,6.2999997
grid,-62,-28,204.30457,0.85036755,0,5.8799996,0,6.2999997,6.2999997
grid,-62,-27,203.53236,0.8452995,0,5.8799996,0,6.2999997,6.2999997
grid,-62,-26,202.75099,0.8403868,0,5.8799996,0,6.2999997,6.2999997
grid,-62,-25,201.96059,0.8356322,0,5.8799996,0,6.2999997,6.2999997
grid,-62,-24,201.16127,0.8310385,0,5.8799996,0,6.2999997,6.2999997
grid,-62,-23,200.35324,0.8266083,0,5.8799996,0,6.2999997,6.2999997
grid,-62,0,180,0.775,0,5.8799996,0,6.2999997,6.2999997
grid,-62,23,159.64677,0.8266083,0,5.8799996,0,6.2999997,6.2999997
grid,-62,24,158.83875,0.8310385,0,5.8799996,0,6.2999997,6.2999997
grid,-62,25,158.03943,0.8356322,0,5.8799996,0,6.2999997,6.2999997
grid,-62,26,157.24902,0.8403868,0,5.8799996,0,6.2999997,6.2999997
grid,-62,27,156.46765,0.8452995,0,5.8799996,0,6.2999997,6.2999997
grid,-62,28,155.69545,0.85036755,0,5.8799996,0,6.2999997,6.2999997
grid,-62,29,154.93254,0.85558826,0,5.8799996,0,6.2999997,6.2999997
grid,-62,30,154.17902,0.86095876,0,5.8799996,0,6.2999997,6.2999997
grid,-62,31,153.43495,0.86647636,0,5.8799996,0,6.2999997,6.2999997
grid,-62,32,152.70042,0.8721382,0,5.8799996,0,6.2999997,6.2999997
grid,-62,33,151.9755,0.8779415,0,5.8799996,0,6.2999997,6.2999997
grid,-62,34,151.26021,0.8838835,0,5.8799996,0,6.2999997,6.2999997
grid,-62,35,150.55457,0.88996136,0,5.8799996,0,6.2999997,6.2999997
grid,-62,36,149.85861,0.8961724,0,5.8799996,0,6.2999997,6.2999997
grid,-62,37,149.17235,0.9025138,0,5.8799996,0,6.2999997,6.2999997
grid,-62,38,148.49573,0.90898293,0,5.8799996,0,6.2999997,6.2999997
grid,-62,39,147.82878,0.915577,0,5.8799996,0,6.2999997,6.2999997
grid,-62,40,147.17145,0.9222933,0,5.8799996,0,6.2999997,6.2999997
grid,-62,41,146.52371,0.9291293,0,5.8799996,0,6.2999997,6.2999997
grid,-62,42,145.88553,0.9360822,0,5.8799996,0,6.2999997,6.2999997
grid,-62,43,145.25682,0.9431496,0,5.8799996,0,6.2999997,6.2999997
grid,-62,44,144.63754,0.9503289,0,5.8799996,0,6.2999997,6.2999997
grid,-62,45,144.02762,0.95761746,0,5.8799996,0,6.2999997,6.2999997
grid,-62,46,143.42697,0.96501297,0,5.8799996,0,6.2999997,6.2999997
grid,-62,47,142.83553,0.97251284,0,5.8799996,0,6.2999997,6.2999997
grid,-62,48,142.2532,0.98011476,0,5.8799996,0,6.2999997,6.2999997
grid,-62,49,141.67989,0.9878164,0,5.8799996,0,6.2999997,6.2999997
grid,-62,50,141.11551,0.99561536,0,5.8799996,0,6.2999997,6.2999997
grid,-61,-51,219.89784,0.99388754,0,5.8799996,0,6.2999997,6.2999997
grid,-61,-50,219.34053,0.98591644,0,5.8799996,0,6.2999997,6.2999997
grid,-61,-49,218.77419,0.97804016,0,5.8799996,0,6.2999997,6.2999997
grid,-61,-48,218.1987,0.9702609,0,5.8799996,0,6.2999997,6.2999997
grid,-61,-47,217.61397,0.96258116,0,5.8799996,0,6.2999997,6.2999997
grid,-61,-46,217.0199,0.95500326,0,5.8799996,0,6.2999997,6.2999997
grid,-61,-45,216.4164,0.9475297,0,5.8799996,0,6.2999997,6.2999997
grid,-61,-44,215.80336,0.9401629,0,5.8799996,0,6.2999997,6.2999997
grid,-61,-43,215.18071,0.93290544,0,5.8799996,0,6.2999997,6.2999997
grid,-61,-42,214.54837,0.9257598,0,5.8799996,0,6.2999997,6.2999997
grid,-61,-41,213.90628,0.9187287,0,5.8799996,0,6.2999997,6.2999997
grid,-61,-40,213.25438,0.9118148,0,5.8799996,0,6.2999997,6.2999997
grid,-61,-39,212.59259,0.9050207,0,5.8799996,0,6.2999997,6.2999997
grid,-61,-38,211.92088,0.89834917,0,5.8799996,0,6.2999997,6.2999997
grid,-61,-37,211.23923,0.89180297,0,5.8799996,0,6.2999997,6.2999997
grid,-61,-36,210.54759,0.8853848,0,5.8799996,0,6.2999997,6.2999997
grid,-61,-35,209.84595,0.8790975,0,5.8799996,0,6.2999997,6.2999997
grid,-61,-34,209.13431,0.872944,0,5.8799996,0,6.2999997,6.2999997
grid,-61,-33,208.41267,0.866927,0,5.8799996,0,6.2999997,6.2999997
grid,-61,-32,207.68108,0.86104953,0,5.8799996,0,6.2999997,6.2999997
grid,-61,-31,206.93954,0.85531425,0,5.8799996,0,6.2999997,6.2999997
grid,-61,-30,206.18813,0.84972423,0,5.8799996,0,6.2999997,6.2999997
grid,-61,-29,205.4269,0.8442822,0,5.8799996,0,6.2999997,6.2999997
grid,-61,-28,204.65591,0.8389912,0,5.8799996,0,6.2999997,6.2999997
grid,-61,-27,203.87529,0.833854,0,5.8799996,0,6.2999997,6.2999997
grid,-61,-26,203.08514,0.82887346,0,5.8799996,0,6.2999997,6.2999997
grid,-61,-25,202.2856,0.82405245,0,5.8799996,0,6.2999997,6.2999997
grid,-61,-24,201.4768,0.8193938,0,5.8799996,0,6.2999997,6.2999997
grid,-61,-23,200.65892,0.8149003,0,5.8799996,0,6.2999997,6.2999997
grid,-61,0,180,0.7625,0,5.8799996,0,6.2999997,6.2999997
grid,-61,23,159.3411,0.8149003,0,5.8799996,0,6.2999997,6.2999997
grid,-61,24,158.52321,0.8193938,0,5.8799996,0,6.2999997,6.2999997
grid,-61,25,157.71442,0.82405245,0,5.8799996,0,6.2999997,6.2999997
grid,-61,26,156.91487,0.82887346,0,5.8799996,0,6.2999997,6.2999997
grid,-61,27,156.12473,0.833854,0,5.8799996,0,6.2999997,6.2999997
grid,-61,28,155.3441,0.8389912,0,5.8799996,0,6.2999997,6.2999997
grid,-61,29,154.57312,0.8442822,0,5.8799996,0,6.2999997,6.2999997
grid,-61,30,153.81189,0.84972423,0,5.8799996,0,6.2999997,6.2999997
grid,-61,31,153.06047,0.85531425,0,5.8799996,0,6.2999997,6.2999997
grid,-61,32,152.31894,0.86104953,0,5.8799996,0,6.2999997,6.2999997
grid,-61,33,151.58734,0.866927,0,5.8799996,0,6.2999997,6.2999997
grid,-61,34,150.8657,0.872944,0,5.8799996,0,6.2999997,6.2999997
grid,-61,35,150.15407,0.8790975,0,5.8799996,0,6.2999997,6.2999997
grid,-61,36,149.45242,0.8853848,0,5.8799996,0,6.2999997,6.2999997
grid,-61,37,148.76079,0.89180297,0,5.8799996,0,6.2999997,6.2999997
grid,-61,38,148.07913,0.89834917,0,5.8799996,0,6.2999997,6.2999997
grid,-61,39,147.40742,0.9050207,0,5.8799996,0,6.2999997,6.2999997
grid,-61,40,146.74564,0.9118148,0,5.8799996,0,6.2999997,6.2999997
grid,-61,41,146.09373,0.9187287,0,5.8799996,0,6.2999997,6.2999997
grid,-61,42,145.45164,0.9257598,0,5.8799996,0,6.2999997,6.2999997
grid,-61,43,144.8193,0.93290544,0,5.8799996,0,6.2999997,6.2999997
grid,-61,44,144.19666,0.9401629,0,5.8799996,0,6.2999997,6.2999997
grid,-61,45,143.58362,0.9475297,0,5.8799996,0,6.2999997,6.2999997
grid,-61,46,142.98012,0.95500326,0,5.8799996,0,6.2999997,6.2999997
grid,-61,47,142.38605,0.96258116,0,5.8799996,0,6.2999997,6.2999997
grid,-61,48,141.80132,0.9702609,0,5.8799996,0,6.2999997,6.2999997
grid,-61,49,141.22583,0.97804016,0,5.8799996,0,6.2999997,6.2999997
grid,-61,50,140.65948,0.98591644,0,5.8799996,0,6.2999997,6.2999997
grid,-61,51,140.10217,0.99388754,0,5.8799996,0,6.2999997,6.2999997
grid,-60,-52,220.9144,0.99247164,0,5.8799996,0,6.2999997,6.2999997
grid,-60,-51,220.36455,0.98433036,0,5.8799996,0,6.2999997,6.2999997
grid,-60,-50,219.80559,0.9762812,0,5.8799996,0,6.2999997,6.2999997
grid,-60,-49,219.23738,0.9683265,0,5.8799996,0,6.2999997,6.2999997
grid,-60,-48,218.65982,0.96046865,0,5.8799996,0,6.2999997,6.2999997
grid,-60,-47,218.0728,0.9527099,0,5.8799996,0,6.2999997,6.2999997
grid,-60,-46,217.4762,0.9450529,0,5.8799996,0,6.2999997,6.2999997
grid,-60,-45,216.86992,0.9375,0,5.8799996,0,6.2999997,6.2999997
grid,-60,-44,216.25385,0.9300538,0,5.8799996,0,6.2999997,6.2999997
grid,-60,-43,215.62793,0.9227168,0,5.8799996,0,6.2999997,6.2999997
grid,-60,-42,214.99203,0.91549164,0,5.8799996,0,6.2999997,6.2999997
grid,-60,-41,214.3461,0.9083811,0,5.8799996,0,6.2999997,6.2999997
grid,-60,-40,213.69008,0.9013878,0,5.8799996,0,6.2999997,6.2999997
grid,-60,-39,213.02388,0.8945145,0,5.8799996,0,6.2999997,6.2999997
grid,-60,-38,212.34746,0.88776404,0,5.8799996,0,6.2999997,6.2999997
grid,-60,-37,211.66077,0.8811392,0,5.8799996,0,6.2999997,6.2999997
grid,-60,-36,210.96378,0.8746428,0,5.8799996,0,6.2999997,6.2999997
grid,-60,-35,210.25645,0.8682777,0,5.8799996,0,6.2999997,6.2999997
grid,-60,-34,209.5388,0.862047,0,5.8799996,0,6.2999997,6.2999997
grid,-60,-33,208.8108,0.8559534,0,5.8799996,0,6.2999997,6.2999997
grid,-60,-32,208.0725,0.85,0,5.8799996,0,6.2999997,6.2999997
grid,-60,-31,207.32391,0.8441897,0,5.8799996,0,6.2999997,6.2999997
grid,-60,-30,206.56506,0.8385255,0,5.8799996,0,6.2999997,6.2999997
grid,-60,-29,205.79604,0.8330104,0,5.8799996,0,6.2999997,6.2999997
grid,-60,-28,205.0169,0.82764727,0,5.8799996,0,6.2999997,6.2999997
grid,-60,-27,204.22775,0.8224392,0,5.8799996,0,6.2999997,6.2999997
grid,-60,-26,203.42871,0.81738913,0,5.8799996,0,6.2999997,6.2999997
grid,-60,-25,202.61987,0.8125,0,5.8799996,0,6.2999997,6.2999997
grid,-60,-24,201.80142,0.8077747,0,5.8799996,0,6.2999997,6.2999997
grid,-60,-23,200.97351,0.8032162,0,5.8799996,0,6.2999997,6.2999997
grid,-60,0,180,0.75,0,5.8799996,0,6.2999997,6.2999997
grid,-60,23,159.0265,0.8032162,0,5.8799996,0,6.2999997,6.2999997
grid,-60,24,158.1986,0.8077747,0,5.8799996,0,6.2999997,6.2999997
grid,-60,25,157.38014,0.8125,0,5.8799996,0,6.2999997,6.2999997
grid,-60,26,156.5713,0.81738913,0,5.8799996,0,6.2999997,6.2999997
grid,-60,27,155.77226,0.8224392,0,5.8799996,0,6.2999997,6.2999997
grid,-60,28,154.98311,0.82764727,0,5.8799996,0,6.2999997,6.2999997
grid,-60,29,154.20398,0.8330104,0,5.8799996,0,6.2999997,6.2999997
grid,-60,30,153.43495,0.8385255,0,5.8799996,0,6.2999997,6.2999997
grid,-60,31,152.6761,0.8441897,0,5.8799996,0,6.2999997,6.2999997
grid,-60,32,151.92752,0.85,0,5.8799996,0,6.2999997,6.2999997
grid,-60,33,151.18921,0.8559534,0,5.8799996,0,6.2999997,6.2999997
grid,-60,34,150.46121,0.862047,0,5.8799996,0,6.2999997,6.2999997
grid,-60,35,149.74356,0.8682777,0,5.8799996,0,6.2999997,6.2999997
grid,-60,36,149.03624,0.8746428,0,5.8799996,0,6.2999997,6.2999997
grid,-60,37,148.33925,0.8811392,0,5.8799996,0,6.2999997,6.2999997
grid,-60,38,147.65256,0.88776404,0,5.8799996,0,6.2999997,6.2999997
grid,-60,39,146.97614,0.8945145,0,5.8799996,0,6.2999997,6.2999997
grid,-60,40,146.30994,0.9013878,0,5.8799996,0,6.2999997,6.2999997
grid,-60,41,145.65392,0.9083811,0,5.8799996,0,6.2999997,6.2999997
grid,-60,42,145.00798,0.91549164,0,5.8799996,0,6.2999997,6.2999997
grid,-60,43,144.37209,0.9227168,0,5.8799996,0,6.2999997,6.2999997
grid,-60,44,143.74617,0.9300538,0,5.8799996,0,6.2999997,6.2999997
grid,-60,45,143.1301,0.9375,0,5.8799996,0,6.2999997,6.2999997
grid,-60,46,142.52382,0.9450529,0,5.8799996,0,6.2999997,6.2999997
grid,-60,47,141.92722,0.9527099,0,5.8799996,0,6.2999997,6.2999997
grid,-60,48,141.3402,0.96046865,0,5.8799996,0,6.2999997,6.2999997
grid,-60,49,140.76263,0.9683265,0,5.8799996,0,6.2999997,6.2999997
grid,-60,50,140.19443,0.9762812,0,5.8799996,0,6.2999997,6.2999997
grid,-60,51,139.63547,0.98433036,0,5.8799996,0,6.2999997,6.2999997
grid,-60,52,139.08562,0.99247164,0,5.8799996,0,6.2999997,6.2999997
grid,-59,-54,222.46645,0.99976563,0,5.8799996,0,6.2999997,6.2999997
grid,-59,-53,221.93353,0.991369,0,5.8799996,0,6.2999997,6.2999997
grid,-59,-52,221.39154,0.98305964,0,5.8799996,0,6.2999997,6.2999997
grid,-59,-51,220.84038,0.97483975,0,5.8799996,0,6.2999997,6.2999997
grid,-59,-50,220.27988,0.9667116,0,5.8799996,0,6.2999997,6.2999997
grid,-59,-49,219.70993,0.9586775,0,5.8799996,0,6.2999997,6.2999997
grid,-59,-48,219.1304,0.95073986,0,5.8799996,0,6.2999997,6.2999997
grid,-59,-47,218.5412,0.94290113,0,5.8799996,0,6.2999997,6.2999997
grid,-59,-46,217.94215,0.93516374,0,5.8799996,0,6.2999997,6.2999997
grid,-59,-45,217.3332,0.92753035,0,5.8799996,0,6.2999997,6.2999997
grid,-59,-44,216.71422,0.9200034,0,5.8799996,0,6.2999997,6.2999997
grid,-59,-43,216.08508,0.9125856,0,5.8799996,0,6.2999997,6.2999997
grid,-59,-42,215.44572,0.90527964,0,5.8799996,0,6.2999997,6.2999997
grid,-59,-41,214.79604,0.8980883,0,5.8799996,0,6.2999997,6.2999997
grid,-59,-40,214.13596,0.89101416,0,5.8799996,0,6.2999997,6.2999997
grid,-59,-39,213.4654,0.88406026,0,5.8799996,0,6.2999997,6.2999997
grid,-59,-38,212.78429,0.8772293,0,5.8799996,0,6.2999997,6.2999997
grid,-59,-37,212.0926,0.8705243,0,5.8799996,0,6.2999997,6.2999997
grid,-59,-36,211.39029,0.86394805,0,5.8799996,0,6.2999997,6.2999997
grid,-59,-35,210.67729,0.85750365,0,5.8799996,0,6.2999997,6.2999997
grid,-59,-34,209.95363,0.851194,0,5.8799996,0,6.2999997,6.2999997
grid,-59,-33,209.21925,0.8450222,0,5.8799996,0,6.2999997,6.2999997
grid,-59,-32,208.47421,0.8389912,0,5.8799996,0,6.2999997,6.2999997
grid,-59,-31,207.7185,0.83310413,0,5.8799996,0,6.2999997,6.2999997
grid,-59,-30,206.9522,0.827364,0,5.8799996,0,6.2999997,6.2999997
grid,-59,-29,206.1753,0.821774,0,5.8799996,0,6.2999997,6.2999997
grid,-59,-28,205.38791,0.8163371,0,5.8799996,0,6.2999997,6.2999997
grid,-59,-27,204.59012,0.81105644,0,5.8799996,0,6.2999997,6.2999997
grid,-59,-26,203.78204,0.805935,0,5.8799996,0,6.2999997,6.2999997
grid,-59,-25,202.96379,0.800976,0,5.8799996,0,6.2999997,6.2999997
grid,-59,-24,202.1355,0.7961823,0,5.8799996,0,6.2999997,6.2999997
grid,-59,-23,201.29736,0.791557,0,5.8799996,0,6.2999997,6.2999997
grid,-59,0,180,0.7375,0,5.8799996,0,6.2999997,6.2999997
grid,-59,23,158.70264,0.791557,0,5.8799996,0,6.2999997,6.2999997
grid,-59,24,157.86452,0.7961823,0,5.8799996,0,6.2999997,6.2999997
grid,-59,25,157.03622,0.800976,0,5.8799996,0,6.2999997,6.2999997
grid,-59,26,156.21797,0.805935,0,5.8799996,0,6.2999997,6.2999997
grid,-59,27,155.4099,0.81105644,0,5.8799996,0,6.2999997,6.2999997
grid,-59,28,154.61209,0.8163371,0,5.8799996,0,6.2999997,6.2999997
grid,-59,29,153.8247,0.821774,0,5.8799996,0,6.2999997,6.2999997
grid,-59,30,153.04782,0.827364,0,5.8799996,0,6.2999997,6.2999997
grid,-59,31,152.2815,0.83310413,0,5.8799996,0,6.2999997,6.2999997
grid,-59,32,151.5258,0.8389912,0,5.8799996,0,6.2999997,6.2999997
grid,-59,33,150.78076,0.8450222,0,5.8799996,0,6.2999997,6.2999997
grid,-59,34,150.04639,0.851194,0,5.8799996,0,6.2999997,6.2999997
grid,-59,35,149.32272,0.85750365,0,5.8799996,0,6.2999997,6.2999997
grid,-59,36,148.60973,0.86394805,0,5.8799996,0,6.2999997,6.2999997
grid,-59,37,147.90741,0.8705243,0,5.8799996,0,6.2999997,6.2999997
grid,-59,38,147.21573,0.8772293,0,5.8799996,0,6.2999997,6.2999997
grid,-59,39,146.53462,0.88406026,0,5.8799996,0,6.2999997,6.2999997
grid,-59,40,145.86406,0.89101416,0,5.8799996,0,6.2999997,6.2999997
grid,-59,41,145.20398,0.8980883,0,5.8799996,0,6.2999997,6.2999997
grid,-59,42,144.55429,0.90527964,0,5.8799996,0,6.2999997,6.2999997
grid,-59,43,143.91493,0.9125856,0,5.8799996,0,6.2999997,6.2999997
grid,-59,44,143.2858,0.9200034,0,5.8799996,0,6.2999997,6.2999997
grid,-59,45,142.66681,0.92753035,0,5.8799996,0,6.2999997,6.2999997
grid,-59,46,142.05786,0.93516374,0,5.8799996,0,6.2999997,6.2999997
grid,-59,47,141.45882,0.94290113,0,5.8799996,0,6.2999997,6.2999997
grid,-59,48,140.86961,0.95073986,0,5.8799996,0,6.2999997,6.2999997
grid,-59,49,140.29008,0.9586775,0,5.8799996,0,6.2999997,6.2999997
grid,-59,50,139.72014,0.9667116,0,5.8799996,0,6.2999997,6.2999997
grid,-59,51,139.15964,0.97483975,0,5.8799996,0,6.2999997,6.2999997
grid,-59,52,138.60847,0.98305964,0,5.8799996,0,6.2999997,6.2999997
grid,-59,53,138.06648,0.991369,0,5.8799996,0,6.2999997,6.2999997
grid,-59,54,137.53357,0.99976563,0,5.8799996,0,6.2999997,6.2999997
grid,-58,-55,223.47925,0.99914026,0,5.8799996,0,6.2999997,6.2999997
grid,-58,-54,222.9546,0.9905807,0,5.8799996,0,6.2999997,6.2999997
grid,-58,-53,222.42087,0.98210555,0,5.8799996,0,6.2999997,6.2999997
grid,-58,-52,221.87788,0.9737171,0,5.8799996,0,6.2999997,6.2999997
grid,-58,-51,221.3255,0.9654177,0,5.8799996,0,6.2999997,6.2999997
grid,-58,-50,220.76361,0.9572095,0,5.8799996,0,6.2999997,6.2999997
grid,-58,-49,220.19206,0.94909495,0,5.8799996,0,6.2999997,6.2999997
grid,-58,-48,219.6107,0.9410765,0,5.8799996,0,6.2999997,6.2999997
grid,-58,-47,219.01941,0.9331566,0,5.8799996,0,6.2999997,6.2999997
grid,-58,-46,218.41806,0.9253378,0,5.8799996,0,6.2999997,6.2999997
grid,-58,-45,217.80653,0.9176226,0,5.8799996,0,6.2999997,6.2999997
grid,-58,-44,217.18472,0.9100138,0,5.8799996,0,6.2999997,6.2999997
grid,-58,-43,216.55249,0.9025139,0,5.8799996,0,6.2999997,6.2999997
grid,-58,-42,215.90974,0.8951257,0,5.8799996,0,6.2999997,6.2999997
grid,-58,-41,215.25636,0.8878521,0,5.8799996,0,6.2999997,6.2999997
grid,-58,-40,214.5923,0.88069576,0,5.8799996,0,6.2999997,6.2999997
grid,-58,-39,213.91745,0.87365973,0,5.8799996,0,6.2999997,6.2999997
grid,-58,-38,213.23172,0.8667468,0,5.8799996,0,6.2999997,6.2999997
grid,-58,-37,212.53508,0.85996,0,5.8799996,0,6.2999997,6.2999997
grid,-58,-36,211.82745,0.8533024,0,5.8799996,0,6.2999997,6.2999997
grid,-58,-35,211.10883,0.846777,0,5.8799996,0,6.2999997,6.2999997
grid,-58,-34,210.37915,0.84038687,0,5.8799996,0,6.2999997,6.2999997
grid,-58,-33,209.6384,0.83413506,0,5.8799996,0,6.2999997,6.2999997
grid,-58,-32,208.8866,0.8280248,0,5.8799996,0,6.2999997,6.2999997
grid,-58,-31,208.12375,0.8220592,0,5.8799996,0,6.2999997,6.2999997
grid,-58,-30,207.34988,0.81624144,0,5.8799996,0,6.2999997,6.2999997
grid,-58,-29,206.56506,0.81057465,0,5.8799996,0,6.2999997,6.2999997
grid,-58,-28,205.76935,0.8050621,0,5.8799996,0,6.2999997,6.2999997
grid,-58,-27,204.9628,0.799707,0,5.8799996,0,6.2999997,6.2999997
grid,-58,-26,204.14554,0.79451245,0,5.8799996,0,6.2999997,6.2999997
grid,-58,-25,203.31772,0.78948164,0,5.8799996,0,6.2999997,6.2999997
grid,-58,-24,202.47945,0.7846178,0,5.8799996,0,6.2999997,6.2999997
grid,-58,-23,201.6309,0.7799239,0,5.8799996,0,6.2999997,6.2999997
grid,-58,0,180,0.725,0,5.8799996,0,6.2999997,6.2999997
grid,-58,23,158.36911,0.7799239,0,5.8799996,0,6.2999997,6.2999997
grid,-58,24,157.52057,0.7846178,0,5.8799996,0,6.2999997,6.2999997
grid,-58,25,156.6823,0.78948164,0,5.8799996,0,6.2999997,6.2999997
grid,-58,26,155.85446,0.79451245,0,5.8799996,0,6.2999997,6.2999997
grid,-58,27,155.03722,0.799707,0,5.8799996,0,6.2999997,6.2999997
grid,-58,28,154.23067,0.8050621,0,5.8799996,0,6.2999997,6.2999997
grid,-58,29,153.43495,0.81057465,0,5.8799996,0,6.2999997,6.2999997
grid,-58,30,152.65013,0.81624144,0,5.8799996,0,6.2999997,6.2999997
grid,-58,31,151.87627,0.8220592,0,5.8799996,0,6.2999997,6.2999997
grid,-58,32,151.11342,0.8280248,0,5.8799996,0,6.2999997,6.2999997
grid,-58,33,150.36162,0.83413506,0,5.8799996,0,6.2999997,6.2999997
grid,-58,34,149.62086,0.84038687,0,5.8799996,0,6.2999997,6.2999997
grid,-58,35,148.89119,0.846777,0,5.8799996,0,6.2999997,6.2999997
grid,-58,36,148.17256,0.8533024,0,5.8799996,0,6.2999997,6.2999997
grid,-58,37,147.46494,0.85996,0,5.8799996,0,6.2999997,6.2999997
grid,-58,38,146.7683,0.8667468,0,5.8799996,0,6.2999997,6.2999997
grid,-58,39,146.08257,0.87365973,0,5.8799996,0,6.2999997,6.2999997
grid,-58,40,145.40771,0.88069576,0,5.8799996,0,6.2999997,6.2999997
grid,-58,41,144.74365,0.8878521,0,5.8799996,0,6.2999997,6.2999997
grid,-58,42,144.09027,0.8951257,0,5.8799996,0,6.2999997,6.2999997
grid,-58,43,143.44753,0.9025139,0,5.8799996,0,6.2999997,6.2999997
grid,-58,44,142.81529,0.9100138,0,5.8799996,0,6.2999997,6.2999997
grid,-58,45,142.19348,0.9176226,0,5.8799996,0,6.2999997,6.2999997
grid,-58,46,141.58195,0.9253378,0,5.8799996,0,6.2999997,6.2999997
grid,-58,47,140.98059,0.9331566,0,5.8799996,0,6.2999997,6.2999997
grid,-58,48,140.38931,0.9410765,0,5.8799996,0,6.2999997,6.2999997
grid,-58,49,139.80795,0.94909495,0,5.8799996,0,6.2999997,6.2999997
grid,-58,50,139.2364,0.9572095,0,5.8799996,0,6.2999997,6.2999997
grid,-58,51,138.6745,0.9654177,0,5.8799996,0,6.2999997,6.2999997
grid,-58,52,138.12213,0.9737171,0,5.8799996,0,6.2999997,6.2999997
grid,-58,53,137.57915,0.98210555,0,5.8799996,0,6.2999997,6.2999997
grid,-58,54,137.04541,0.9905807,0,5.8799996,0,6.2999997,6.2999997
grid,-58,55,136.52077,0.99914026,0,5.8799996,0,6.2999997,6.2999997
grid,-57,-56,224.49298,0.9988274,0,5.8799996,0,6.2999997,6.2999997
grid,-57,-55,223.97699,0.9901073,0,5.8799996,0,6.2999997,6.2999997
grid,-57,-54,223.45186,0.9814689,0,5.8799996,0,6.2999997,6.2999997
grid,-57,-53,222.91745,0.97291446,0,5.8799996,0,6.2999997,6.2999997
grid,-57,-52,222.3736,0.96444607,0,5.8799996,0,6.2999997,6.2999997
grid,-57,-51,221.82018,0.95606613,0,5.8799996,0,6.2999997,6.2999997
grid,-57,-50,221.25703,0.947777,0,5.8799996,0,6.2999997,6.2999997
grid,-57,-49,220.68399,0.93958104,0,5.8799996,0,6.2999997,6.2999997
grid,-57,-48,220.10092,0.93148065,0,5.8799996,0,6.2999997,6.2999997
grid,-57,-47,219.50769,0.9234784,0,5.8799996,0,6.2999997,6.2999997
grid,-57,-46,218.90414,0.915577,0,5.8799996,0,6.2999997,6.2999997
grid,-57,-45,218.29018,0.90777886,0,5.8799996,0,6.2999997,6.2999997
grid,-57,-44,217.66563,0.90008676,0,5.8799996,0,6.2999997,6.2999997
grid,-57,-43,217.0304,0.8925035,0,5.8799996,0,6.2999997,6.2999997
grid,-57,-42,216.38437,0.88503176,0,5.8799996,0,6.2999997,6.2999997
grid,-57,-41,215.72742,0.87767446,0,5.8799996,0,6.2999997,6.2999997
grid,-57,-40,215.05943,0.8704345,0,5.8799996,0,6.2999997,6.2999997
grid,-57,-39,214.38036,0.8633148,0,5.8799996,0,6.2999997,6.2999997
grid,-57,-38,213.69008,0.8563184,0,5.8799996,0,6.2999997,6.2999997
grid,-57,-37,212.98854,0.8494484,0,5.8799996,0,6.2999997,6.2999997
grid,-57,-36,212.27565,0.84270763,0,5.8799996,0,6.2999997,6.2999997
grid,-57,-35,211.55139,0.83609957,0,5.8799996,0,6.2999997,6.2999997
grid,-57,-34,210.81572,0.82962716,0,5.8799996,0,6.2999997,6.2999997
grid,-57,-33,210.06859,0.8232937,0,5.8799996,0,6.2999997,6.2999997
grid,-57,-32,209.31001,0.8171024,0,5.8799996,0,6.2999997,6.2999997
grid,-57,-31,208.54,0.8110564,0,5.8799996,0,6.2999997,6.2999997
grid,-57,-30,207.75854,0.80515915,0,5.8799996,0,6.2999997,6.2999997
grid,-57,-29,206.96573,0.7994138,0,5.8799996,0,6.2999997,6.2999997
grid,-57,-28,206.16158,0.7938238,0,5.8799996,0,6.2999997,6.2999997
grid,-57,-27,205.34618,0.78839236,0,5.8799996,0,6.2999997,6.2999997
grid,-57,-26,204.51965,0.7831227,0,5.8799996,0,6.2999997,6.2999997
grid,-57,-25,203.6821,0.7780183,0,5.8799996,0,6.2999997,6.2999997
grid,-57,-24,202.83366,0.7730823,0,5.8799996,0,6.2999997,6.2999997
grid,-57,-23,201.97452,0.76831794,0,5.8799996,0,6.2999997,6.2999997
grid,-57,0,180,0.7125,0,5.8799996,0,6.2999997,6.2999997
grid,-57,23,158.0255,0.76831794,0,5.8799996,0,6.2999997,6.2999997
grid,-57,24,157.16634,0.7730823,0,5.8799996,0,6.2999997,6.2999997
grid,-57,25,156.31792,0.7780183,0,5.8799996,0,6.2999997,6.2999997
grid,-57,26,155.48036,0.7831227,0,5.8799996,0,6.2999997,6.2999997
grid,-57,27,154.65382,0.78839236,0,5.8799996,0,6.2999997,6.2999997
grid,-57,28,153.83844,0.7938238,0,5.8799996,0,6.2999997,6.2999997
grid,-57,29,153.03429,0.7994138,0,5.8799996,0,6.2999997,6.2999997
grid,-57,30,152.24146,0.80515915,0,5.8799996,0,6.2999997,6.2999997
grid,-57,31,151.46002,0.8110564,0,5.8799996,0,6.2999997,6.2999997
grid,-57,32,150.69,0.8171024,0,5.8799996,0,6.2999997,6.2999997
grid,-57,33,149.93143,0.8232937,0,5.8799996,0,6.2999997,6.2999997
grid,-57,34,149.1843,0.82962716,0,5.8799996,0,6.2999997,6.2999997
grid,-57,35,148.44862,0.83609957,0,5.8799996,0,6.2999997,6.2999997
grid,-57,36,147.72437,0.84270763,0,5.8799996,0,6.2999997,6.2999997
grid,-57,37,147.01147,0.8494484,0,5.8799996,0,6.2999997,6.2999997
grid,-57,38,146.30994,0.8563184,0,5.8799996,0,6.2999997,6.2999997
grid,-57,39,145.61966,0.8633148,0,5.8799996,0,6.2999997,6.2999997
grid,-57,40,144.94058,0.8704345,0,5.8799996,0,6.2999997,6.2999997
grid,-57,41,144.2726,0.87767446,0,5.8799996,0,6.2999997,6.2999997
grid,-57,42,143.61565,0.88503176,0,5.8799996,0,6.2999997,6.2999997
grid,-57,43,142.96962,0.8925035,0,5.8799996,0,6.2999997,6.2999997
grid,-57,44,142.33438,0.90008676,0,5.8799996,0,6.2999997,6.2999997
grid,-57,45,141.70984,0.90777886,0,5.8799996,0,6.2999997,6.2999997
grid,-57,46,141.09587,0.915577,0,5.8799996,0,6.2999997,6.2999997
grid,-57,47,140.49232,0.9234784,0,5.8799996,0,6.2999997,6.2999997
grid,-57,48,139.8991,0.93148065,0,5.8799996,0,6.2999997,6.2999997
grid,-57,49,139.31602,0.93958104,0,5.8799996,0,6.2999997,6.2999997
grid,-57,50,138.74298,0.947777,0,5.8799996,0,6.2999997,6.2999997
grid,-57,51,138.17984,0.95606613,0,5.8799996,0,6.2999997,6.2999997
grid,-57,52,137.62642,0.96444607,0,5.8799996,0,6.2999997,6.2999997
grid,-57,53,137.08257,0.97291446,0,5.8799996,0,6.2999997,6.2999997
grid,-57,54,136.54816,0.9814689,0,5.8799996,0,6.2999997,6.2999997
grid,-57,55,136.02303,0.9901073,0,5.8799996,0,6.2999997,6.2999997
grid,-57,56,135.50703,0.9988274,0,5.8799996,0,6.2999997,6.2999997
grid,-56,-57,225.50705,0.9988274,0,5.8799996,0,6.2999997,6.2999997
grid,-56,-56,225.00002,0.98994946,0,5.8799996,0,6.2999997,6.2999997
grid,-56,-55,224.48386,0.98115045,0,5.8799996,0,6.2999997,6.2999997
grid,-56,-54,223.95837,0.9724325,0,5.8799996,0,6.2999997,6.2999997
grid,-56,-53,223.42346,0.9637978,0,5.8799996,0,6.2999997,6.2999997
grid,-56,-52,222.8789,0.9552486,0,5.8799996,0,6.2999997,6.2999997
grid,-56,-51,222.32458,0.9467873,0,5.8799996,0,6.2999997,6.2999997
grid,-56,-50,221.76031,0.93841624,0,5.8799996,0,6.2999997,6.2999997
grid,-56,-49,221.18594,0.93013775,0,5.8799996,0,6.2999997,6.2999997
grid,-56,-48,220.60132,0.92195445,0,5.8799996,0,6.2999997,6.2999997
grid,-56,-47,220.00627,0.9138688,0,5.8799996,0,6.2999997,6.2999997
grid,-56,-46,219.40068,0.9058835,0,5.8799996,0,6.2999997,6.2999997
grid,-56,-45,218.78438,0.89800125,0,5.8799996,0,6.2999997,6.2999997
grid,-56,-44,218.15724,0.8902247,0,5.8799996,0,6.2999997,6.2999997
grid,-56,-43,217.51912,0.8825566,0,5.8799996,0,6.2999997,6.2999997
grid,-56,-42,216.86992,0.87499994,0,5.8799996,0,6.2999997,6.2999997
grid,-56,-41,216.20946,0.86755764,0,5.8799996,0,6.2999997,6.2999997
grid,-56,-40,215.53769,0.86023253,0,5.8799996,0,6.2999997,6.2999997
grid,-56,-39,214.85446,0.8530277,0,5.8799996,0,6.2999997,6.2999997
grid,-56,-38,214.15971,0.8459462,0,5.8799996,0,6.2999997,6.2999997
grid,-56,-37,213.45332,0.8389912,0,5.8799996,0,6.2999997,6.2999997
grid,-56,-36,212.73523,0.83216584,0,5.8799996,0,6.2999997,6.2999997
grid,-56,-35,212.0054,0.82547337,0,5.8799996,0,6.2999997,6.2999997
grid,-56,-34,211.26375,0.818917,0,5.8799996,0,6.2999997,6.2999997
grid,-56,-33,210.51024,0.8125,0,5.8799996,0,6.2999997,6.2999997
grid,-56,-32,209.74489,0.8062258,0,5.8799996,0,6.2999997,6.2999997
grid,-56,-31,208.96767,0.80009764,0,5.8799996,0,6.2999997,6.2999997
grid,-56,-30,208.17859,0.794119,0,5.8799996,0,6.2999997,6.2999997
grid,-56,-29,207.37772,0.78829324,0,5.8799996,0,6.2999997,6.2999997
grid,-56,-28,206.56506,0.78262377,0,5.8799996,0,6.2999997,6.2999997
grid,-56,-27,205.74072,0.77711403,0,5.8799996,0,6.2999997,6.2999997
grid,-56,-26,204.90477,0.77176744,0,5.8799996,0,6.2999997,6.2999997
grid,-56,-25,204.05736,0.76658744,0,5.8799996,0,6.2999997,6.2999997
grid,-56,-24,203.19861,0.7615773,0,5.8799996,0,6.2999997,6.2999997
grid,-56,-23,202.32867,0.7567405,0,5.8799996,0,6.2999997,6.2999997
grid,-56,0,180,0.7,0,5.8799996,0,6.2999997,6.2999997
grid,-56,23,157.67134,0.7567405,0,5.8799996,0,6.2999997,6.2999997
grid,-56,24,156.8014,0.7615773,0,5.8799996,0,6.2999997,6.2999997
grid,-56,25,155.94266,0.76658744,0,5.8799996,0,6.2999997,6.2999997
grid,-56,26,155.09525,0.77176744,0,5.8799996,0,6.2999997,6.2999997
grid,-56,27,154.2593,0.77711403,0,5.8799996,0,6.2999997,6.2999997
grid,-56,28,153.43495,0.78262377,0,5.8799996,0,6.2999997,6.2999997
grid,-56,29,152.6223,0.78829324,0,5.8799996,0,6.2999997,6.2999997
grid,-56,30,151.82143,0.794119,0,5.8799996,0,6.2999997,6.2999997
grid,-56,31,151.03235,0.80009764,0,5.8799996,0,6.2999997,6.2999997
grid,-56,32,150.25513,0.8062258,0,5.8799996,0,6.2999997,6.2999997
grid,-56,33,149.48978,0.8125,0,5.8799996,0,6.2999997,6.2999997
grid,-56,34,148.73627,0.818917,0,5.8799996,0,6.2999997,6.2999997
grid,-56,35,147.99461,0.82547337,0,5.8799996,0,6.2999997,6.2999997
grid,-56,36,147.26479,0.83216584,0,5.8799996,0,6.2999997,6.2999997
grid,-56,37,146.54669,0.8389912,0,5.8799996,0,6.2999997,6.2999997
grid,-56,38,145.8403,0.8459462,0,5.8799996,0,6.2999997,6.2999997
grid,-56,39,145.14555,0.8530277,0,5.8799996,0,6.2999997,6.2999997
grid,-56,40,144.46233,0.86023253,0,5.8799996,0,6.2999997,6.2999997
grid,-56,41,143.79056,0.86755764,0,5.8799996,0,6.2999997,6.2999997
grid,-56,42,143.1301,0.87499994,0,5.8799996,0,6.2999997,6.2999997
grid,-56,43,142.4809,0.8825566,0,5.8799996,0,6.2999997,6.2999997
grid,-56,44,141.84277,0.8902247,0,5.8799996,0,6.2999997,6.2999997
grid,-56,45,141.21564,0.89800125,0,5.8799996,0,6.2999997,6.2999997
grid,-56,46,140.59933,0.9058835,0,5.8799996,0,6.2999997,6.2999997
grid,-56,47,139.99374,0.9138688,0,5.8799996,0,6.2999997,6.2999997
grid,-56,48,139.3987,0.92195445,0,5.8799996,0,6.2999997,6.2999997
grid,-56,49,138.81407,0.93013775,0,5.8799996,0,6.2999997,6.2999997
grid,-56,50,138.2397,0.93841624,0,5.8799996,0,6.2999997,6.2999997
grid,-56,51,137.67543,0.9467873,0,5.8799996,0,6.2999997,6.2999997
grid,-56,52,137.12111,0.9552486,0,5.8799996,0,6.2999997,6.2999997
grid,-56,53,136.57655,0.9637978,0,5.8799996,0,6.2999997,6.2999997
grid,-56,54,136.04163,0.9724325,0,5.8799996,0,6.2999997,6.2999997
grid,-56,55,135.51616,0.98115045,0,5.8799996,0,6.2999997,6.2999997
grid,-56,56,135,0.98994946,0,5.8799996,0,6.2999997,6.2999997
grid,-56,57,134.49297,0.9988274,0,5.8799996,0,6.2999997,6.2999997
grid,-55,-58,226.52078,0.99914026,0,5.8799996,0,6.2999997,6.2999997
grid,-55,-57,226.02304,0.9901073,0,5.8799996,0,6.2999997,6.2999997
grid,-55,-56,225.51617,0.98115045,0,5.8799996,0,6.2999997,6.2999997
grid,-55,-55,225.00002,0.9722718,0,5.8799996,0,6.2999997,6.2999997
grid,-55,-54,224.47438,0.96347356,0,5.8799996,0,6.2999997,6.2999997
grid,-55,-53,223.9391,0.95475787,0,5.8799996,0,6.2999997,6.2999997
grid,-55,-52,223.39401,0.94612694,0,5.8799996,0,6.2999997,6.2999997
grid,-55,-51,222.83893,0.9375833,0,5.8799996,0,6.2999997,6.2999997
grid,-55,-50,222.2737,0.9291293,0,5.8799996,0,6.2999997,6.2999997
grid,-55,-49,221.69815,0.92076737,0,5.8799996,0,6.2999997,6.2999997
grid,-55,-48,221.1121,0.9125,0,5.8799996,0,6.2999997,6.2999997
grid,-55,-47,220.51541,0.90432984,0,5.8799996,0,6.2999997,6.2999997
grid,-55,-46,219.9079,0.8962596,0,5.8799996,0,6.2999997,6.2999997
grid,-55,-45,219.28941,0.8882919,0,5.8799996,0,6.2999997,6.2999997
grid,-55,-44,218.65982,0.88042957,0,5.8799996,0,6.2999997,6.2999997
grid,-55,-43,218.01895,0.8726755,0,5.8799996,0,6.2999997,6.2999997
grid,-55,-42,217.36668,0.8650325,0,5.8799996,0,6.2999997,6.2999997
grid,-55,-41,216.70287,0.8575036,0,5.8799996,0,6.2999997,6.2999997
grid,-55,-40,216.02739,0.85009193,0,5.8799996,0,6.2999997,6.2999997
grid,-55,-39,215.34012,0.8428004,0,5.8799996,0,6.2999997,6.2999997
grid,-55,-38,214.64096,0.8356322,0,5.8799996,0,6.2999997,6.2999997
grid,-55,-37,213.92981,0.8285907,0,5.8799996,0,6.2999997,6.2999997
grid,-55,-36,213.20659,0.82167894,0,5.8799996,0,6.2999997,6.2999997
grid,-55,-35,212.4712,0.8149003,0,5.8799996,0,6.2999997,6.2999997
grid,-55,-34,211.72362,0.8082582,0,5.8799996,0,6.2999997,6.2999997
grid,-55,-33,210.96378,0.8017559,0,5.8799996,0,6.2999997,6.2999997
grid,-55,-32,210.19164,0.7953969,0,5.8799996,0,6.2999997,6.2999997
grid,-55,-31,209.4072,0.7891847,0,5.8799996,0,6.2999997,6.2999997
grid,-55,-30,208.61047,0.7831228,0,5.8799996,0,6.2999997,6.2999997
grid,-55,-29,207.80147,0.7772146,0,5.8799996,0,6.2999997,6.2999997
grid,-55,-28,206.98024,0.7714637,0,5.8799996,0,6.2999997,6.2999997
grid,-55,-27,206.14687,0.7658737,0,5.8799996,0,6.2999997,6.2999997
grid,-55,-26,205.30139,0.76044804,0,5.8799996,0,6.2999997,6.2999997
grid,-55,-25,204.44397,0.7551904,0,5.8799996,0,6.2999997,6.2999997
grid,-55,-24,203.57472,0.7501042,0,5.8799996,0,6.2999997,6.2999997
grid,-55,-23,202.6938,0.74519295,0,5.8799996,0,6.2999997,6.2999997
grid,-55,0,180,0.6875,0,5.8799996,0,6.2999997,6.2999997
grid,-55,23,157.30621,0.74519295,0,5.8799996,0,6.2999997,6.2999997
grid,-55,24,156.4253,0.7501042,0,5.8799996,0,6.2999997,6.2999997
grid,-55,25,155.55605,0.7551904,0,5.8799996,0,6.2999997,6.2999997
grid,-55,26,154.69862,0.76044804,0,5.8799996,0,6.2999997,6.2999997
grid,-55,27,153.85315,0.7658737,0,5.8799996,0,6.2999997,6.2999997
grid,-55,28,153.01978,0.7714637,0,5.8799996,0,6.2999997,6.2999997
grid,-55,29,152.19855,0.7772146,0,5.8799996,0,6.2999997,6.2999997
grid,-55,30,151.38954,0.7831228,0,5.8799996,0,6.2999997,6.2999997
grid,-55,31,150.59282,0.7891847,0,5.8799996,0,6.2999997,6.2999997
grid,-55,32,149.80838,0.7953969,0,5.8799996,0,6.2999997,6.2999997
grid,-55,33,149.03624,0.8017559,0,5.8799996,0,6.2999997,6.2999997
grid,-55,34,148.2764,0.8082582,0,5.8799996,0,6.2999997,6.2999997
grid,-55,35,147.52881,0.8149003,0,5.8799996,0,6.2999997,6.2999997
grid,-55,36,146.79343,0.82167894,0,5.8799996,0,6.2999997,6.2999997
grid,-55,37,146.0702,0.8285907,0,5.8799996,0,6.2999997,6.2999997
grid,-55,38,145.35905,0.8356322,0,5.8799996,0,6.2999997,6.2999997
grid,-55,39,144.6599,0.8428004,0,5.8799996,0,6.2999997,6.2999997
grid,-55,40,143.97263,0.85009193,0,5.8799996,0,6.2999997,6.2999997
grid,-55,41,143.29715,0.8575036,0,5.8799996,0,6.2999997,6.2999997
grid,-55,42,142.63333,0.8650325,0,5.8799996,0,6.2999997,6.2999997
grid,-55,43,141.98106,0.8726755,0,5.8799996,0,6.2999997,6.2999997
grid,-55,44,141.3402,0.88042957,0,5.8799996,0,6.2999997,6.2999997
grid,-55,45,140.7106,0.8882919,0,5.8799996,0,6.2999997,6.2999997
grid,-55,46,140.09212,0.8962596,0,5.8799996,0,6.2999997,6.2999997
grid,-55,47,139.4846,0.90432984,0,5.8799996,0,6.2999997,6.2999997
grid,-55,48,138.88791,0.9125,0,5.8799996,0,6.2999997,6.2999997
grid,-55,49,138.30186,0.92076737,0,5.8799996,0,6.2999997,6.2999997
grid,-55,50,137.72632,0.9291293,0,5.8799996,0,6.2999997,6.2999997
grid,-55,51,137.16109,0.9375833,0,5.8799996,0,6.2999997,6.2999997
grid,-55,52,136.606,0.94612694,0,5.8799996,0,6.2999997,6.2999997
grid,-55,53,136.06091,0.95475787,0,5.8799996,0,6.2999997,6.2999997
grid,-55,54,135.52563,0.96347356,0,5.8799996,0,6.2999997,6.2999997
grid,-55,55,135,0.9722718,0,5.8799996,0,6.2999997,6.2999997
grid,-55,56,134.48384,0.98115045,0,5.8799996,0,6.2999997,6.2999997
grid,-55,57,133.97697,0.9901073,0,5.8799996,0,6.2999997,6.2999997
grid,-55,58,133.47923,0.99914026,0,5.8799996,0,6.2999997,6.2999997
grid,-54,-59,227.53357,0.99976563,0,5.8799996,0,6.2999997,6.2999997
grid,-54,-58,227.04543,0.9905807,0,5.8799996,0,6.2999997,6.2999997
grid,-54,-57,226.54817,0.9814689,0,5.8799996,0,6.2999997,6.2999997
grid,-54,-56,226.04164,0.9724325,0,5.8799996,0,6.2999997,6.2999997
grid,-54,-55,225.52565,0.96347356,0,5.8799996,0,6.2999997,6.2999997
grid,-54,-54,225.00002,0.9545942,0,5.8799996,0,6.2999997,6.2999997
grid,-54,-53,224.46455,0.94579667,0,5.8799996,0,6.2999997,6.2999997
grid,-54,-52,223.9191,0.93708324,0,5.8799996,0,6.2999997,6.2999997
grid,-54,-51,223.36343,0.92845637,0,5.8799996,0,6.2999997,6.2999997
grid,-54,-50,222.79741,0.9199185,0,5.8799996,0,6.2999997,6.2999997
grid,-54,-49,222.22086,0.911472,0,5.8799996,0,6.2999997,6.2999997
grid,-54,-48,221.63354,0.9031196,0,5.8799996,0,6.2999997,6.2999997
grid,-54,-47,221.03535,0.89486384,0,5.8799996,0,6.2999997,6.2999997
grid,-54,-46,220.4261,0.88670737,0,5.8799996,0,6.2999997,6.2999997
grid,-54,-45,219.80559,0.8786531,0,5.8799996,0,6.2999997,6.2999997
grid,-54,-44,219.17368,0.87070376,0,5.8799996,0,6.2999997,6.2999997
grid,-54,-43,218.5302,0.8628622,0,5.8799996,0,6.2999997,6.2999997
grid,-54,-42,217.87498,0.85513157,0,5.8799996,0,6.2999997,6.2999997
grid,-54,-41,217.20793,0.84751475,0,5.8799996,0,6.2999997,6.2999997
grid,-54,-40,216.52887,0.84001493,0,5.8799996,0,6.2999997,6.2999997
grid,-54,-39,215.83766,0.83263516,0,5.8799996,0,6.2999997,6.2999997
grid,-54,-38,215.1342,0.8253787,0,5.8799996,0,6.2999997,6.2999997
grid,-54,-37,214.41838,0.8182489,0,5.8799996,0,6.2999997,6.2999997
grid,-54,-36,213.69008,0.8112491,0,5.8799996,0,6.2999997,6.2999997
grid,-54,-35,212.94922,0.80438256,0,5.8799996,0,6.2999997,6.2999997
grid,-54,-34,212.19574,0.79765284,0,5.8799996,0,6.2999997,6.2999997
grid,-54,-33,211.42958,0.79106337,0,5.8799996,0,6.2999997,6.2999997
grid,-54,-32,210.65068,0.7846178,0,5.8799996,0,6.2999997,6.2999997
grid,-54,-31,209.85902,0.77831954,0,5.8799996,0,6.2999997,6.2999997
grid,-54,-30,209.05463,0.7721723,0,5.8799996,0,6.2999997,6.2999997
grid,-54,-29,208.23746,0.7661797,0,5.8799996,0,6.2999997,6.2999997
grid,-54,-28,207.4076,0.76034534,0,5.8799996,0,6.2999997,6.2999997
grid,-54,-27,206.56506,0.75467294,0,5.8799996,0,6.2999997,6.2999997
grid,-54,-26,205.70996,0.74916625,0,5.8799996,0,6.2999997,6.2999997
grid,-54,-25,204.8424,0.74382883,0,5.8799996,0,6.2999997,6.2999997
grid,-54,-24,203.9625,0.7386643,0,5.8799996,0,6.2999997,6.2999997
grid,-54,-23,203.07042,0.73367655,0,5.8799996,0,6.2999997,6.2999997
grid,-54,0,180,0.675,0,5.8799996,0,6.2999997,6.2999997
grid,-54,23,156.9296,0.73367655,0,5.8799996,0,6.2999997,6.2999997
grid,-54,24,156.03752,0.7386643,0,5.8799996,0,6.2999997,6.2999997
grid,-54,25,155.15761,0.74382883,0,5.8799996,0,6.2999997,6.2999997
grid,-54,26,154.29005,0.74916625,0,5.8799996,0,6.2999997,6.2999997
grid,-54,27,153.43495,0.75467294,0,5.8799996,0,6.2999997,6.2999997
grid,-54,28,152.59242,0.76034534,0,5.8799996,0,6.2999997,6.2999997
grid,-54,29,151.76256,0.7661797,0,5.8799996,0,6.2999997,6.2999997
grid,-54,30,150.94539,0.7721723,0,5.8799996,0,6.2999997,6.2999997
grid,-54,31,150.14099,0.77831954,0,5.8799996,0,6.2999997,6.2999997
grid,-54,32,149.34933,0.7846178,0,5.8799996,0,6.2999997,6.2999997
grid,-54,33,148.57043,0.79106337,0,5.8799996,0,6.2999997,6.2999997
grid,-54,34,147.80428,0.79765284,0,5.8799996,0,6.2999997,6.2999997
grid,-54,35,147.0508,0.80438256,0,5.8799996,0,6.2999997,6.2999997
grid,-54,36,146.30994,0.8112491,0,5.8799996,0,6.2999997,6.2999997
grid,-54,37,145.58163,0.8182489,0,5.8799996,0,6.2999997,6.2999997
grid,-54,38,144.86581,0.8253787,0,5.8799996,0,6.2999997,6.2999997
grid,-54,39,144.16234,0.83263516,0,5.8799996,0,6.2999997,6.2999997
grid,-54,40,143.47115,0.84001493,0,5.8799996,0,6.2999997,6.2999997
grid,-54,41,142.79208,0.84751475,0,5.8799996,0,6.2999997,6.2999997
grid,-54,42,142.12503,0.85513157,0,5.8799996,0,6.2999997,6.2999997
grid,-54,43,141.46982,0.8628622,0,5.8799996,0,6.2999997,6.2999997
grid,-54,44,140.82634,0.87070376,0,5.8799996,0,6.2999997,6.2999997
grid,-54,45,140.19443,0.8786531,0,5.8799996,0,6.2999997,6.2999997
grid,-54,46,139.57391,0.88670737,0,5.8799996,0,6.2999997,6.2999997
grid,-54,47,138.96466,0.89486384,0,5.8799996,0,6.2999997,6.2999997
grid,-54,48,138.36647,0.9031196,0,5.8799996,0,6.2999997,6.2999997
grid,-54,49,137.77916,0.911472,0,5.8799996,0,6.2999997,6.2999997
grid,-54,50,137.2026,0.9199185,0,5.8799996,0,6.2999997,6.2999997
grid,-54,51,136.63658,0.92845637,0,5.8799996,0,6.2999997,6.2999997
grid,-54,52,136.08092,0.93708324,0,5.8799996,0,6.2999997,6.2999997
grid,-54,53,135.53546,0.94579667,0,5.8799996,0,6.2999997,6.2999997
grid,-54,54,135,0.9545942,0,5.8799996,0,6.2999997,6.2999997
grid,-54,55,134.47437,0.96347356,0,5.8799996,0,6.2999997,6.2999997
grid,-54,56,133.95837,0.9724325,0,5.8799996,0,6.2999997,6.2999997
grid,-54,57,133.45184,0.9814689,0,5.8799996,0,6.2999997,6.2999997
grid,-54,58,132.95459,0.9905807,0,5.8799996,0,6.2999997,6.2999997
grid,-54,59,132.46645,0.99976563,0,5.8799996,0,6.2999997,6.2999997
grid,-53,-59,228.0665,0.991369,0,5.8799996,0,6.2999997,6.2999997
grid,-53,-58,227.57916,0.98210555,0,5.8799996,0,6.2999997,6.2999997
grid,-53,-57,227.08258,0.97291446,0,5.8799996,0,6.2999997,6.2999997
grid,-53,-56,226.57655,0.9637978,0,5.8799996,0,6.2999997,6.2999997
grid,-53,-55,226.06091,0.95475787,0,5.8799996,0,6.2999997,6.2999997
grid,-53,-54,225.53548,0.94579667,0,5.8799996,0,6.2999997,6.2999997
grid,-53,-53,225.00002,0.93691653,0,5.8799996,0,6.2999997,6.2999997
grid,-53,-52,224.45435,0.9281197,0,5.8799996,0,6.2999997,6.2999997
grid,-53,-51,223.8983,0.91940874,0,5.8799996,0,6.2999997,6.2999997
grid,-53,-50,223.33167,0.9107861,0,5.8799996,0,6.2999997,6.2999997
grid,-53,-49,222.75427,0.90225416,0,5.8799996,0,6.2999997,6.2999997
grid,-53,-48,222.16591,0.8938156,0,5.8799996,0,6.2999997,6.2999997
grid,-53,-47,221.56638,0.885473,0,5.8799996,0,6.2999997,6.2999997
grid,-53,-46,220.95554,0.8772293,0,5.8799996,0,6.2999997,6.2999997
grid,-53,-45,220.33315,0.8690872,0,5.8799996,0,6.2999997,6.2999997
grid,-53,-44,219.69908,0.86104953,0,5.8799996,0,6.2999997,6.2999997
grid,-53,-43,219.05315,0.8531193,0,5.8799996,0,6.2999997,6.2999997
grid,-53,-42,218.39517,0.8452995,0,5.8799996,0,6.2999997,6.2999997
grid,-53,-41,217.725,0.8375933,0,5.8799996,0,6.2999997,6.2999997
grid,-53,-40,217.04248,0.8300038,0,5.8799996,0,6.2999997,6.2999997
grid,-53,-39,216.34747,0.8225342,0,5.8799996,0,6.2999997,6.2999997
grid,-53,-38,215.63983,0.8151879,0,5.8799996,0,6.2999997,6.2999997
grid,-53,-37,214.91942,0.80796814,0,5.8799996,0,6.2999997,6.2999997
grid,-53,-36,214.18613,0.80087847,0,5.8799996,0,6.2999997,6.2999997
grid,-53,-35,213.43988,0.79392225,0,5.8799996,0,6.2999997,6.2999997
grid,-53,-34,212.68056,0.7871031,0,5.8799996,0,6.2999997,6.2999997
grid,-53,-33,211.90813,0.7804246,0,5.8799996,0,6.2999997,6.2999997
grid,-53,-32,211.12248,0.7738904,0,5.8799996,0,6.2999997,6.2999997
grid,-53,-31,210.32361,0.7675041,0,5.8799996,0,6.2999997,6.2999997
grid,-53,-30,209.5115,0.76126957,0,5.8799996,0,6.2999997,6.2999997
grid,-53,-29,208.68616,0.75519043,0,5.8799996,0,6.2999997,6.2999997
grid,-53,-28,207.8476,0.7492705,0,5.8799996,0,6.2999997,6.2999997
grid,-53,-27,206.99585,0.74351364,0,5.8799996,0,6.2999997,6.2999997
grid,-53,-26,206.13101,0.7379236,0,5.8799996,0,6.2999997,6.2999997
grid,-53,-25,205.25317,0.7325043,0,5.8799996,0,6.2999997,6.2999997
grid,-53,-24,204.36246,0.72725946,0,5.8799996,0,6.2999997,6.2999997
grid,-53,-23,203.45903,0.7221928,0,5.8799996,0,6.2999997,6.2999997
grid,-53,0,180,0.6625,0,5.8799996,0,6.2999997,6.2999997
grid,-53,23,156.54099,0.7221928,0,5.8799996,0,6.2999997,6.2999997
grid,-53,24,155.63756,0.72725946,0,5.8799996,0,6.2999997,6.2999997
grid,-53,25,154.74684,0.7325043,0,5.8799996,0,6.2999997,6.2999997
grid,-53,26,153.869,0.7379236,0,5.8799996,0,6.2999997,6.2999997
grid,-53,27,153.00417,0.74351364,0,5.8799996,0,6.2999997,6.2999997
grid,-53,28,152.15242,0.7492705,0,5.8799996,0,6.2999997,6.2999997
grid,-53,29,151.31386,0.75519043,0,5.8799996,0,6.2999997,6.2999997
grid,-53,30,150.48851,0.76126957,0,5.8799996,0,6.2999997,6.2999997
grid,-53,31,149.67639,0.7675041,0,5.8799996,0,6.2999997,6.2999997
grid,-53,32,148.87753,0.7738904,0,5.8799996,0,6.2999997,6.2999997
grid,-53,33,148.09189,0.7804246,0,5.8799996,0,6.2999997,6.2999997
grid,-53,34,147.31944,0.7871031,0,5.8799996,0,6.2999997,6.2999997
grid,-53,35,146.56013,0.79392225,0,5.8799996,0,6.2999997,6.2999997
grid,-53,36,145.81389,0.80087847,0,5.8799996,0,6.2999997,6.2999997
grid,-53,37,145.0806,0.80796814,0,5.8799996,0,6.2999997,6.2999997
grid,-53,38,144.36018,0.8151879,0,5.8799996,0,6.2999997,6.2999997
grid,-53,39,143.65254,0.8225342,0,5.8799996,0,6.2999997,6.2999997
grid,-53,40,142.95753,0.8300038,0,5.8799996,0,6.2999997,6.2999997
grid,-53,41,142.27501,0.8375933,0,5.8799996,0,6.2999997,6.2999997
grid,-53,42,141.60484,0.8452995,0,5.8799996,0,6.2999997,6.2999997
grid,-53,43,140.94687,0.8531193,0,5.8799996,0,6.2999997,6.2999997
grid,-53,44,140.30092,0.86104953,0,5.8799996,0,6.2999997,6.2999997
grid,-53,45,139.66687,0.8690872,0,5.8799996,0,6.2999997,6.2999997
grid,-53,46,139.04448,0.8772293,0,5.8799996,0,6.2999997,6.2999997
grid,-53,47,138.43364,0.885473,0,5.8799996,0,6.2999997,6.2999997
grid,-53,48,137.8341,0.8938156,0,5.8799996,0,6.2999997,6.2999997
grid,-53,49,137.24574,0.90225416,0,5.8799996,0,6.2999997,6.2999997
grid,-53,50,136.66835,0.9107861,0,5.8799996,0,6.2999997,6.2999997
grid,-53,51,136.10172,0.91940874,0,5.8799996,0,6.2999997,6.2999997
grid,-53,52,135.54567,0.9281197,0,5.8799996,0,6.2999997,6.2999997
grid,-53,53,135,0.93691653,0,5.8799996,0,6.2999997,6.2999997
grid,-53,54,134.46454,0.94579667,0,5.8799996,0,6.2999997,6.2999997
grid,-53,55,133.9391,0.95475787,0,5.8799996,0,6.2999997,6.2999997
grid,-53,56,133.42346,0.9637978,0,5.8799996,0,6.2999997,6.2999997
grid,-53,57,132.91743,0.97291446,0,5.8799996,0,6.2999997,6.2999997
grid,-53,58,132.42085,0.98210555,0,5.8799996,0,6.2999997,6.2999997
grid,-53,59,131.93352,0.991369,0,5.8799996,0,6.2999997,6.2999997
grid,-52,-60,229.08563,0.99247164,0,5.8799996,0,6.2999997,6.2999997
grid,-52,-59,228.60849,0.98305964,0,5.8799996,0,6.2999997,6.2999997
grid,-52,-58,228.12215,0.9737171,0,5.8799996,0,6.2999997,6.2999997
grid,-52,-57,227.62642,0.96444607,0,5.8799996,0,6.2999997,6.2999997
grid,-52,-56,227.12111,0.9552486,0,5.8799996,0,6.2999997,6.2999997
grid,-52,-55,226.60602,0.94612694,0,5.8799996,0,6.2999997,6.2999997
grid,-52,-54,226.08095,0.93708324,0,5.8799996,0,6.2999997,6.2999997
grid,-52,-53,225.54567,0.9281197,0,5.8799996,0,6.2999997,6.2999997
grid,-52,-52,225.00002,0.91923875,0,5.8799996,0,6.2999997,6.2999997
grid,-52,-51,224.44376,0.9104428,0,5.8799996,0,6.2999997,6.2999997
grid,-52,-50,223.87671,0.9017344,0,5.8799996,0,6.2999997,6.2999997
grid,-52,-49,223.29866,0.893116,0,5.8799996,0,6.2999997,6.2999997
grid,-52,-48,222.7094,0.88459027,0,5.8799996,0,6.2999997,6.2999997
grid,-52,-47,222.10873,0.8761599,0,5.8799996,0,6.2999997,6.2999997
grid,-52,-46,221.49648,0.8678277,0,5.8799996,0,6.2999997,6.2999997
grid,-52,-45,220.87242,0.85959655,0,5.8799996,0,6.2999997,6.2999997
grid,-52,-44,220.23637,0.8514693,0,5.8799996,0,6.2999997,6.2999997
grid,-52,-43,219.58813,0.843449,0,5.8799996,0,6.2999997,6.2999997
grid,-52,-42,218.92755,0.8355387,0,5.8799996,0,6.2999997,6.2999997
grid,-52,-41,218.25444,0.8277416,0,5.8799996,0,6.2999997,6.2999997
grid,-52,-40,217.5686,0.82006097,0,5.8799996,0,6.2999997,6.2999997
grid,-52,-39,216.86992,0.8125,0,5.8799996,0,6.2999997,6.2999997
grid,-52,-38,216.1582,0.80506206,0,5.8799996,0,6.2999997,6.2999997
grid,-52,-37,215.43332,0.7977507,0,5.8799996,0,6.2999997,6.2999997
grid,-52,-36,214.69518,0.79056937,0,5.8799996,0,6.2999997,6.2999997
grid,-52,-35,213.9436,0.78352165,0,5.8799996,0,6.2999997,6.2999997
grid,-52,-34,213.17853,0.7766112,0,5.8799996,0,6.2999997,6.2999997
grid,-52,-33,212.39986,0.7698417,0,5.8799996,0,6.2999997,6.2999997
grid,-52,-32,211.60751,0.76321685,0,5.8799996,0,6.2999997,6.2999997
grid,-52,-31,210.80145,0.7567405,0,5.8799996,0,6.2999997,6.2999997
grid,-52,-30,209.98166,0.7504165,0,5.8799996,0,6.2999997,6.2999997
grid,-52,-29,209.14809,0.74424875,0,5.8799996,0,6.2999997,6.2999997
grid,-52,-28,208.30077,0.73824114,0,5.8799996,0,6.2999997,6.2999997
grid,-52,-27,207.43974,0.73239756,0,5.8799996,0,6.2999997,6.2999997
grid,-52,-26,206.56506,0.72672206,0,5.8799996,0,6.2999997,6.2999997
grid,-52,-25,205.67683,0.7212185,0,5.8799996,0,6.2999997,6.2999997
grid,-52,-24,204.77515,0.715891,0,5.8799996,0,6.2999997,6.2999997
grid,-52,-23,203.8602,0.7107434,0,5.8799996,0,6.2999997,6.2999997
grid,-52,0,180,0.65,0,5.8799996,0,6.2999997,6.2999997
grid,-52,23,156.13982,0.7107434,0,5.8799996,0,6.2999997,6.2999997
grid,-52,24,155.22487,0.715891,0,5.8799996,0,6.2999997,6.2999997
grid,-52,25,154.32318,0.7212185,0,5.8799996,0,6.2999997,6.2999997
grid,-52,26,153.43495,0.72672206,0,5.8799996,0,6.2999997,6.2999997
grid,-52,27,152.56027,0.73239756,0,5.8799996,0,6.2999997,6.2999997
grid,-52,28,151.69923,0.73824114,0,5.8799996,0,6.2999997,6.2999997
grid,-52,29,150.85193,0.74424875,0,5.8799996,0,6.2999997,6.2999997
grid,-52,30,150.01836,0.7504165,0,5.8799996,0,6.2999997,6.2999997
grid,-52,31,149.19856,0.7567405,0,5.8799996,0,6.2999997,6.2999997
grid,-52,32,148.3925,0.76321685,0,5.8799996,0,6.2999997,6.2999997
grid,-52,33,147.60016,0.7698417,0,5.8799996,0,6.2999997,6.2999997
grid,-52,34,146.82149,0.7766112,0,5.8799996,0,6.2999997,6.2999997
grid,-52,35,146.05641,0.78352165,0,5.8799996,0,6.2999997,6.2999997
grid,-52,36,145.30484,0.79056937,0,5.8799996,0,6.2999997,6.2999997
grid,-52,37,144.5667,0.7977507,0,5.8799996,0,6.2999997,6.2999997
grid,-52,38,143.84181,0.80506206,0,5.8799996,0,6.2999997,6.2999997
grid,-52,39,143.1301,0.8125,0,5.8799996,0,6.2999997,6.2999997
grid,-52,40,142.43141,0.82006097,0,5.8799996,0,6.2999997,6.2999997
grid,-52,41,141.74557,0.8277416,0,5.8799996,0,6.2999997,6.2999997
grid,-52,42,141.07246,0.8355387,0,5.8799996,0,6.2999997,6.2999997
grid,-52,43,140.41188,0.843449,0,5.8799996,0,6.2999997,6.2999997
grid,-52,44,139.76364,0.8514693,0,5.8799996,0,6.2999997,6.2999997
grid,-52,45,139.1276,0.85959655,0,5.8799996,0,6.2999997,6.2999997
grid,-52,46,138.50354,0.8678277,0,5.8799996,0,6.2999997,6.2999997
grid,-52,47,137.89128,0.8761599,0,5.8799996,0,6.2999997,6.2999997
grid,-52,48,137.29062,0.88459027,0,5.8799996,0,6.2999997,6.2999997
grid,-52,49,136.70135,0.893116,0,5.8799996,0,6.2999997,6.2999997
grid,-52,50,136.1233,0.9017344,0,5.8799996,0,6.2999997,6.2999997
grid,-52,51,135.55626,0.9104428,0,5.8799996,0,6.2999997,6.2999997
grid,-52,52,135,0.91923875,0,5.8799996,0,6.2999997,6.2999997
grid,-52,53,134.45435,0.9281197,0,5.8799996,0,6.2999997,6.2999997
grid,-52,54,133.91907,0.93708324,0,5.8799996,0,6.2999997,6.2999997
grid,-52,55,133.394,0.94612694,0,5.8799996,0,6.2999997,6.2999997
grid,-52,56,132.8789,0.9552486,0,5.8799996,0,6.2999997,6.2999997
grid,-52,57,132.3736,0.96444607,0,5.8799996,0,6.2999997,6.2999997
grid,-52,58,131.87787,0.9737171,0,5.8799996,0,6.2999997,6.2999997
grid,-52,59,131.39153,0.98305964,0,5.8799996,0,6.2999997,6.2999997
grid,-52,60,130.91438,0.99247164,0,5.8799996,0,6.2999997,6.2999997
grid,-51,-61,230.10219,0.99388754,0,5.8799996,0,6.2999997,6.2999997
grid,-51,-60,229.6355,0.98433036,0,5.8799996,0,6.2999997,6.2999997
grid,-51,-59,229.15965,0.97483975,0,5.8799996,0,6.2999997,6.2999997
grid,-51,-58,228.67451,0.9654177,0,5.8799996,0,6.2999997,6.2999997
grid,-51,-57,228.17986,0.95606613,0,5.8799996,0,6.2999997,6.2999997
grid,-51,-56,227.67545,0.9467873,0,5.8799996,0,6.2999997,6.2999997
grid,-51,-55,227.1611,0.9375833,0,5.8799996,0,6.2999997,6.2999997
grid,-51,-54,226.6366,0.92845637,0,5.8799996,0,6.2999997,6.2999997
grid,-51,-53,226.10172,0.91940874,0,5.8799996,0,6.2999997,6.2999997
grid,-51,-52,225.55626,0.9104428,0,5.8799996,0,6.2999997,6.2999997
grid,-51,-51,225.00002,0.90156114,0,5.8799996,0,6.2999997,6.2999997
grid,-51,-50,224.43275,0.89276606,0,5.8799996,0,6.2999997,6.2999997
grid,-51,-49,223.85425,0.8840602,0,5.8799996,0,6.2999997,6.2999997
grid,-51,-48,223.26431,0.8754463,0,5.8799996,0,6.2999997,6.2999997
grid,-51,-47,222.6627,0.866927,0,5.8799996,0,6.2999997,6.2999997
grid,-51,-46,222.04924,0.85850525,0,5.8799996,0,6.2999997,6.2999997
grid,-51,-45,221.42369,0.8501838,0,5.8799996,0,6.2999997,6.2999997
grid,-51,-44,220.78584,0.8419657,0,5.8799996,0,6.2999997,6.2999997
grid,-51,-43,220.1355,0.833854,0,5.8799996,0,6.2999997,6.2999997
grid,-51,-42,219.47247,0.8258518,0,5.8799996,0,6.2999997,6.2999997
grid,-51,-41,218.79655,0.8179624,0,5.8799996,0,6.2999997,6.2999997
grid,-51,-40,218.10759,0.810189,0,5.8799996,0,6.2999997,6.2999997
grid,-51,-39,217.40538,0.80253506,0,5.8799996,0,6.2999997,6.2999997
grid,-51,-38,216.68973,0.7950039,0,5.8799996,0,6.2999997,6.2999997
grid,-51,-37,215.96053,0.78759915,0,5.8799996,0,6.2999997,6.2999997
grid,-51,-36,215.2176,0.7803244,0,5.8799996,0,6.2999997,6.2999997
grid,-51,-35,214.46083,0.77318335,0,5.8799996,0,6.2999997,6.2999997
grid,-51,-34,213.69008,0.7661796,0,5.8799996,0,6.2999997,6.2999997
grid,-51,-33,212.90524,0.7593171,0,5.8799996,0,6.2999997,6.2999997
grid,-51,-32,212.10626,0.75259966,0,5.8799996,0,6.2999997,6.2999997
grid,-51,-31,211.29305,0.74603117,0,5.8799996,0,6.2999997,6.2999997
grid,-51,-30,210.46556,0.7396156,0,5.8799996,0,6.2999997,6.2999997
grid,-51,-29,209.62376,0.733357,0,5.8799996,0,6.2999997,6.2999997
grid,-51,-28,208.76765,0.7272594,0,5.8799996,0,6.2999997,6.2999997
grid,-51,-27,207.8973,0.7213269,0,5.8799996,0,6.2999997,6.2999997
grid,-51,-26,207.01268,0.71556354,0,5.8799996,0,6.2999997,6.2999997
grid,-51,-25,206.11392,0.7099736,0,5.8799996,0,6.2999997,6.2999997
grid,-51,-24,205.20114,0.704561,0,5.8799996,0,6.2999997,6.2999997
grid,-51,-23,204.27446,0.69933003,0,5.8799996,0,6.2999997,6.2999997
grid,-51,0,180,0.6375,0,5.8799996,0,6.2999997,6.2999997
grid,-51,23,155.72556,0.69933003,0,5.8799996,0,6.2999997,6.2999997
grid,-51,24,154.79887,0.704561,0,5.8799996,0,6.2999997,6.2999997
grid,-51,25,153.8861,0.7099736,0,5.8799996,0,6.2999997,6.2999997
grid,-51,26,152.98734,0.71556354,0,5.8799996,0,6.2999997,6.2999997
grid,-51,27,152.10272,0.7213269,0,5.8799996,0,6.2999997,6.2999997
grid,-51,28,151.23236,0.7272594,0,5.8799996,0,6.2999997,6.2999997
grid,-51,29,150.37625,0.733357,0,5.8799996,0,6.2999997,6.2999997
grid,-51,30,149.53445,0.7396156,0,5.8799996,0,6.2999997,6.2999997
grid,-51,31,148.70695,0.74603117,0,5.8799996,0,6.2999997,6.2999997
grid,-51,32,147.89375,0.75259966,0,5.8799996,0,6.2999997,6.2999997
grid,-51,33,147.09476,0.7593171,0,5.8799996,0,6.2999997,6.2999997
grid,-51,34,146.30994,0.7661796,0,5.8799996,0,6.2999997,6.2999997
grid,-51,35,145.53918,0.77318335,0,5.8799996,0,6.2999997,6.2999997
grid,-51,36,144.78241,0.7803244,0,5.8799996,0,6.2999997,6.2999997
grid,-51,37,144.03949,0.78759915,0,5.8799996,0,6.2999997,6.2999997
grid,-51,38,143.31027,0.7950039,0,5.8799996,0,6.2999997,6.2999997
grid,-51,39,142.59464,0.80253506,0,5.8799996,0,6.2999997,6.2999997
grid,-51,40,141.89243,0.810189,0,5.8799996,0,6.2999997,6.2999997
grid,-51,41,141.20345,0.8179624,0,5.8799996,0,6.2999997,6.2999997
grid,-51,42,140.52754,0.8258518,0,5.8799996,0,6.2999997,6.2999997
grid,-51,43,139.86452,0.833854,0,5.8799996,0,6.2999997,6.2999997
grid,-51,44,139.21417,0.8419657,0,5.8799996,0,6.2999997,6.2999997
grid,-51,45,138.57632,0.8501838,0,5.8799996,0,6.2999997,6.2999997
grid,-51,46,137.95078,0.85850525,0,5.8799996,0,6.2999997,6.2999997
grid,-51,47,137.33731,0.866927,0,5.8799996,0,6.2999997,6.2999997
grid,-51,48,136.7357,0.8754463,0,5.8799996,0,6.2999997,6.2999997
grid,-51,49,136.14577,0.8840602,0,5.8799996,0,6.2999997,6.2999997
grid,-51,50,135.56726,0.89276606,0,5.8799996,0,6.2999997,6.2999997
grid,-51,51,135,0.90156114,0,5.8799996,0,6.2999997,6.2999997
grid,-51,52,134.44376,0.9104428,0,5.8799996,0,6.2999997,6.2999997
grid,-51,53,133.89828,0.91940874,0,5.8799996,0,6.2999997,6.2999997
grid,-51,54,133.36342,0.92845637,0,5.8799996,0,6.2999997,6.2999997
grid,-51,55,132.83891,0.9375833,0,5.8799996,0,6.2999997,6.2999997
grid,-51,56,132.32457,0.9467873,0,5.8799996,0,6.2999997,6.2999997
grid,-51,57,131.82016,0.95606613,0,5.8799996,0,6.2999997,6.2999997
grid,-51,58,131.3255,0.9654177,0,5.8799996,0,6.2999997,6.2999997
grid,-51,59,130.84036,0.97483975,0,5.8799996,0,6.2999997,6.2999997
grid,-51,60,130.36453,0.98433036,0,5.8799996,0,6.2999997,6.2999997
grid,-51,61,129.89784,0.99388754,0,5.8799996,0,6.2999997,6.2999997
grid,-50,-62,231.11552,0.99561536,0,5.8799996,0,6.2999997,6.2999997
grid,-50,-61,230.65948,0.98591644,0,5.8799996,0,6.2999997,6.2999997
grid,-50,-60,230.19443,0.9762812,0,5.8799996,0,6.2999997,6.2999997
grid,-50,-59,229.72014,0.9667116,0,5.8799996,0,6.2999997,6.2999997
grid,-50,-58,229.23639,0.9572095,0,5.8799996,0,6.2999997,6.2999997
grid,-50,-57,228.743,0.947777,0,5.8799996,0,6.2999997,6.2999997
grid,-50,-56,228.2397,0.93841624,0,5.8799996,0,6.2999997,6.2999997
grid,-50,-55,227.72632,0.9291293,0,5.8799996,0,6.2999997,6.2999997
grid,-50,-54,227.2026,0.9199185,0,5.8799996,0,6.2999997,6.2999997
grid,-50,-53,226.66835,0.9107861,0,5.8799996,0,6.2999997,6.2999997
grid,-50,-52,226.12332,0.9017344,0,5.8799996,0,6.2999997,6.2999997
grid,-50,-51,225.56728,0.89276606,0,5.8799996,0,6.2999997,6.2999997
grid,-50,-50,225.00002,0.8838835,0,5.8799996,0,6.2999997,6.2999997
grid,-50,-49,224.4213,0.8750893,0,5.8799996,0,6.2999997,6.2999997
grid,-50,-48,223.83087,0.8663862,0,5.8799996,0,6.2999997,6.2999997
grid,-50,-47,223.22853,0.8577769,0,5.8799996,0,6.2999997,6.2999997
grid,-50,-46,222.61406,0.8492644,0,5.8799996,0,6.2999997,6.2999997
grid,-50,-45,221.98723,0.8408515,0,5.8799996,0,6.2999997,6.2999997
grid,-50,-44,221.3478,0.8325413,0,5.8799996,0,6.2999997,6.2999997
grid,-50,-43,220.69554,0.8243369,0,5.8799996,0,6.2999997,6.2999997
grid,-50,-42,220.03027,0.8162414,0,5.8799996,0,6.2999997,6.2999997
grid,-50,-41,219.35176,0.8082581,0,5.8799996,0,6.2999997,6.2999997
grid,-50,-40,218.65982,0.80039054,0,5.8799996,0,6.2999997,6.2999997
grid,-50,-39,217.95425,0.79264194,0,5.8799996,0,6.2999997,6.2999997
grid,-50,-38,217.23485,0.7850159,0,5.8799996,0,6.2999997,6.2999997
grid,-50,-37,216.50145,0.7775161,0,5.8799996,0,6.2999997,6.2999997
grid,-50,-36,215.7539,0.7701461,0,5.8799996,0,6.2999997,6.2999997
grid,-50,-35,214.99203,0.7629097,0,5.8799996,0,6.2999997,6.2999997
grid,-50,-34,214.21571,0.75581086,0,5.8799996,0,6.2999997,6.2999997
grid,-50,-33,213.42482,0.74885327,0,5.8799996,0,6.2999997,6.2999997
grid,-50,-32,212.61926,0.7420411,0,5.8799996,0,6.2999997,6.2999997
grid,-50,-31,211.79892,0.7353783,0,5.8799996,0,6.2999997,6.2999997
grid,-50,-30,210.96378,0.72886896,0,5.8799996,0,6.2999997,6.2999997
grid,-50,-29,210.11375,0.7225173,0,5.8799996,0,6.2999997,6.2999997
grid,-50,-28,209.24884,0.7163274,0,5.8799996,0,6.2999997,6.2999997
grid,-50,-27,208.36906,0.71030366,0,5.8799996,0,6.2999997,6.2999997
grid,-50,-26,207.47444,0.70445013,0,5.8799996,0,6.2999997,6.2999997
grid,-50,-25,206.56506,0.69877124,0,5.8799996,0,6.2999997,6.2999997
grid,-50,-24,205.64102,0.6932712,0,5.8799996,0,6.2999997,6.2999997
grid,-50,-23,204.70244,0.6879544,0,5.8799996,0,6.2999997,6.2999997
grid,-50,0,180,0.625,0,5.8799996,0,6.2999997,6.2999997
grid,-50,23,155.29758,0.6879544,0,5.8799996,0,6.2999997,6.2999997
grid,-50,24,154.359,0.6932712,0,5.8799996,0,6.2999997,6.2999997
grid,-50,25,153.43495,0.69877124,0,5.8799996,0,6.2999997,6.2999997
grid,-50,26,152.52557,0.70445013,0,5.8799996,0,6.2999997,6.2999997
grid,-50,27,151.63095,0.71030366,0,5.8799996,0,6.2999997,6.2999997
grid,-50,28,150.75117,0.7163274,0,5.8799996,0,6.2999997,6.2999997
grid,-50,29,149.88626,0.7225173,0,5.8799996,0,6.2999997,6.2999997
grid,-50,30,149.03624,0.72886896,0,5.8799996,0,6.2999997,6.2999997
grid,-50,31,148.2011,0.7353783,0,5.8799996,0,6.2999997,6.2999997
grid,-50,32,147.38075,0.7420411,0,5.8799996,0,6.2999997,6.2999997
grid,-50,33,146.5752,0.74885327,0,5.8799996,0,6.2999997,6.2999997
grid,-50,34,145.7843,0.75581086,0,5.8799996,0,6.2999997,6.2999997
grid,-50,35,145.00798,0.7629097,0,5.8799996,0,6.2999997,6.2999997
grid,-50,36,144.24611,0.7701461,0,5.8799996,0,6.2999997,6.2999997
grid,-50,37,143.49857,0.7775161,0,5.8799996,0,6.2999997,6.2999997
grid,-50,38,142.76517,0.7850159,0,5.8799996,0,6.2999997,6.2999997
grid,-50,39,142.04576,0.79264194,0,5.8799996,0,6.2999997,6.2999997
grid,-50,40,141.3402,0.80039054,0,5.8799996,0,6.2999997,6.2999997
grid,-50,41,140.64825,0.8082581,0,5.8799996,0,6.2999997,6.2999997
grid,-50,42,139.96974,0.8162414,0,5.8799996,0,6.2999997,6.2999997
grid,-50,43,139.30447,0.8243369,0,5.8799996,0,6.2999997,6.2999997
grid,-50,44,138.65222,0.8325413,0,5.8799996,0,6.2999997,6.2999997
grid,-50,45,138.01279,0.8408515,0,5.8799996,0,6.2999997,6.2999997
grid,-50,46,137.38596,0.8492644,0,5.8799996,0,6.2999997,6.2999997
grid,-50,47,136.77148,0.8577769,0,5.8799996,0,6.2999997,6.2999997
grid,-50,48,136.16914,0.8663862,0,5.8799996,0,6.2999997,6.2999997
grid,-50,49,135.57872,0.8750893,0,5.8799996,0,6.2999997,6.2999997
grid,-50,50,135,0.8838835,0,5.8799996,0,6.2999997,6.2999997
grid,-50,51,134.43274,0.89276606,0,5.8799996,0,6.2999997,6.2999997
grid,-50,52,133.8767,0.9017344,0,5.8799996,0,6.2999997,6.2999997
grid,-50,53,133.33167,0.9107861,0,5.8799996,0,6.2999997,6.2999997
grid,-50,54,132.79741,0.9199185,0,5.8799996,0,6.2999997,6.2999997
grid,-50,55,132.2737,0.9291293,0,5.8799996,0,6.2999997,6.2999997
grid,-50,56,131.7603,0.93841624,0,5.8799996,0,6.2999997,6.2999997
grid,-50,57,131.25702,0.947777,0,5.8799996,0,6.2999997,6.2999997
grid,-50,58,130.76361,0.9572095,0,5.8799996,0,6.2999997,6.2999997
grid,-50,59,130.27986,0.9667116,0,5.8799996,0,6.2999997,6.2999997
grid,-50,60,129.80557,0.9762812,0,5.8799996,0,6.2999997,6.2999997
grid,-50,61,129.34052,0.98591644,0,5.8799996,0,6.2999997,6.2999997
grid,-50,62,128.88449,0.99561536,0,5.8799996,0,6.2999997,6.2999997
grid,-49,-63,232.12502,0.99765354,0,5.8799996,0,6.2999997,6.2999997
grid,-49,-62,231.67992,0.9878164,0,5.8799996,0,6.2999997,6.2999997
grid,-49,-61,231.22585,0.97804016,0,5.8799996,0,6.2999997,6.2999997
grid,-49,-60,230.76265,0.9683265,0,5.8799996,0,6.2999997,6.2999997
grid,-49,-59,230.2901,0.9586775,0,5.8799996,0,6.2999997,6.2999997
grid,-49,-58,229.80797,0.94909495,0,5.8799996,0,6.2999997,6.2999997
grid,-49,-57,229.31604,0.93958104,0,5.8799996,0,6.2999997,6.2999997
grid,-49,-56,228.81409,0.93013775,0,5.8799996,0,6.2999997,6.2999997
grid,-49,-55,228.30188,0.92076737,0,5.8799996,0,6.2999997,6.2999997
grid,-49,-54,227.77917,0.911472,0,5.8799996,0,6.2999997,6.2999997
grid,-49,-53,227.24576,0.90225416,0,5.8799996,0,6.2999997,6.2999997
grid,-49,-52,226.70137,0.893116,0,5.8799996,0,6.2999997,6.2999997
grid,-49,-51,226.14578,0.8840602,0,5.8799996,0,6.2999997,6.2999997
grid,-49,-50,225.57874,0.8750893,0,5.8799996,0,6.2999997,6.2999997
grid,-49,-49,225.00002,0.8662058,0,5.8799996,0,6.2999997,6.2999997
grid,-49,-48,224.40935,0.8574126,0,5.8799996,0,6.2999997,6.2999997
grid,-49,-47,223.80652,0.84871227,0,5.8799996,0,6.2999997,6.2999997
grid,-49,-46,223.19127,0.84010786,0,5.8799996,0,6.2999997,6.2999997
grid,-49,-45,222.56337,0.8316024,0,5.8799996,0,6.2999997,6.2999997
grid,-49,-44,221.92256,0.8231988,0,5.8799996,0,6.2999997,6.2999997
grid,-49,-43,221.26862,0.8149003,0,5.8799996,0,6.2999997,6.2999997
grid,-49,-42,220.6013,0.8067101,0,5.8799996,0,6.2999997,6.2999997
grid,-49,-41,219.9204,0.79863167,0,5.8799996,0,6.2999997,6.2999997
grid,-49,-40,219.2257,0.79066825,0,5.8799996,0,6.2999997,6.2999997
grid,-49,-39,218.51694,0.78282344,0,5.8799996,0,6.2999997,6.2999997
grid,-49,-38,217.79396,0.7751008,0,5.8799996,0,6.2999997,6.2999997
grid,-49,-37,217.05655,0.7675041,0,5.8799996,0,6.2999997,6.2999997
grid,-49,-36,216.30452,0.760037,0,5.8799996,0,6.2999997,6.2999997
grid,-49,-35,215.53769,0.7527035,0,5.8799996,0,6.2999997,6.2999997
grid,-49,-34,214.75594,0.74550736,0,5.8799996,0,6.2999997,6.2999997
grid,-49,-33,213.95906,0.7384528,0,5.8799996,0,6.2999997,6.2999997
grid,-49,-32,213.14702,0.7315437,0,5.8799996,0,6.2999997,6.2999997
grid,-49,-31,212.31963,0.72478443,0,5.8799996,0,6.2999997,6.2999997
grid,-49,-30,211.47685,0.71817917,0,5.8799996,0,6.2999997,6.2999997
grid,-49,-29,210.61862,0.7117321,0,5.8799996,0,6.2999997,6.2999997
grid,-49,-28,209.74489,0.70544755,0,5.8799996,0,6.2999997,6.2999997
grid,-49,-27,208.85567,0.69933003,0,5.8799996,0,6.2999997,6.2999997
grid,-49,-26,207.95099,0.69338393,0,5.8799996,0,6.2999997,6.2999997
grid,-49,-25,207.03088,0.6876136,0,5.8799996,0,6.2999997,6.2999997
grid,-49,-24,206.09544,0.68202364,0,5.8799996,0,6.2999997,6.2999997
grid,-49,-23,205.1448,0.6766184,0,5.8799996,0,6.2999997,6.2999997
grid,-49,0,180,0.6125,0,5.8799996,0,6.2999997,6.2999997
grid,-49,23,154.85521,0.6766184,0,5.8799996,0,6.2999997,6.2999997
grid,-49,24,153.90457,0.68202364,0,5.8799996,0,6.2999997,6.2999997
grid,-49,25,152.96913,0.6876136,0,5.8799996,0,6.2999997,6.2999997
grid,-49,26,152.04903,0.69338393,0,5.8799996,0,6.2999997,6.2999997
grid,-49,27,151.14435,0.69933003,0,5.8799996,0,6.2999997,6.2999997
grid,-49,28,150.25513,0.70544755,0,5.8799996,0,6.2999997,6.2999997
grid,-49,29,149.3814,0.7117321,0,5.8799996,0,6.2999997,6.2999997
grid,-49,30,148.52316,0.71817917,0,5.8799996,0,6.2999997,6.2999997
grid,-49,31,147.68039,0.72478443,0,5.8799996,0,6.2999997,6.2999997
grid,-49,32,146.853,0.7315437,0,5.8799996,0,6.2999997,6.2999997
grid,-49,33,146.04095,0.7384528,0,5.8799996,0,6.2999997,6.2999997
grid,-49,34,145.24408,0.74550736,0,5.8799996,0,6.2999997,6.2999997
grid,-49,35,144.46233,0.7527035,0,5.8799996,0,6.2999997,6.2999997
grid,-49,36,143.6955,0.760037,0,5.8799996,0,6.2999997,6.2999997
grid,-49,37,142.94347,0.7675041,0,5.8799996,0,6.2999997,6.2999997
grid,-49,38,142.20605,0.7751008,0,5.8799996,0,6.2999997,6.2999997
grid,-49,39,141.48308,0.78282344,0,5.8799996,0,6.2999997,6.2999997
grid,-49,40,140.77432,0.79066825,0,5.8799996,0,6.2999997,6.2999997
grid,-49,41,140.07962,0.79863167,0,5.8799996,0,6.2999997,6.2999997
grid,-49,42,139.39871,0.8067101,0,5.8799996,0,6.2999997,6.2999997
grid,-49,43,138.7314,0.8149003,0,5.8799996,0,6.2999997,6.2999997
grid,-49,44,138.07745,0.8231988,0,5.8799996,0,6.2999997,6.2999997
grid,-49,45,137.43665,0.8316024,0,5.8799996,0,6.2999997,6.2999997
grid,-49,46,136.80875,0.84010786,0,5.8799996,0,6.2999997,6.2999997
grid,-49,47,136.1935,0.84871227,0,5.8799996,0,6.2999997,6.2999997
grid,-49,48,135.59067,0.8574126,0,5.8799996,0,6.2999997,6.2999997
grid,-49,49,135,0.8662058,0,5.8799996,0,6.2999997,6.2999997
grid,-49,50,134.42128,0.8750893,0,5.8799996,0,6.2999997,6.2999997
grid,-49,51,133.85423,0.8840602,0,5.8799996,0,6.2999997,6.2999997
grid,-49,52,133.29865,0.893116,0,5.8799996,0,6.2999997,6.2999997
grid,-49,53,132.75426,0.90225416,0,5.8799996,0,6.2999997,6.2999997
grid,-49,54,132.22084,0.911472,0,5.8799996,0,6.2999997,6.2999997
grid,-49,55,131.69814,0.92076737,0,5.8799996,0,6.2999997,6.2999997
grid,-49,56,131.18593,0.93013775,0,5.8799996,0,6.2999997,6.2999997
grid,-49,57,130.68398,0.93958104,0,5.8799996,0,6.2999997,6.2999997
grid,-49,58,130.19205,0.94909495,0,5.8799996,0,6.2999997,6.2999997
grid,-49,59,129.70993,0.9586775,0,5.8799996,0,6.2999997,6.2999997
grid,-49,60,129.23737,0.9683265,0,5.8799996,0,6.2999997,6.2999997
grid,-49,61,128.77417,0.97804016,0,5.8799996,0,6.2999997,6.2999997
grid,-49,62,128.32011,0.9878164,0,5.8799996,0,6.2999997,6.2999997
grid,-49,63,127.87498,0.99765354,0,5.8799996,0,6.2999997,6.2999997
grid,-48,-64,233.1301,1,0,5.8799996,0,6.2999997,6.2999997
grid,-48,-63,232.69608,0.99002844,0,5.8799996,0,6.2999997,6.2999997
grid,-48,-62,232.2532,0.98011476,0,5.8799996,0,6.2999997,6.2999997
grid,-48,-61,231.80133,0.9702609,0,5.8799996,0,6.2999997,6.2999997
grid,-48,-60,231.34021,0.96046865,0,5.8799996,0,6.2999997,6.2999997
grid,-48,-59,230.86963,0.95073986,0,5.8799996,0,6.2999997,6.2999997
grid,-48,-58,230.38933,0.9410765,0,5.8799996,0,6.2999997,6.2999997
grid,-48,-57,229.8991,0.93148065,0,5.8799996,0,6.2999997,6.2999997
grid,-48,-56,229.39874,0.92195445,0,5.8799996,0,6.2999997,6.2999997
grid,-48,-55,228.88792,0.9125,0,5.8799996,0,6.2999997,6.2999997
grid,-48,-54,228.36647,0.9031196,0,5.8799996,0,6.2999997,6.2999997
grid,-48,-53,227.83412,0.8938156,0,5.8799996,0,6.2999997,6.2999997
grid,-48,-52,227.29062,0.88459027,0,5.8799996,0,6.2999997,6.2999997
grid,-48,-51,226.73572,0.8754463,0,5.8799996,0,6.2999997,6.2999997
grid,-48,-50,226.16914,0.8663862,0,5.8799996,0,6.2999997,6.2999997
grid,-48,-49,225.59067,0.8574126,0,5.8799996,0,6.2999997,6.2999997
grid,-48,-48,225.00002,0.84852815,0,5.8799996,0,6.2999997,6.2999997
grid,-48,-47,224.39693,0.8397358,0,5.8799996,0,6.2999997,6.2999997
grid,-48,-46,223.78114,0.83103853,0,5.8799996,0,6.2999997,6.2999997
grid,-48,-45,223.1524,0.8224392,0,5.8799996,0,6.2999997,6.2999997
grid,-48,-44,222.51047,0.81394106,0,5.8799996,0,6.2999997,6.2999997
grid,-48,-43,221.85506,0.8055472,0,5.8799996,0,6.2999997,6.2999997
grid,-48,-42,221.18594,0.79726094,0,5.8799996,0,6.2999997,6.2999997
grid,-48,-41,220.50287,0.7890857,0,5.8799996,0,6.2999997,6.2999997
grid,-48,-40,219.80559,0.781025,0,5.8799996,0,6.2999997,6.2999997
grid,-48,-39,219.09387,0.7730823,0,5.8799996,0,6.2999997,6.2999997
grid,-48,-38,218.36751,0.7652614,0,5.8799996,0,6.2999997,6.2999997
grid,-48,-37,217.62625,0.75756603,0,5.8799996,0,6.2999997,6.2999997
grid,-48,-36,216.8699,0.75,0,5.8799996,0,6.2999997,6.2999997
grid,-48,-35,216.0983,0.74256736,0,5.8799996,0,6.2999997,6.2999997
grid,-48,-34,215.31122,0.7352721,0,5.8799996,0,6.2999997,6.2999997
grid,-48,-33,214.50853,0.7281183,0,5.8799996,0,6.2999997,6.2999997
grid,-48,-32,213.69008,0.7211103,0,5.8799996,0,6.2999997,6.2999997
grid,-48,-31,212.85573,0.71425223,0,5.8799996,0,6.2999997,6.2999997
grid,-48,-30,212.0054,0.7075486,0,5.8799996,0,6.2999997,6.2999997
grid,-48,-29,211.13899,0.70100373,0,5.8799996,0,6.2999997,6.2999997
grid,-48,-28,210.25645,0.6946222,0,5.8799996,0,6.2999997,6.2999997
grid,-48,-27,209.35777,0.6884085,0,5.8799996,0,6.2999997,6.2999997
grid,-48,-26,208.44293,0.6823672,0,5.8799996,0,6.2999997,6.2999997
grid,-48,-25,207.51201,0.67650294,0,5.8799996,0,6.2999997,6.2999997
grid,-48,-24,206.56506,0.6708204,0,5.8799996,0,6.2999997,6.2999997
grid,-48,-23,205.60219,0.6653242,0,5.8799996,0,6.2999997,6.2999997
grid,-48,0,180,0.6,0,5.8799996,0,6.2999997,6.2999997
grid,-48,23,154.39783,0.6653242,0,5.8799996,0,6.2999997,6.2999997
grid,-48,24,153.43495,0.6708204,0,5.8799996,0,6.2999997,6.2999997
grid,-48,25,152.488,0.67650294,0,5.8799996,0,6.2999997,6.2999997
grid,-48,26,151.55708,0.6823672,0,5.8799996,0,6.2999997,6.2999997
grid,-48,27,150.64224,0.6884085,0,5.8799996,0,6.2999997,6.2999997
grid,-48,28,149.74356,0.6946222,0,5.8799996,0,6.2999997,6.2999997
grid,-48,29,148.86102,0.70100373,0,5.8799996,0,6.2999997,6.2999997
grid,-48,30,147.99461,0.7075486,0,5.8799996,0,6.2999997,6.2999997
grid,-48,31,147.14429,0.71425223,0,5.8799996,0,6.2999997,6.2999997
grid,-48,32,146.30994,0.7211103,0,5.8799996,0,6.2999997,6.2999997
grid,-48,33,145.49149,0.7281183,0,5.8799996,0,6.2999997,6.2999997
grid,-48,34,144.68878,0.7352721,0,5.8799996,0,6.2999997,6.2999997
grid,-48,35,143.90172,0.74256736,0,5.8799996,0,6.2999997,6.2999997
grid,-48,36,143.13011,0.75,0,5.8799996,0,6.2999997,6.2999997
grid,-48,37,142.37376,0.75756603,0,5.8799996,0,6.2999997,6.2999997
grid,-48,38,141.6325,0.7652614,0,5.8799996,0,6.2999997,6.2999997
grid,-48,39,140.90614,0.7730823,0,5.8799996,0,6.2999997,6.2999997
grid,-48,40,140.19443,0.781025,0,5.8799996,0,6.2999997,6.2999997
grid,-48,41,139.49715,0.7890857,0,5.8799996,0,6.2999997,6.2999997
grid,-48,42,138.81407,0.79726094,0,5.8799996,0,6.2999997,6.2999997
grid,-48,43,138.14496,0.8055472,0,5.8799996,0,6.2999997,6.2999997
grid,-48,44,137.48955,0.81394106,0,5.8799996,0,6.2999997,6.2999997
grid,-48,45,136.84761,0.8224392,0,5.8799996,0,6.2999997,6.2999997
grid,-48,46,136.21887,0.83103853,0,5.8799996,0,6.2999997,6.2999997
grid,-48,47,135.60309,0.8397358,0,5.8799996,0,6.2999997,6.2999997
grid,-48,48,135,0.84852815,0,5.8799996,0,6.2999997,6.2999997
grid,-48,49,134.40935,0.8574126,0,5.8799996,0,6.2999997,6.2999997
grid,-48,50,133.83087,0.8663862,0,5.8799996,0,6.2999997,6.2999997
grid,-48,51,133.2643,0.8754463,0,5.8799996,0,6.2999997,6.2999997
grid,-48,52,132.70938,0.88459027,0,5.8799996,0,6.2999997,6.2999997
grid,-48,53,132.1659,0.8938156,0,5.8799996,0,6.2999997,6.2999997
grid,-48,54,131.63354,0.9031196,0,5.8799996,0,6.2999997,6.2999997
grid,-48,55,131.11209,0.9125,0,5.8799996,0,6.2999997,6.2999997
grid,-48,56,130.60129,0.92195445,0,5.8799996,0,6.2999997,6.2999997
grid,-48,57,130.1009,0.93148065,0,5.8799996,0,6.2999997,6.2999997
grid,-48,58,129.61069,0.9410765,0,5.8799996,0,6.2999997,6.2999997
grid,-48,59,129.1304,0.95073986,0,5.8799996,0,6.2999997,6.2999997
grid,-48,60,128.6598,0.96046865,0,5.8799996,0,6.2999997,6.2999997
grid,-48,61,128.19868,0.9702609,0,5.8799996,0,6.2999997,6.2999997
grid,-48,62,127.7468,0.98011476,0,5.8799996,0,6.2999997,6.2999997
grid,-48,63,127.30395,0.99002844,0,5.8799996,0,6.2999997,6.2999997
grid,-48,64,126.8699,1,0,5.8799996,0,6.2999997,6.2999997
grid,-47,-64,233.70738,0.9925504,0,5.8799996,0,6.2999997,6.2999997
grid,-47,-63,233.27591,0.9825032,0,5.8799996,0,6.2999997,6.2999997
grid,-47,-62,232.83553,0.97251284,0,5.8799996,0,6.2999997,6.2999997
grid,-47,-61,232.38605,0.96258116,0,5.8799996,0,6.2999997,6.2999997
grid,-47,-60,231.92722,0.9527099,0,5.8799996,0,6.2999997,6.2999997
grid,-47,-59,231.45883,0.94290113,0,5.8799996,0,6.2999997,6.2999997
grid,-47,-58,230.9806,0.9331566,0,5.8799996,0,6.2999997,6.2999997
grid,-47,-57,230.49232,0.9234784,0,5.8799996,0,6.2999997,6.2999997
grid,-47,-56,229.99376,0.9138688,0,5.8799996,0,6.2999997,6.2999997
grid,-47,-55,229.48463,0.90432984,0,5.8799996,0,6.2999997,6.2999997
grid,-47,-54,228.96466,0.89486384,0,5.8799996,0,6.2999997,6.2999997
grid,-47,-53,228.43364,0.885473,0,5.8799996,0,6.2999997,6.2999997
grid,-47,-52,227.89128,0.8761599,0,5.8799996,0,6.2999997,6.2999997
grid,-47,-51,227.33731,0.866927,0,5.8799996,0,6.2999997,6.2999997
grid,-47,-50,226.77147,0.8577769,0,5.8799996,0,6.2999997,6.2999997
grid,-47,-49,226.19351,0.84871227,0,5.8799996,0,6.2999997,6.2999997
grid,-47,-48,225.6031,0.8397358,0,5.8799996,0,6.2999997,6.2999997
grid,-47,-47,225.00002,0.8308504,0,5.8799996,0,6.2999997,6.2999997
grid,-47,-46,224.38396,0.82205915,0,5.8799996,0,6.2999997,6.2999997
grid,-47,-45,223.75465,0.81336486,0,5.8799996,0,6.2999997,6.2999997
grid,-47,-44,223.11182,0.8047709,0,5.8799996,0,6.2999997,6.2999997
grid,-47,-43,222.4552,0.79628044,0,5.8799996,0,6.2999997,6.2999997
grid,-47,-42,221.78453,0.7878967,0,5.8799996,0,6.2999997,6.2999997
grid,-47,-41,221.09952,0.77962327,0,5.8799996,0,6.2999997,6.2999997
grid,-47,-40,220.39992,0.7714637,0,5.8799996,0,6.2999997,6.2999997
grid,-47,-39,219.68547,0.7634216,0,5.8799996,0,6.2999997,6.2999997
grid,-47,-38,218.95592,0.7555007,0,5.8799996,0,6.2999997,6.2999997
grid,-47,-37,218.21103,0.7477048,0,5.8799996,0,6.2999997,6.2999997
grid,-47,-36,217.45059,0.740038,0,5.8799996,0,6.2999997,6.2999997
grid,-47,-35,216.67436,0.73250425,0,5.8799996,0,6.2999997,6.2999997
grid,-47,-34,215.88214,0.7251077,0,5.8799996,0,6.2999997,6.2999997
grid,-47,-33,215.07376,0.71785265,0,5.8799996,0,6.2999997,6.2999997
grid,-47,-32,214.24905,0.7107434,0,5.8799996,0,6.2999997,6.2999997
grid,-47,-31,213.40784,0.7037844,0,5.8799996,0,6.2999997,6.2999997
grid,-47,-30,212.55002,0.69698006,0,5.8799996,0,6.2999997,6.2999997
grid,-47,-29,211.67549,0.69033504,0,5.8799996,0,6.2999997,6.2999997
grid,-47,-28,210.78416,0.6838539,0,5.8799996,0,6.2999997,6.2999997
grid,-47,-27,209.876,0.6775415,0,5.8799996,0,6.2999997,6.2999997
grid,-47,-26,208.951,0.67140245,0,5.8799996,0,6.2999997,6.2999997
grid,-47,-25,208.00919,0.6654416,0,5.8799996,0,6.2999997,6.2999997
grid,-47,-24,207.05061,0.65966374,0,5.8799996,0,6.2999997,6.2999997
grid,-47,-23,206.07536,0.6540737,0,5.8799996,0,6.2999997,6.2999997
grid,-47,0,180,0.5875,0,5.8799996,0,6.2999997,6.2999997
grid,-47,23,153.92465,0.6540737,0,5.8799996,0,6.2999997,6.2999997
grid,-47,24,152.9494,0.65966374,0,5.8799996,0,6.2999997,6.2999997
grid,-47,25,151.99081,0.6654416,0,5.8799996,0,6.2999997,6.2999997
grid,-47,26,151.04901,0.67140245,0,5.8799996,0,6.2999997,6.2999997
grid,-47,27,150.12401,0.6775415,0,5.8799996,0,6.2999997,6.2999997
grid,-47,28,149.21585,0.6838539,0,5.8799996,0,6.2999997,6.2999997
grid,-47,29,148.32452,0.69033504,0,5.8799996,0,6.2999997,6.2999997
grid,-47,30,147.45,0.69698006,0,5.8799996,0,6.2999997,6.2999997
grid,-47,31,146.59218,0.7037844,0,5.8799996,0,6.2999997,6.2999997
grid,-47,32,145.75096,0.7107434,0,5.8799996,0,6.2999997,6.2999997
grid,-47,33,144.92625,0.71785265,0,5.8799996,0,6.2999997,6.2999997
grid,-47,34,144.11787,0.7251077,0,5.8799996,0,6.2999997,6.2999997
grid,-47,35,143.32565,0.73250425,0,5.8799996,0,6.2999997,6.2999997
grid,-47,36,142.54942,0.740038,0,5.8799996,0,6.2999997,6.2999997
grid,-47,37,141.78897,0.7477048,0,5.8799996,0,6.2999997,6.2999997
grid,-47,38,141.0441,0.7555007,0,5.8799996,0,6.2999997,6.2999997
grid,-47,39,140.31454,0.7634216,0,5.8799996,0,6.2999997,6.2999997
grid,-47,40,139.6001,0.7714637,0,5.8799996,0,6.2999997,6.2999997
grid,-47,41,138.9005,0.77962327,0,5.8799996,0,6.2999997,6.2999997
grid,-47,42,138.21548,0.7878967,0,5.8799996,0,6.2999997,6.2999997
grid,-47,43,137.54482,0.79628044,0,5.8799996,0,6.2999997,6.2999997
grid,-47,44,136.8882,0.8047709,0,5.8799996,0,6.2999997,6.2999997
grid,-47,45,136.24536,0.81336486,0,5.8799996,0,6.2999997,6.2999997
grid,-47,46,135.61606,0.82205915,0,5.8799996,0,6.2999997,6.2999997
grid,-47,47,135,0.8308504,0,5.8799996,0,6.2999997,6.2999997
grid,-47,48,134.39691,0.8397358,0,5.8799996,0,6.2999997,6.2999997
grid,-47,49,133.8065,0.84871227,0,5.8799996,0,6.2999997,6.2999997
grid,-47,50,133.22853,0.8577769,0,5.8799996,0,6.2999997,6.2999997
grid,-47,51,132.6627,0.866927,0,5.8799996,0,6.2999997,6.2999997
grid,-47,52,132.10873,0.8761599,0,5.8799996,0,6.2999997,6.2999997
grid,-47,53,131.56638,0.885473,0,5.8799996,0,6.2999997,6.2999997
grid,-47,54,131.03535,0.89486384,0,5.8799996,0,6.2999997,6.2999997
grid,-47,55,130.5154,0.90432984,0,5.8799996,0,6.2999997,6.2999997
grid,-47,56,130.00626,0.9138688,0,5.8799996,0,6.2999997,6.2999997
grid,-47,57,129.50769,0.9234784,0,5.8799996,0,6.2999997,6.2999997
grid,-47,58,129.01941,0.9331566,0,5.8799996,0,6.2999997,6.2999997
grid,-47,59,128.54118,0.94290113,0,5.8799996,0,6.2999997,6.2999997
grid,-47,60,128.07278,0.9527099,0,5.8799996,0,6.2999997,6.2999997
grid,-47,61,127.61396,0.96258116,0,5.8799996,0,6.2999997,6.2999997
grid,-47,62,127.164474,0.97251284,0,5.8799996,0,6.2999997,6.2999997
grid,-47,63,126.724106,0.9825032,0,5.8799996,0,6.2999997,6.2999997
grid,-47,64,126.29263,0.9925504,0,5.8799996,0,6.2999997,6.2999997
grid,-46,-65,234.71327,0.9953799,0,5.8799996,0,6.2999997,6.2999997
grid,-46,-64,234.2933,0.985203,0,5.8799996,0,6.2999997,6.2999997
grid,-46,-63,233.86464,0.97508013,0,5.8799996,0,6.2999997,6.2999997
grid,-46,-62,233.42696,0.96501297,0,5.8799996,0,6.2999997,6.2999997
grid,-46,-61,232.98013,0.95500326,0,5.8799996,0,6.2999997,6.2999997
grid,-46,-60,232.52385,0.9450529,0,5.8799996,0,6.2999997,6.2999997
grid,-46,-59,232.05786,0.93516374,0,5.8799996,0,6.2999997,6.2999997
grid,-46,-58,231.58197,0.9253378,0,5.8799996,0,6.2999997,6.2999997
grid,-46,-57,231.09587,0.915577,0,5.8799996,0,6.2999997,6.2999997
grid,-46,-56,230.59935,0.9058835,0,5.8799996,0,6.2999997,6.2999997
grid,-46,-55,230.09213,0.8962596,0,5.8799996,0,6.2999997,6.2999997
grid,-46,-54,229.57391,0.88670737,0,5.8799996,0,6.2999997,6.2999997
grid,-46,-53,229.0445,0.8772293,0,5.8799996,0,6.2999997,6.2999997
grid,-46,-52,228.50354,0.8678277,0,5.8799996,0,6.2999997,6.2999997
grid,-46,-51,227.95079,0.85850525,0,5.8799996,0,6.2999997,6.2999997
grid,-46,-50,227.38596,0.8492644,0,5.8799996,0,6.2999997,6.2999997
grid,-46,-49,226.80876,0.84010786,0,5.8799996,0,6.2999997,6.2999997
grid,-46,-48,226.21889,0.83103853,0,5.8799996,0,6.2999997,6.2999997
grid,-46,-47,225.61607,0.82205915,0,5.8799996,0,6.2999997,6.2999997
grid,-46,-46,225.00002,0.8131728,0,5.8799996,0,6.2999997,6.2999997
grid,-46,-45,224.37042,0.8043825,0,5.8799996,0,6.2999997,6.2999997
grid,-46,-44,223.72699,0.79569155,0,5.8799996,0,6.2999997,6.2999997
grid,-46,-43,223.06943,0.7871031,0,5.8799996,0,6.2999997,6.2999997
grid,-46,-42,222.39745,0.77862054,0,5.8799996,0,6.2999997,6.2999997
grid,-46,-41,221.71077,0.7702475,0,5.8799996,0,6.2999997,6.2999997
grid,-46,-40,221.00911,0.7619875,0,5.8799996,0,6.2999997,6.2999997
grid,-46,-39,220.29218,0.7538443,0,5.8799996,0,6.2999997,6.2999997
grid,-46,-38,219.55968,0.74582165,0,5.8799996,0,6.2999997,6.2999997
grid,-46,-37,218.8114,0.73792356,0,5.8799996,0,6.2999997,6.2999997
grid,-46,-36,218.04706,0.7301541,0,5.8799996,0,6.2999997,6.2999997
grid,-46,-35,217.26642,0.7225173,0,5.8799996,0,6.2999997,6.2999997
grid,-46,-34,216.46924,0.7150175,0,5.8799996,0,6.2999997,6.2999997
grid,-46,-33,215.65535,0.707659,0,5.8799996,0,6.2999997,6.2999997
grid,-46,-32,214.82451,0.7004463,0,5.8799996,0,6.2999997,6.2999997
grid,-46,-31,213.97655,0.69338393,0,5.8799996,0,6.2999997,6.2999997
grid,-46,-30,213.11136,0.6864765,0,5.8799996,0,6.2999997,6.2999997
grid,-46,-29,212.22878,0.6797288,0,5.8799996,0,6.2999997,6.2999997
grid,-46,-28,211.3287,0.6731456,0,5.8799996,0,6.2999997,6.2999997
grid,-46,-27,210.4111,0.6667318,0,5.8799996,0,6.2999997,6.2999997
grid,-46,-26,209.4759,0.66049224,0,5.8799996,0,6.2999997,6.2999997
grid,-46,-25,208.52312,0.654432,0,5.8799996,0,6.2999997,6.2999997
grid,-46,-24,207.55283,0.6485561,0,5.8799996,0,6.2999997,6.2999997
grid,-46,-23,206.56506,0.64286953,0,5.8799996,0,6.2999997,6.2999997
grid,-46,0,180,0.575,0,5.8799996,0,6.2999997,6.2999997
grid,-46,23,153.43495,0.64286953,0,5.8799996,0,6.2999997,6.2999997
grid,-46,24,152.44719,0.6485561,0,5.8799996,0,6.2999997,6.2999997
grid,-46,25,151.4769,0.654432,0,5.8799996,0,6.2999997,6.2999997
grid,-46,26,150.52411,0.66049224,0,5.8799996,0,6.2999997,6.2999997
grid,-46,27,149.58891,0.6667318,0,5.8799996,0,6.2999997,6.2999997
grid,-46,28,148.67131,0.6731456,0,5.8799996,0,6.2999997,6.2999997
grid,-46,29,147.77124,0.6797288,0,5.8799996,0,6.2999997,6.2999997
grid,-46,30,146.88866,0.6864765,0,5.8799996,0,6.2999997,6.2999997
grid,-46,31,146.02347,0.69338393,0,5.8799996,0,6.2999997,6.2999997
grid,-46,32,145.1755,0.7004463,0,5.8799996,0,6.2999997,6.2999997
grid,-46,33,144.34467,0.707659,0,5.8799996,0,6.2999997,6.2999997
grid,-46,34,143.53078,0.7150175,0,5.8799996,0,6.2999997,6.2999997
grid,-46,35,142.7336,0.7225173,0,5.8799996,0,6.2999997,6.2999997
grid,-46,36,141.95296,0.7301541,0,5.8799996,0,6.2999997,6.2999997
grid,-46,37,141.18861,0.73792356,0,5.8799996,0,6.2999997,6.2999997
grid,-46,38,140.44032,0.74582165,0,5.8799996,0,6.2999997,6.2999997
grid,-46,39,139.70784,0.7538443,0,5.8799996,0,6.2999997,6.2999997
grid,-46,40,138.9909,0.7619875,0,5.8799996,0,6.2999997,6.2999997
grid,-46,41,138.28925,0.7702475,0,5.8799996,0,6.2999997,6.2999997
grid,-46,42,137.60257,0.77862054,0,5.8799996,0,6.2999997,6.2999997
grid,-46,43,136.93059,0.7871031,0,5.8799996,0,6.2999997,6.2999997
grid,-46,44,136.27303,0.79569155,0,5.8799996,0,6.2999997,6.2999997
grid,-46,45,135.6296,0.8043825,0,5.8799996,0,6.2999997,6.2999997
grid,-46,46,135,0.8131728,0,5.8799996,0,6.2999997,6.2999997
grid,-46,47,134.38394,0.82205915,0,5.8799996,0,6.2999997,6.2999997
grid,-46,48,133.78113,0.83103853,0,5.8799996,0,6.2999997,6.2999997
grid,-46,49,133.19125,0.84010786,0,5.8799996,0,6.2999997,6.2999997
grid,-46,50,132.61406,0.8492644,0,5.8799996,0,6.2999997,6.2999997
grid,-46,51,132.04922,0.85850525,0,5.8799996,0,6.2999997,6.2999997
grid,-46,52,131.49648,0.8678277,0,5.8799996,0,6.2999997,6.2999997
grid,-46,53,130.95552,0.8772293,0,5.8799996,0,6.2999997,6.2999997
grid,-46,54,130.42609,0.88670737,0,5.8799996,0,6.2999997,6.2999997
grid,-46,55,129.9079,0.8962596,0,5.8799996,0,6.2999997,6.2999997
grid,-46,56,129.40067,0.9058835,0,5.8799996,0,6.2999997,6.2999997
grid,-46,57,128.90414,0.915577,0,5.8799996,0,6.2999997,6.2999997
grid,-46,58,128.41805,0.9253378,0,5.8799996,0,6.2999997,6.2999997
grid,-46,59,127.94215,0.93516374,0,5.8799996,0,6.2999997,6.2999997
grid,-46,60,127.47618,0.9450529,0,5.8799996,0,6.2999997,6.2999997
grid,-46,61,127.01988,0.95500326,0,5.8799996,0,6.2999997,6.2999997
grid,-46,62,126.57304,0.96501297,0,5.8799996,0,6.2999997,6.2999997
grid,-46,63,126.135376,0.97508013,0,5.8799996,0,6.2999997,6.2999997
grid,-46,64,125.706696,0.985203,0,5.8799996,0,6.2999997,6.2999997
grid,-46,65,125.28675,0.9953799,0,5.8799996,0,6.2999997,6.2999997
grid,-45,-66,235.71313,0.9985145,0,5.8799996,0,6.2999997,6.2999997
grid,-45,-65,235.30486,0.98821175,0,5.8799996,0,6.2999997,6.2999997
grid,-45,-64,234.88802,0.9779603,0,5.8799996,0,6.2999997,6.2999997
grid,-45,-63,234.46234,0.96776164,0,5.8799996,0,6.2999997,6.2999997
grid,-45,-62,234.02763,0.95761746,0,5.8799996,0,6.2999997,6.2999997
grid,-45,-61,233.58362,0.9475297,0,5.8799996,0,6.2999997,6.2999997
grid,-45,-60,233.1301,0.9375,0,5.8799996,0,6.2999997,6.2999997
grid,-45,-59,232.66682,0.92753035,0,5.8799996,0,6.2999997,6.2999997
grid,-45,-58,232.19348,0.9176226,0,5.8799996,0,6.2999997,6.2999997
grid,-45,-57,231.70985,0.90777886,0,5.8799996,0,6.2999997,6.2999997
grid,-45,-56,231.21565,0.89800125,0,5.8799996,0,6.2999997,6.2999997
grid,-45,-55,230.71062,0.8882919,0,5.8799996,0,6.2999997,6.2999997
grid,-45,-54,230.19443,0.8786531,0,5.8799996,0,6.2999997,6.2999997
grid,-45,-53,229.66685,0.8690872,0,5.8799996,0,6.2999997,6.2999997
grid,-45,-52,229.12761,0.85959655,0,5.8799996,0,6.2999997,6.2999997
grid,-45,-51,228.57634,0.8501838,0,5.8799996,0,6.2999997,6.2999997
grid,-45,-50,228.0128,0.8408515,0,5.8799996,0,6.2999997,6.2999997
grid,-45,-49,227.43666,0.8316024,0,5.8799996,0,6.2999997,6.2999997
grid,-45,-48,226.84763,0.8224392,0,5.8799996,0,6.2999997,6.2999997
grid,-45,-47,226.24538,0.81336486,0,5.8799996,0,6.2999997,6.2999997
grid,-45,-46,225.62961,0.8043825,0,5.8799996,0,6.2999997,6.2999997
grid,-45,-45,225.00002,0.79549515,0,5.8799996,0,6.2999997,6.2999997
grid,-45,-44,224.35626,0.786706,0,5.8799996,0,6.2999997,6.2999997
grid,-45,-43,223.69806,0.77801836,0,5.8799996,0,6.2999997,6.2999997
grid,-45,-42,223.02507,0.76943564,0,5.8799996,0,6.2999997,6.2999997
grid,-45,-41,222.33702,0.76096153,0,5.8799996,0,6.2999997,6.2999997
grid,-45,-40,221.63354,0.75259966,0,5.8799996,0,6.2999997,6.2999997
grid,-45,-39,220.9144,0.7443537,0,5.8799996,0,6.2999997,6.2999997
grid,-45,-38,220.17924,0.7362277,0,5.8799996,0,6.2999997,6.2999997
grid,-45,-37,219.42783,0.7282256,0,5.8799996,0,6.2999997,6.2999997
grid,-45,-36,218.65982,0.72035146,0,5.8799996,0,6.2999997,6.2999997
grid,-45,-35,217.87498,0.71260965,0,5.8799996,0,6.2999997,6.2999997
grid,-45,-34,217.07309,0.70500445,0,5.8799996,0,6.2999997,6.2999997
grid,-45,-33,216.25385,0.69754034,0,5.8799996,0,6.2999997,6.2999997
grid,-45,-32,215.41707,0.6902219,0,5.8799996,0,6.2999997,6.2999997
grid,-45,-31,214.56255,0.6830538,0,5.8799996,0,6.2999997,6.2999997
grid,-45,-30,213.69008,0.6760409,0,5.8799996,0,6.2999997,6.2999997
grid,-45,-29,212.79955,0.66918796,0,5.8799996,0,6.2999997,6.2999997
grid,-45,-28,211.89081,0.6625,0,5.8799996,0,6.2999997,6.2999997
grid,-45,-27,210.96378,0.6559821,0,5.8799996,0,6.2999997,6.2999997
grid,-45,-26,210.01837,0.6496393,0,5.8799996,0,6.2999997,6.2999997
grid,-45,-25,209.05463,0.6434769,0,5.8799996,0,6.2999997,6.2999997
grid,-45,-24,208.0725,0.6375,0,5.8799996,0,6.2999997,6.2999997
grid,-45,-23,207.0721,0.6317139,0,5.8799996,0,6.2999997,6.2999997
grid,-45,0,180,0.5625,0,5.8799996,0,6.2999997,6.2999997
grid,-45,23,152.92792,0.6317139,0,5.8799996,0,6.2999997,6.2999997
grid,-45,24,151.92752,0.6375,0,5.8799996,0,6.2999997,6.2999997
grid,-45,25,150.94539,0.6434769,0,5.8799996,0,6.2999997,6.2999997
grid,-45,26,149.98164,0.6496393,0,5.8799996,0,6.2999997,6.2999997
grid,-45,27,149.03624,0.6559821,0,5.8799996,0,6.2999997,6.2999997
grid,-45,28,148.1092,0.6625,0,5.8799996,0,6.2999997,6.2999997
grid,-45,29,147.20047,0.66918796,0,5.8799996,0,6.2999997,6.2999997
grid,-45,30,146.30994,0.6760409,0,5.8799996,0,6.2999997,6.2999997
grid,-45,31,145.43747,0.6830538,0,5.8799996,0,6.2999997,6.2999997
grid,-45,32,144.58295,0.6902219,0,5.8799996,0,6.2999997,6.2999997
grid,-45,33,143.74617,0.69754034,0,5.8799996,0,6.2999997,6.2999997
grid,-45,34,142.92693,0.70500445,0,5.8799996,0,6.2999997,6.2999997
grid,-45,35,142.12503,0.71260965,0,5.8799996,0,6.2999997,6.2999997
grid,-45,36,141.3402,0.72035146,0,5.8799996,0,6.2999997,6.2999997
grid,-45,37,140.57219,0.7282256,0,5.8799996,0,6.2999997,6.2999997
grid,-45,38,139.82077,0.7362277,0,5.8799996,0,6.2999997,6.2999997
grid,-45,39,139.08562,0.7443537,0,5.8799996,0,6.2999997,6.2999997
grid,-45,40,138.36647,0.75259966,0,5.8799996,0,6.2999997,6.2999997
grid,-45,41,137.663,0.76096153,0,5.8799996,0,6.2999997,6.2999997
grid,-45,42,136.97495,0.76943564,0,5.8799996,0,6.2999997,6.2999997
grid,-45,43,136.30196,0.77801836,0,5.8799996,0,6.2999997,6.2999997
grid,-45,44,135.64375,0.786706,0,5.8799996,0,6.2999997,6.2999997
grid,-45,45,135,0.79549515,0,5.8799996,0,6.2999997,6.2999997
grid,-45,46,134.3704,0.8043825,0,5.8799996,0,6.2999997,6.2999997
grid,-45,47,133.75464,0.81336486,0,5.8799996,0,6.2999997,6.2999997
grid,-45,48,133.15239,0.8224392,0,5.8799996,0,6.2999997,6.2999997
grid,-45,49,132.56335,0.8316024,0,5.8799996,0,6.2999997,6.2999997
grid,-45,50,131.98721,0.8408515,0,5.8799996,0,6.2999997,6.2999997
grid,-45,51,131.42368,0.8501838,0,5.8799996,0,6.2999997,6.2999997
grid,-45,52,130.8724,0.85959655,0,5.8799996,0,6.2999997,6.2999997
grid,-45,53,130.33315,0.8690872,0,5.8799996,0,6.2999997,6.2999997
grid,-45,54,129.80557,0.8786531,0,5.8799996,0,6.2999997,6.2999997
grid,-45,55,129.2894,0.8882919,0,5.8799996,0,6.2999997,6.2999997
grid,-45,56,128.78436,0.89800125,0,5.8799996,0,6.2999997,6.2999997
grid,-45,57,128.29016,0.90777886,0,5.8799996,0,6.2999997,6.2999997
grid,-45,58,127.806526,0.9176226,0,5.8799996,0,6.2999997,6.2999997
grid,-45,59,127.3332,0.92753035,0,5.8799996,0,6.2999997,6.2999997
grid,-45,60,126.8699,0.9375,0,5.8799996,0,6.2999997,6.2999997
grid,-45,61,126.41638,0.9475297,0,5.8799996,0,6.2999997,6.2999997
grid,-45,62,125.97239,0.95761746,0,5.8799996,0,6.2999997,6.2999997
grid,-45,63,125.537674,0.96776164,0,5.8799996,0,6.2999997,6.2999997
grid,-45,64,125.11201,0.9779603,0,5.8799996,0,6.2999997,6.2999997
grid,-45,65,124.69516,0.98821175,0,5.8799996,0,6.2999997,6.2999997
grid,-45,66,124.28688,0.9985145,0,5.8799996,0,6.2999997,6.2999997
grid,-44,-66,236.30995,0.9915266,0,5.8799996,0,6.2999997,6.2999997
grid,-44,-65,235.90504,0.98115045,0,5.8799996,0,6.2999997,6.2999997
grid,-44,-64,235.49149,0.9708244,0,5.8799996,0,6.2999997,6.2999997
grid,-44,-63,235.06908,0.96055,0,5.8799996,0,6.2999997,6.2999997
grid,-44,-62,234.63754,0.9503289,0,5.8799996,0,6.2999997,6.2999997
grid,-44,-61,234.19667,0.9401629,0,5.8799996,0,6.2999997,6.2999997
grid,-44,-60,233.74619,0.9300538,0,5.8799996,0,6.2999997,6.2999997
grid,-44,-59,233.28583,0.9200034,0,5.8799996,0,6.2999997,6.2999997
grid,-44,-58,232.8153,0.9100138,0,5.8799996,0,6.2999997,6.2999997
grid,-44,-57,232.33441,0.90008676,0,5.8799996,0,6.2999997,6.2999997
grid,-44,-56,231.8428,0.8902247,0,5.8799996,0,6.2999997,6.2999997
grid,-44,-55,231.34021,0.88042957,0,5.8799996,0,6.2999997,6.2999997
grid,-44,-54,230.82635,0.87070376,0,5.8799996,0,6.2999997,6.2999997
grid,-44,-53,230.30092,0.86104953,0,5.8799996,0,6.2999997,6.2999997
grid,-44,-52,229.76366,0.8514693,0,5.8799996,0,6.2999997,6.2999997
grid,-44,-51,229.21419,0.8419657,0,5.8799996,0,6.2999997,6.2999997
grid,-44,-50,228.65224,0.8325413,0,5.8799996,0,6.2999997,6.2999997
grid,-44,-49,228.07747,0.8231988,0,5.8799996,0,6.2999997,6.2999997
grid,-44,-48,227.48956,0.81394106,0,5.8799996,0,6.2999997,6.2999997
grid,-44,-47,226.8882,0.8047709,0,5.8799996,0,6.2999997,6.2999997
grid,-44,-46,226.27304,0.79569155,0,5.8799996,0,6.2999997,6.2999997
grid,-44,-45,225.64375,0.786706,0,5.8799996,0,6.2999997,6.2999997
grid,-44,-44,225.00002,0.7778175,0,5.8799996,0,6.2999997,6.2999997
grid,-44,-43,224.34148,0.76902944,0,5.8799996,0,6.2999997,6.2999997
grid,-44,-42,223.66779,0.76034534,0,5.8799996,0,6.2999997,6.2999997
grid,-44,-41,222.97864,0.7517687,0,5.8799996,0,6.2999997,6.2999997
grid,-44,-40,222.2737,0.7433034,0,5.8799996,0,6.2999997,6.2999997
grid,-44,-39,221.55263,0.7349532,0,5.8799996,0,6.2999997,6.2999997
grid,-44,-38,220.8151,0.72672206,0,5.8799996,0,6.2999997,6.2999997
grid,-44,-37,220.0608,0.71861416,0,5.8799996,0,6.2999997,6.2999997
grid,-44,-36,219.28941,0.7106335,0,5.8799996,0,6.2999997,6.2999997
grid,-44,-35,218.50067,0.70278466,0,5.8799996,0,6.2999997,6.2999997
grid,-44,-34,217.69424,0.69507194,0,5.8799996,0,6.2999997,6.2999997
grid,-44,-33,216.86992,0.6875,0,5.8799996,0,6.2999997,6.2999997
grid,-44,-32,216.02739,0.68007356,0,5.8799996,0,6.2999997,6.2999997
grid,-44,-31,215.16646,0.6727973,0,5.8799996,0,6.2999997,6.2999997
grid,-44,-30,214.28688,0.66567636,0,5.8799996,0,6.2999997,6.2999997
grid,-44,-29,213.38852,0.6587156,0,5.8799996,0,6.2999997,6.2999997
grid,-44,-28,212.4712,0.65192026,0,5.8799996,0,6.2999997,6.2999997
grid,-44,-27,211.5348,0.6452955,0,5.8799996,0,6.2999997,6.2999997
grid,-44,-26,210.57924,0.6388466,0,5.8799996,0,6.2999997,6.2999997
grid,-44,-25,209.60446,0.632579,0,5.8799996,0,6.2999997,6.2999997
grid,-44,-24,208.61047,0.6264982,0,5.8799996,0,6.2999997,6.2999997
grid,-44,-23,207.5973,0.6206096,0,5.8799996,0,6.2999997,6.2999997
grid,-44,0,180,0.55,0,5.8799996,0,6.2999997,6.2999997
grid,-44,23,152.40271,0.6206096,0,5.8799996,0,6.2999997,6.2999997
grid,-44,24,151.38954,0.6264982,0,5.8799996,0,6.2999997,6.2999997
grid,-44,25,150.39555,0.632579,0,5.8799996,0,6.2999997,6.2999997
grid,-44,26,149.42078,0.6388466,0,5.8799996,0,6.2999997,6.2999997
grid,-44,27,148.46521,0.6452955,0,5.8799996,0,6.2999997,6.2999997
grid,-44,28,147.52881,0.65192026,0,5.8799996,0,6.2999997,6.2999997
grid,-44,29,146.61148,0.6587156,0,5.8799996,0,6.2999997,6.2999997
grid,-44,30,145.71312,0.66567636,0,5.8799996,0,6.2999997,6.2999997
grid,-44,31,144.83356,0.6727973,0,5.8799996,0,6.2999997,6.2999997
grid,-44,32,143.97263,0.68007356,0,5.8799996,0,6.2999997,6.2999997
grid,-44,33,143.1301,0.6875,0,5.8799996,0,6.2999997,6.2999997
grid,-44,34,142.30577,0.69507194,0,5.8799996,0,6.2999997,6.2999997
grid,-44,35,141.49934,0.70278466,0,5.8799996,0,6.2999997,6.2999997
grid,-44,36,140.7106,0.7106335,0,5.8799996,0,6.2999997,6.2999997
grid,-44,37,139.93921,0.71861416,0,5.8799996,0,6.2999997,6.2999997
grid,-44,38,139.1849,0.72672206,0,5.8799996,0,6.2999997,6.2999997
grid,-44,39,138.44739,0.7349532,0,5.8799996,0,6.2999997,6.2999997
grid,-44,40,137.72632,0.7433034,0,5.8799996,0,6.2999997,6.2999997
grid,-44,41,137.02136,0.7517687,0,5.8799996,0,6.2999997,6.2999997
grid,-44,42,136.33223,0.76034534,0,5.8799996,0,6.2999997,6.2999997
grid,-44,43,135.65854,0.76902944,0,5.8799996,0,6.2999997,6.2999997
grid,-44,44,135,0.7778175,0,5.8799996,0,6.2999997,6.2999997
grid,-44,45,134.35626,0.786706,0,5.8799996,0,6.2999997,6.2999997
grid,-44,46,133.72697,0.79569155,0,5.8799996,0,6.2999997,6.2999997
grid,-44,47,133.11182,0.8047709,0,5.8799996,0,6.2999997,6.2999997
grid,-44,48,132.51045,0.81394106,0,5.8799996,0,6.2999997,6.2999997
grid,-44,49,131.92255,0.8231988,0,5.8799996,0,6.2999997,6.2999997
grid,-44,50,131.34778,0.8325413,0,5.8799996,0,6.2999997,6.2999997
grid,-44,51,130.78583,0.8419657,0,5.8799996,0,6.2999997,6.2999997
grid,-44,52,130.23636,0.8514693,0,5.8799996,0,6.2999997,6.2999997
grid,-44,53,129.69908,0.86104953,0,5.8799996,0,6.2999997,6.2999997
grid,-44,54,129.17366,0.87070376,0,5.8799996,0,6.2999997,6.2999997
grid,-44,55,128.6598,0.88042957,0,5.8799996,0,6.2999997,6.2999997
grid,-44,56,128.15723,0.8902247,0,5.8799996,0,6.2999997,6.2999997
grid,-44,57,127.66562,0.90008676,0,5.8799996,0,6.2999997,6.2999997
grid,-44,58,127.18471,0.9100138,0,5.8799996,0,6.2999997,6.2999997
grid,-44,59,126.7142,0.9200034,0,5.8799996,0,6.2999997,6.2999997
grid,-44,60,126.25384,0.9300538,0,5.8799996,0,6.2999997,6.2999997
grid,-44,61,125.803345,0.9401629,0,5.8799996,0,6.2999997,6.2999997
grid,-44,62,125.362465,0.9503289,0,5.8799996,0,6.2999997,6.2999997
grid,-44,63,124.93094,0.96055,0,5.8799996,0,6.2999997,6.2999997
grid,-44,64,124.508514,0.9708244,0,5.8799996,0,6.2999997,6.2999997
grid,-44,65,124.09498,0.98115045,0,5.8799996,0,6.2999997,6.2999997
grid,-44,66,123.69007,0.9915266,0,5.8799996,0,6.2999997,6.2999997
grid,-43,-67,237.30804,0.9951444,0,5.8799996,0,6.2999997,6.2999997
grid,-43,-66,236.91516,0.98464775,0,5.8799996,0,6.2999997,6.2999997
grid,-43,-65,236.51382,0.9741984,0,5.8799996,0,6.2999997,6.2999997
grid,-43,-64,236.10385,0.96379787,0,5.8799996,0,6.2999997,6.2999997
grid,-43,-63,235.68492,0.9534477,0,5.8799996,0,6.2999997,6.2999997
grid,-43,-62,235.25682,0.9431496,0,5.8799996,0,6.2999997,6.2999997
grid,-43,-61,234.8193,0.93290544,0,5.8799996,0,6.2999997,6.2999997
grid,-43,-60,234.3721,0.9227168,0,5.8799996,0,6.2999997,6.2999997
grid,-43,-59,233.91493,0.9125856,0,5.8799996,0,6.2999997,6.2999997
grid,-43,-58,233.44754,0.9025139,0,5.8799996,0,6.2999997,6.2999997
grid,-43,-57,232.96962,0.8925035,0,5.8799996,0,6.2999997,6.2999997
grid,-43,-56,232.4809,0.8825566,0,5.8799996,0,6.2999997,6.2999997
grid,-43,-55,231.98106,0.8726755,0,5.8799996,0,6.2999997,6.2999997
grid,-43,-54,231.46982,0.8628622,0,5.8799996,0,6.2999997,6.2999997
grid,-43,-53,230.9469,0.8531193,0,5.8799996,0,6.2999997,6.2999997
grid,-43,-52,230.4119,0.843449,0,5.8799996,0,6.2999997,6.2999997
grid,-43,-51,229.86453,0.833854,0,5.8799996,0,6.2999997,6.2999997
grid,-43,-50,229.30447,0.8243369,0,5.8799996,0,6.2999997,6.2999997
grid,-43,-49,228.73141,0.8149003,0,5.8799996,0,6.2999997,6.2999997
grid,-43,-48,228.14497,0.8055472,0,5.8799996,0,6.2999997,6.2999997
grid,-43,-47,227.54482,0.79628044,0,5.8799996,0,6.2999997,6.2999997
grid,-43,-46,226.93059,0.7871031,0,5.8799996,0,6.2999997,6.2999997
grid,-43,-45,226.30197,0.77801836,0,5.8799996,0,6.2999997,6.2999997
grid,-43,-44,225.65855,0.76902944,0,5.8799996,0,6.2999997,6.2999997
grid,-43,-43,225.00002,0.7601398,0,5.8799996,0,6.2999997,6.2999997
grid,-43,-42,224.32597,0.7513529,0,5.8799996,0,6.2999997,6.2999997
grid,-43,-41,223.63608,0.74267256,0,5.8799996,0,6.2999997,6.2999997
grid,-43,-40,222.93,0.73410237,0,5.8799996,0,6.2999997,6.2999997
grid,-43,-39,222.2073,0.7256463,0,5.8799996,0,6.2999997,6.2999997
grid,-43,-38,221.46771,0.71730834,0,5.8799996,0,6.2999997,6.2999997
grid,-43,-37,220.71086,0.70909274,0,5.8799996,0,6.2999997,6.2999997
grid,-43,-36,219.9364,0.70100373,0,5.8799996,0,6.2999997,6.2999997
grid,-43,-35,219.144,0.69304585,0,5.8799996,0,6.2999997,6.2999997
grid,-43,-34,218.33336,0.6852235,0,5.8799996,0,6.2999997,6.2999997
grid,-43,-33,217.50415,0.6775415,0,5.8799996,0,6.2999997,6.2999997
grid,-43,-32,216.65611,0.6700047,0,5.8799996,0,6.2999997,6.2999997
grid,-43,-31,215.78899,0.6626179,0,5.8799996,0,6.2999997,6.2999997
grid,-43,-30,214.90251,0.6553863,0,5.8799996,0,6.2999997,6.2999997
grid,-43,-29,213.99648,0.64831513,0,5.8799996,0,6.2999997,6.2999997
grid,-43,-28,213.0707,0.6414096,0,5.8799996,0,6.2999997,6.2999997
grid,-43,-27,212.12502,0.63467515,0,5.8799996,0,6.2999997,6.2999997
grid,-43,-26,211.15932,0.6281172,0,5.8799996,0,6.2999997,6.2999997
grid,-43,-25,210.17352,0.62174153,0,5.8799996,0,6.2999997,6.2999997
grid,-43,-24,209.16762,0.6155536,0,5.8799996,0,6.2999997,6.2999997
grid,-43,-23,208.14162,0.6095593,0,5.8799996,0,6.2999997,6.2999997
grid,-43,0,180,0.5375,0,5.8799996,0,6.2999997,6.2999997
grid,-43,23,151.8584,0.6095593,0,5.8799996,0,6.2999997,6.2999997
grid,-43,24,150.8324,0.6155536,0,5.8799996,0,6.2999997,6.2999997
grid,-43,25,149.82649,0.62174153,0,5.8799996,0,6.2999997,6.2999997
grid,-43,26,148.8407,0.6281172,0,5.8799996,0,6.2999997,6.2999997
grid,-43,27,147.875,0.63467515,0,5.8799996,0,6.2999997,6.2999997
grid,-43,28,146.92932,0.6414096,0,5.8799996,0,6.2999997,6.2999997
grid,-43,29,146.00354,0.64831513,0,5.8799996,0,6.2999997,6.2999997
grid,-43,30,145.0975,0.6553863,0,5.8799996,0,6.2999997,6.2999997
grid,-43,31,144.21103,0.6626179,0,5.8799996,0,6.2999997,6.2999997
grid,-43,32,143.3439,0.6700047,0,5.8799996,0,6.2999997,6.2999997
grid,-43,33,142.49586,0.6775415,0,5.8799996,0,6.2999997,6.2999997
grid,-43,34,141.66666,0.6852235,0,5.8799996,0,6.2999997,6.2999997
grid,-43,35,140.85602,0.69304585,0,5.8799996,0,6.2999997,6.2999997
grid,-43,36,140.06361,0.70100373,0,5.8799996,0,6.2999997,6.2999997
grid,-43,37,139.28915,0.70909274,0,5.8799996,0,6.2999997,6.2999997
grid,-43,38,138.5323,0.71730834,0,5.8799996,0,6.2999997,6.2999997
grid,-43,39,137.79271,0.7256463,0,5.8799996,0,6.2999997,6.2999997
grid,-43,40,137.07002,0.73410237,0,5.8799996,0,6.2999997,6.2999997
grid,-43,41,136.36394,0.74267256,0,5.8799996,0,6.2999997,6.2999997
grid,-43,42,135.67404,0.7513529,0,5.8799996,0,6.2999997,6.2999997
grid,-43,43,135,0.7601398,0,5.8799996,0,6.2999997,6.2999997
grid,-43,44,134.34146,0.76902944,0,5.8799996,0,6.2999997,6.2999997
grid,-43,45,133.69804,0.77801836,0,5.8799996,0,6.2999997,6.2999997
grid,-43,46,133.06943,0.7871031,0,5.8799996,0,6.2999997,6.2999997
grid,-43,47,132.4552,0.79628044,0,5.8799996,0,6.2999997,6.2999997
grid,-43,48,131.85504,0.8055472,0,5.8799996,0,6.2999997,6.2999997
grid,-43,49,131.2686,0.8149003,0,5.8799996,0,6.2999997,6.2999997
grid,-43,50,130.69554,0.8243369,0,5.8799996,0,6.2999997,6.2999997
grid,-43,51,130.13548,0.833854,0,5.8799996,0,6.2999997,6.2999997
grid,-43,52,129.58813,0.843449,0,5.8799996,0,6.2999997,6.2999997
grid,-43,53,129.05313,0.8531193,0,5.8799996,0,6.2999997,6.2999997
grid,-43,54,128.53018,0.8628622,0,5.8799996,0,6.2999997,6.2999997
grid,-43,55,128.01895,0.8726755,0,5.8799996,0,6.2999997,6.2999997
grid,-43,56,127.51911,0.8825566,0,5.8799996,0,6.2999997,6.2999997
grid,-43,57,127.03039,0.8925035,0,5.8799996,0,6.2999997,6.2999997
grid,-43,58,126.552475,0.9025139,0,5.8799996,0,6.2999997,6.2999997
grid,-43,59,126.085075,0.9125856,0,5.8799996,0,6.2999997,6.2999997
grid,-43,60,125.62791,0.9227168,0,5.8799996,0,6.2999997,6.2999997
grid,-43,61,125.1807,0.93290544,0,5.8799996,0,6.2999997,6.2999997
grid,-43,62,124.74319,0.9431496,0,5.8799996,0,6.2999997,6.2999997
grid,-43,63,124.31509,0.9534477,0,5.8799996,0,6.2999997,6.2999997
grid,-43,64,123.896164,0.96379787,0,5.8799996,0,6.2999997,6.2999997
grid,-43,65,123.486176,0.9741984,0,5.8799996,0,6.2999997,6.2999997
grid,-43,66,123.08486,0.98464775,0,5.8799996,0,6.2999997,6.2999997
grid,-43,67,122.691986,0.9951444,0,5.8799996,0,6.2999997,6.2999997
grid,-42,-68,238.29858,0.99906206,0,5.8799996,0,6.2999997,6.2999997
grid,-42,-67,237.91785,0.98844886,0,5.8799996,0,6.2999997,6.2999997
grid,-42,-66,237.52882,0.97788036,0,5.8799996,0,6.2999997,6.2999997
grid,-42,-65,237.13133,0.9673579,0,5.8799996,0,6.2999997,6.2999997
grid,-42,-64,236.72513,0.95688295,0,5.8799996,0,6.2999997,6.2999997
grid,-42,-63,236.30995,0.9464572,0,5.8799996,0,6.2999997,6.2999997
grid,-42,-62,235.88556,0.9360822,0,5.8799996,0,6.2999997,6.2999997
grid,-42,-61,235.45164,0.9257598,0,5.8799996,0,6.2999997,6.2999997
grid,-42,-60,235.008,0.91549164,0,5.8799996,0,6.2999997,6.2999997
grid,-42,-59,234.5543,0.90527964,0,5.8799996,0,6.2999997,6.2999997
grid,-42,-58,234.09032,0.8951257,0,5.8799996,0,6.2999997,6.2999997
grid,-42,-57,233.61566,0.88503176,0,5.8799996,0,6.2999997,6.2999997
grid,-42,-56,233.1301,0.87499994,0,5.8799996,0,6.2999997,6.2999997
grid,-42,-55,232.63335,0.8650325,0,5.8799996,0,6.2999997,6.2999997
grid,-42,-54,232.12502,0.85513157,0,5.8799996,0,6.2999997,6.2999997
grid,-42,-53,231.60483,0.8452995,0,5.8799996,0,6.2999997,6.2999997
grid,-42,-52,231.07246,0.8355387,0,5.8799996,0,6.2999997,6.2999997
grid,-42,-51,230.52754,0.8258518,0,5.8799996,0,6.2999997,6.2999997
grid,-42,-50,229.96974,0.8162414,0,5.8799996,0,6.2999997,6.2999997
grid,-42,-49,229.39874,0.8067101,0,5.8799996,0,6.2999997,6.2999997
grid,-42,-48,228.81409,0.79726094,0,5.8799996,0,6.2999997,6.2999997
grid,-42,-47,228.2155,0.7878967,0,5.8799996,0,6.2999997,6.2999997
grid,-42,-46,227.60257,0.77862054,0,5.8799996,0,6.2999997,6.2999997
grid,-42,-45,226.97495,0.76943564,0,5.8799996,0,6.2999997,6.2999997
grid,-42,-44,226.33224,0.76034534,0,5.8799996,0,6.2999997,6.2999997
grid,-42,-43,225.67406,0.7513529,0,5.8799996,0,6.2999997,6.2999997
grid,-42,-42,225.00002,0.74246204,0,5.8799996,0,6.2999997,6.2999997
grid,-42,-41,224.30974,0.7336765,0,5.8799996,0,6.2999997,6.2999997
grid,-42,-40,223.60283,0.72499996,0,5.8799996,0,6.2999997,6.2999997
grid,-42,-39,222.87892,0.7164365,0,5.8799996,0,6.2999997,6.2999997
grid,-42,-38,222.1376,0.7079901,0,5.8799996,0,6.2999997,6.2999997
grid,-42,-37,221.37852,0.69966507,0,5.8799996,0,6.2999997,6.2999997
grid,-42,-36,220.6013,0.6914658,0,5.8799996,0,6.2999997,6.2999997
grid,-42,-35,219.80559,0.6833968,0,5.8799996,0,6.2999997,6.2999997
grid,-42,-34,218.991,0.6754628,0,5.8799996,0,6.2999997,6.2999997
grid,-42,-33,218.15724,0.66766846,0,5.8799996,0,6.2999997,6.2999997
grid,-42,-32,217.30396,0.6600189,0,5.8799996,0,6.2999997,6.2999997
grid,-42,-31,216.43088,0.6525191,0,5.8799996,0,6.2999997,6.2999997
grid,-42,-30,215.53769,0.6451744,0,5.8799996,0,6.2999997,6.2999997
grid,-42,-29,214.62418,0.63799,0,5.8799996,0,6.2999997,6.2999997
grid,-42,-28,213.69008,0.63097143,0,5.8799996,0,6.2999997,6.2999997
grid,-42,-27,212.73524,0.62412435,0,5.8799996,0,6.2999997,6.2999997
grid,-42,-26,211.7595,0.6174544,0,5.8799996,0,6.2999997,6.2999997
grid,-42,-25,210.76273,0.61096746,0,5.8799996,0,6.2999997,6.2999997
grid,-42,-24,209.74489,0.6046693,0,5.8799996,0,6.2999997,6.2999997
grid,-42,-23,208.70596,0.59856594,0,5.8799996,0,6.2999997,6.2999997
grid,-42,0,180,0.525,0,5.8799996,0,6.2999997,6.2999997
grid,-42,23,151.29405,0.59856594,0,5.8799996,0,6.2999997,6.2999997
grid,-42,24,150.25513,0.6046693,0,5.8799996,0,6.2999997,6.2999997
grid,-42,25,149.23729,0.61096746,0,5.8799996,0,6.2999997,6.2999997
grid,-42,26,148.24051,0.6174544,0,5.8799996,0,6.2999997,6.2999997
grid,-42,27,147.26477,0.62412435,0,5.8799996,0,6.2999997,6.2999997
grid,-42,28,146.30994,0.63097143,0,5.8799996,0,6.2999997,6.2999997
grid,-42,29,145.37584,0.63799,0,5.8799996,0,6.2999997,6.2999997
grid,-42,30,144.46233,0.6451744,0,5.8799996,0,6.2999997,6.2999997
grid,-42,31,143.56914,0.6525191,0,5.8799996,0,6.2999997,6.2999997
grid,-42,32,142.69606,0.6600189,0,5.8799996,0,6.2999997,6.2999997
grid,-42,33,141.84277,0.66766846,0,5.8799996,0,6.2999997,6.2999997
grid,-42,34,141.00902,0.6754628,0,5.8799996,0,6.2999997,6.2999997
grid,-42,35,140.19443,0.6833968,0,5.8799996,0,6.2999997,6.2999997
grid,-42,36,139.39871,0.6914658,0,5.8799996,0,6.2999997,6.2999997
grid,-42,37,138.62149,0.69966507,0,5.8799996,0,6.2999997,6.2999997
grid,-42,38,137.86241,0.7079901,0,5.8799996,0,6.2999997,6.2999997
grid,-42,39,137.1211,0.7164365,0,5.8799996,0,6.2999997,6.2999997
grid,-42,40,136.39719,0.72499996,0,5.8799996,0,6.2999997,6.2999997
grid,-42,41,135.69028,0.7336765,0,5.8799996,0,6.2999997,6.2999997
grid,-42,42,135,0.74246204,0,5.8799996,0,6.2999997,6.2999997
grid,-42,43,134.32596,0.7513529,0,5.8799996,0,6.2999997,6.2999997
grid,-42,44,133.66777,0.76034534,0,5.8799996,0,6.2999997,6.2999997
grid,-42,45,133.02507,0.76943564,0,5.8799996,0,6.2999997,6.2999997
grid,-42,46,132.39745,0.77862054,0,5.8799996,0,6.2999997,6.2999997
grid,-42,47,131.78452,0.7878967,0,5.8799996,0,6.2999997,6.2999997
grid,-42,48,131.18593,0.79726094,0,5.8799996,0,6.2999997,6.2999997
grid,-42,49,130.60129,0.8067101,0,5.8799996,0,6.2999997,6.2999997
grid,-42,50,130.03026,0.8162414,0,5.8799996,0,6.2999997,6.2999997
grid,-42,51,129.47247,0.8258518,0,5.8799996,0,6.2999997,6.2999997
grid,-42,52,128.92754,0.8355387,0,5.8799996,0,6.2999997,6.2999997
grid,-42,53,128.39517,0.8452995,0,5.8799996,0,6.2999997,6.2999997
grid,-42,54,127.87498,0.85513157,0,5.8799996,0,6.2999997,6.2999997
grid,-42,55,127.36666,0.8650325,0,5.8799996,0,6.2999997,6.2999997
grid,-42,56,126.8699,0.87499994,0,5.8799996,0,6.2999997,6.2999997
grid,-42,57,126.384346,0.88503176,0,5.8799996,0,6.2999997,6.2999997
grid,-42,58,125.90971,0.8951257,0,5.8799996,0,6.2999997,6.2999997
grid,-42,59,125.44572,0.90527964,0,5.8799996,0,6.2999997,6.2999997
grid,-42,60,124.99203,0.91549164,0,5.8799996,0,6.2999997,6.2999997
grid,-42,61,124.54836,0.9257598,0,5.8799996,0,6.2999997,6.2999997
grid,-42,62,124.11447,0.9360822,0,5.8799996,0,6.2999997,6.2999997
grid,-42,63,123.69007,0.9464572,0,5.8799996,0,6.2999997,6.2999997
grid,-42,64,123.27489,0.95688295,0,5.8799996,0,6.2999997,6.2999997
grid,-42,65,122.86868,0.9673579,0,5.8799996,0,6.2999997,6.2999997
grid,-42,66,122.47119,0.97788036,0,5.8799996,0,6.2999997,6.2999997
grid,-42,67,122.08219,0.98844886,0,5.8799996,0,6.2999997,6.2999997
grid,-42,68,121.70143,0.99906206,0,5.8799996,0,6.2999997,6.2999997
grid,-41,-68,238.9125,0.9925504,0,5.8799996,0,6.2999997,6.2999997
grid,-41,-67,238.53586,0.98186684,0,5.8799996,0,6.2999997,6.2999997
grid,-41,-66,238.15094,0.97122663,0,5.8799996,0,6.2999997,6.2999997
grid,-41,-65,237.75755,0.9606313,0,5.8799996,0,6.2999997,6.2999997
grid,-41,-64,237.35536,0.95008224,0,5.8799996,0,6.2999997,6.2999997
grid,-41,-63,236.94418,0.93958104,0,5.8799996,0,6.2999997,6.2999997
grid,-41,-62,236.52371,0.9291293,0,5.8799996,0,6.2999997,6.2999997
grid,-41,-61,236.09373,0.9187287,0,5.8799996,0,6.2999997,6.2999997
grid,-41,-60,235.65393,0.9083811,0,5.8799996,0,6.2999997,6.2999997
grid,-41,-59,235.204,0.8980883,0,5.8799996,0,6.2999997,6.2999997
grid,-41,-58,234.74365,0.8878521,0,5.8799996,0,6.2999997,6.2999997
grid,-41,-57,234.2726,0.87767446,0,5.8799996,0,6.2999997,6.2999997
grid,-41,-56,233.79054,0.86755764,0,5.8799996,0,6.2999997,6.2999997
grid,-41,-55,233.29716,0.8575036,0,5.8799996,0,6.2999997,6.2999997
grid,-41,-54,232.79208,0.84751475,0,5.8799996,0,6.2999997,6.2999997
grid,-41,-53,232.27501,0.8375933,0,5.8799996,0,6.2999997,6.2999997
grid,-41,-52,231.74559,0.8277416,0,5.8799996,0,6.2999997,6.2999997
grid,-41,-51,231.20346,0.8179624,0,5.8799996,0,6.2999997,6.2999997
grid,-41,-50,230.64828,0.8082581,0,5.8799996,0,6.2999997,6.2999997
grid,-41,-49,230.07962,0.79863167,0,5.8799996,0,6.2999997,6.2999997
grid,-41,-48,229.49718,0.7890857,0,5.8799996,0,6.2999997,6.2999997
grid,-41,-47,228.9005,0.77962327,0,5.8799996,0,6.2999997,6.2999997
grid,-41,-46,228.28926,0.7702475,0,5.8799996,0,6.2999997,6.2999997
grid,-41,-45,227.66301,0.76096153,0,5.8799996,0,6.2999997,6.2999997
grid,-41,-44,227.02138,0.7517687,0,5.8799996,0,6.2999997,6.2999997
grid,-41,-43,226.36395,0.74267256,0,5.8799996,0,6.2999997,6.2999997
grid,-41,-42,225.69029,0.7336765,0,5.8799996,0,6.2999997,6.2999997
grid,-41,-41,225.00002,0.72478443,0,5.8799996,0,6.2999997,6.2999997
grid,-41,-40,224.2927,0.71600014,0,5.8799996,0,6.2999997,6.2999997
grid,-41,-39,223.56792,0.7073277,0,5.8799996,0,6.2999997,6.2999997
grid,-41,-38,222.82527,0.69877124,0,5.8799996,0,6.2999997,6.2999997
grid,-41,-37,222.06435,0.69033504,0,5.8799996,0,6.2999997,6.2999997
grid,-41,-36,221.28471,0.68202364,0,5.8799996,0,6.2999997,6.2999997
grid,-41,-35,220.48602,0.6738416,0,5.8799996,0,6.2999997,6.2999997
grid,-41,-34,219.66786,0.66579366,0,5.8799996,0,6.2999997,6.2999997
grid,-41,-33,218.82983,0.65788484,0,5.8799996,0,6.2999997,6.2999997
grid,-41,-32,217.9716,0.6501202,0,5.8799996,0,6.2999997,6.2999997
grid,-41,-31,217.09285,0.6425049,0,5.8799996,0,6.2999997,6.2999997
grid,-41,-30,216.19322,0.6350443,0,5.8799996,0,6.2999997,6.2999997
grid,-41,-29,215.27243,0.627744,0,5.8799996,0,6.2999997,6.2999997
grid,-41,-28,214.33023,0.6206096,0,5.8799996,0,6.2999997,6.2999997
grid,-41,-27,213.36638,0.61364686,0,5.8799996,0,6.2999997,6.2999997
grid,-41,-26,212.38069,0.6068618,0,5.8799996,0,6.2999997,6.2999997
grid,-41,-25,211.37302,0.6002604,0,5.8799996,0,6.2999997,6.2999997
grid,-41,-24,210.34326,0.59384865,0,5.8799996,0,6.2999997,6.2999997
grid,-41,-23,209.29137,0.58763295,0,5.8799996,0,6.2999997,6.2999997
grid,-41,0,180,0.5125,0,5.8799996,0,6.2999997,6.2999997
grid,-41,23,150.70865,0.58763295,0,5.8799996,0,6.2999997,6.2999997
grid,-41,24,149.65675,0.59384865,0,5.8799996,0,6.2999997,6.2999997
grid,-41,25,148.627,0.6002604,0,5.8799996,0,6.2999997,6.2999997
grid,-41,26,147.61932,0.6068618,0,5.8799996,0,6.2999997,6.2999997
grid,-41,27,146.63364,0.61364686,0,5.8799996,0,6.2999997,6.2999997
grid,-41,28,145.66978,0.6206096,0,5.8799996,0,6.2999997,6.2999997
grid,-41,29,144.72758,0.627744,0,5.8799996,0,6.2999997,6.2999997
grid,-41,30,143.8068,0.6350443,0,5.8799996,0,6.2999997,6.2999997
grid,-41,31,142.90717,0.6425049,0,5.8799996,0,6.2999997,6.2999997
grid,-41,32,142.0284,0.6501202,0,5.8799996,0,6.2999997,6.2999997
grid,-41,33,141.17018,0.65788484,0,5.8799996,0,6.2999997,6.2999997
grid,-41,34,140.33215,0.66579366,0,5.8799996,0,6.2999997,6.2999997
grid,-41,35,139.51399,0.6738416,0,5.8799996,0,6.2999997,6.2999997
grid,-41,36,138.7153,0.68202364,0,5.8799996,0,6.2999997,6.2999997
grid,-41,37,137.93567,0.69033504,0,5.8799996,0,6.2999997,6.2999997
grid,-41,38,137.17474,0.69877124,0,5.8799996,0,6.2999997,6.2999997
grid,-41,39,136.4321,0.7073277,0,5.8799996,0,6.2999997,6.2999997
grid,-41,40,135.70732,0.71600014,0,5.8799996,0,6.2999997,6.2999997
grid,-41,41,135,0.72478443,0,5.8799996,0,6.2999997,6.2999997
grid,-41,42,134.30972,0.7336765,0,5.8799996,0,6.2999997,6.2999997
grid,-41,43,133.63606,0.74267256,0,5.8799996,0,6.2999997,6.2999997
grid,-41,44,132.97864,0.7517687,0,5.8799996,0,6.2999997,6.2999997
grid,-41,45,132.337,0.76096153,0,5.8799996,0,6.2999997,6.2999997
grid,-41,46,131.71075,0.7702475,0,5.8799996,0,6.2999997,6.2999997
grid,-41,47,131.09952,0.77962327,0,5.8799996,0,6.2999997,6.2999997
grid,-41,48,130.50284,0.7890857,0,5.8799996,0,6.2999997,6.2999997
grid,-41,49,129.9204,0.79863167,0,5.8799996,0,6.2999997,6.2999997
grid,-41,50,129.35175,0.8082581,0,5.8799996,0,6.2999997,6.2999997
grid,-41,51,128.79655,0.8179624,0,5.8799996,0,6.2999997,6.2999997
grid,-41,52,128.25443,0.8277416,0,5.8799996,0,6.2999997,6.2999997
grid,-41,53,127.72499,0.8375933,0,5.8799996,0,6.2999997,6.2999997
grid,-41,54,127.20792,0.84751475,0,5.8799996,0,6.2999997,6.2999997
grid,-41,55,126.70285,0.8575036,0,5.8799996,0,6.2999997,6.2999997
grid,-41,56,126.20945,0.86755764,0,5.8799996,0,6.2999997,6.2999997
grid,-41,57,125.7274,0.87767446,0,5.8799996,0,6.2999997,6.2999997
grid,-41,58,125.256355,0.8878521,0,5.8799996,0,6.2999997,6.2999997
grid,-41,59,124.79603,0.8980883,0,5.8799996,0,6.2999997,6.2999997
grid,-41,60,124.34609,0.9083811,0,5.8799996,0,6.2999997,6.2999997
grid,-41,61,123.90627,0.9187287,0,5.8799996,0,6.2999997,6.2999997
grid,-41,62,123.47629,0.9291293,0,5.8799996,0,6.2999997,6.2999997
grid,-41,63,123.05582,0.93958104,0,5.8799996,0,6.2999997,6.2999997
grid,-41,64,122.64464,0.95008224,0,5.8799996,0,6.2999997,6.2999997
grid,-41,65,122.24246,0.9606313,0,5.8799996,0,6.2999997,6.2999997
grid,-41,66,121.84906,0.97122663,0,5.8799996,0,6.2999997,6.2999997
grid,-41,67,121.46415,0.98186684,0,5.8799996,0,6.2999997,6.2999997
grid,-41,68,121.08751,0.9925504,0,5.8799996,0,6.2999997,6.2999997
grid,-40,-69,239.8987,0.9969485,0,5.8799996,0,6.2999997,6.2999997
grid,-40,-68,239.53447,0.98615414,0,5.8799996,0,6.2999997,6.2999997
grid,-40,-67,239.16219,0.9754005,0,5.8799996,0,6.2999997,6.2999997
grid,-40,-66,238.78162,0.9646891,0,5.8799996,0,6.2999997,6.2999997
grid,-40,-65,238.39252,0.9540211,0,5.8799996,0,6.2999997,6.2999997
grid,-40,-64,237.99461,0.9433981,0,5.8799996,0,6.2999997,6.2999997
grid,-40,-63,237.58769,0.9328217,0,5.8799996,0,6.2999997,6.2999997
grid,-40,-62,237.17146,0.9222933,0,5.8799996,0,6.2999997,6.2999997
grid,-40,-61,236.74564,0.9118148,0,5.8799996,0,6.2999997,6.2999997
grid,-40,-60,236.30995,0.9013878,0,5.8799996,0,6.2999997,6.2999997
grid,-40,-59,235.86409,0.89101416,0,5.8799996,0,6.2999997,6.2999997
grid,-40,-58,235.40771,0.88069576,0,5.8799996,0,6.2999997,6.2999997
grid,-40,-57,234.94058,0.8704345,0,5.8799996,0,6.2999997,6.2999997
grid,-40,-56,234.46234,0.86023253,0,5.8799996,0,6.2999997,6.2999997
grid,-40,-55,233.97264,0.85009193,0,5.8799996,0,6.2999997,6.2999997
grid,-40,-54,233.47116,0.84001493,0,5.8799996,0,6.2999997,6.2999997
grid,-40,-53,232.95753,0.8300038,0,5.8799996,0,6.2999997,6.2999997
grid,-40,-52,232.43143,0.82006097,0,5.8799996,0,6.2999997,6.2999997
grid,-40,-51,231.89244,0.810189,0,5.8799996,0,6.2999997,6.2999997
grid,-40,-50,231.34021,0.80039054,0,5.8799996,0,6.2999997,6.2999997
grid,-40,-49,230.77434,0.79066825,0,5.8799996,0,6.2999997,6.2999997
grid,-40,-48,230.19443,0.781025,0,5.8799996,0,6.2999997,6.2999997
grid,-40,-47,229.6001,0.7714637,0,5.8799996,0,6.2999997,6.2999997
grid,-40,-46,228.99092,0.7619875,0,5.8799996,0,6.2999997,6.2999997
grid,-40,-45,228.36647,0.75259966,0,5.8799996,0,6.2999997,6.2999997
grid,-40,-44,227.72632,0.7433034,0,5.8799996,0,6.2999997,6.2999997
grid,-40,-43,227.07005,0.73410237,0,5.8799996,0,6.2999997,6.2999997
grid,-40,-42,226.3972,0.72499996,0,5.8799996,0,6.2999997,6.2999997
grid,-40,-41,225.70734,0.71600014,0,5.8799996,0,6.2999997,6.2999997
grid,-40,-40,225.00002,0.70710677,0,5.8799996,0,6.2999997,6.2999997
grid,-40,-39,224.27478,0.6983239,0,5.8799996,0,6.2999997,6.2999997
grid,-40,-38,223.5312,0.6896557,0,5.8799996,0,6.2999997,6.2999997
grid,-40,-37,222.76883,0.6811066,0,5.8799996,0,6.2999997,6.2999997
grid,-40,-36,221.98723,0.6726812,0,5.8799996,0,6.2999997,6.2999997
grid,-40,-35,221.18594,0.6643841,0,5.8799996,0,6.2999997,6.2999997
grid,-40,-34,220.36455,0.65622026,0,5.8799996,0,6.2999997,6.2999997
grid,-40,-33,219.52264,0.6481946,0,5.8799996,0,6.2999997,6.2999997
grid,-40,-32,218.65982,0.64031243,0,5.8799996,0,6.2999997,6.2999997
grid,-40,-31,217.7757,0.632579,0,5.8799996,0,6.2999997,6.2999997
grid,-40,-30,216.86992,0.625,0,5.8799996,0,6.2999997,6.2999997
grid,-40,-29,215.94212,0.61758095,0,5.8799996,0,6.2999997,6.2999997
grid,-40,-28,214.99203,0.6103278,0,5.8799996,0,6.2999997,6.2999997
grid,-40,-27,214.01936,0.60324645,0,5.8799996,0,6.2999997,6.2999997
grid,-40,-26,213.02388,0.596343,0,5.8799996,0,6.2999997,6.2999997
grid,-40,-25,212.0054,0.5896238,0,5.8799996,0,6.2999997,6.2999997
grid,-40,-24,210.96378,0.5830952,0,5.8799996,0,6.2999997,6.2999997
grid,-40,-23,209.89891,0.57676363,0,5.8799996,0,6.2999997,6.2999997
grid,-40,0,180,0.5,0,5.8799996,0,6.2999997,6.2999997
grid,-40,23,150.1011,0.57676363,0,5.8799996,0,6.2999997,6.2999997
grid,-40,24,149.03624,0.5830952,0,5.8799996,0,6.2999997,6.2999997
grid,-40,25,147.99461,0.5896238,0,5.8799996,0,6.2999997,6.2999997
grid,-40,26,146.97614,0.596343,0,5.8799996,0,6.2999997,6.2999997
grid,-40,27,145.98065,0.60324645,0,5.8799996,0,6.2999997,6.2999997
grid,-40,28,145.00798,0.6103278,0,5.8799996,0,6.2999997,6.2999997
grid,-40,29,144.05789,0.61758095,0,5.8799996,0,6.2999997,6.2999997
grid,-40,30,143.1301,0.625,0,5.8799996,0,6.2999997,6.2999997
grid,-40,31,142.22432,0.632579,0,5.8799996,0,6.2999997,6.2999997
grid,-40,32,141.3402,0.64031243,0,5.8799996,0,6.2999997,6.2999997
grid,-40,33,140.47737,0.6481946,0,5.8799996,0,6.2999997,6.2999997
grid,-40,34,139.63547,0.65622026,0,5.8799996,0,6.2999997,6.2999997
grid,-40,35,138.81407,0.6643841,0,5.8799996,0,6.2999997,6.2999997
grid,-40,36,138.01279,0.6726812,0,5.8799996,0,6.2999997,6.2999997
grid,-40,37,137.23119,0.6811066,0,5.8799996,0,6.2999997,6.2999997
grid,-40,38,136.46881,0.6896557,0,5.8799996,0,6.2999997,6.2999997
grid,-40,39,135.72523,0.6983239,0,5.8799996,0,6.2999997,6.2999997
grid,-40,40,135,0.70710677,0,5.8799996,0,6.2999997,6.2999997
grid,-40,41,134.29268,0.71600014,0,5.8799996,0,6.2999997,6.2999997
grid,-40,42,133.60281,0.72499996,0,5.8799996,0,6.2999997,6.2999997
grid,-40,43,132.92996,0.73410237,0,5.8799996,0,6.2999997,6.2999997
grid,-40,44,132.2737,0.7433034,0,5.8799996,0,6.2999997,6.2999997
grid,-40,45,131.63354,0.75259966,0,5.8799996,0,6.2999997,6.2999997
grid,-40,46,131.0091,0.7619875,0,5.8799996,0,6.2999997,6.2999997
grid,-40,47,130.39992,0.7714637,0,5.8799996,0,6.2999997,6.2999997
grid,-40,48,129.80557,0.781025,0,5.8799996,0,6.2999997,6.2999997
grid,-40,49,129.22568,0.79066825,0,5.8799996,0,6.2999997,6.2999997
grid,-40,50,128.6598,0.80039054,0,5.8799996,0,6.2999997,6.2999997
grid,-40,51,128.10757,0.810189,0,5.8799996,0,6.2999997,6.2999997
grid,-40,52,127.568596,0.82006097,0,5.8799996,0,6.2999997,6.2999997
grid,-40,53,127.04247,0.8300038,0,5.8799996,0,6.2999997,6.2999997
grid,-40,54,126.52886,0.84001493,0,5.8799996,0,6.2999997,6.2999997
grid,-40,55,126.027374,0.85009193,0,5.8799996,0,6.2999997,6.2999997
grid,-40,56,125.537674,0.86023253,0,5.8799996,0,6.2999997,6.2999997
grid,-40,57,125.059425,0.8704345,0,5.8799996,0,6.2999997,6.2999997
grid,-40,58,124.592285,0.88069576,0,5.8799996,0,6.2999997,6.2999997
grid,-40,59,124.13594,0.89101416,0,5.8799996,0,6.2999997,6.2999997
grid,-40,60,123.69007,0.9013878,0,5.8799996,0,6.2999997,6.2999997
grid,-40,61,123.25437,0.9118148,0,5.8799996,0,6.2999997,6.2999997
grid,-40,62,122.82855,0.9222933,0,5.8799996,0,6.2999997,6.2999997
grid,-40,63,122.41231,0.9328217,0,5.8799996,0,6.2999997,6.2999997
grid,-40,64,122.00539,0.9433981,0,5.8799996,0,6.2999997,6.2999997
grid,-40,65,121.607506,0.9540211,0,5.8799996,0,6.2999997,6.2999997
grid,-40,66,121.2184,0.9646891,0,5.8799996,0,6.2999997,6.2999997
grid,-40,67,120.83784,0.9754005,0,5.8799996,0,6.2999997,6.2999997
grid,-40,68,120.46555,0.98615414,0,5.8799996,0,6.2999997,6.2999997
grid,-40,69,120.10131,0.9969485,0,5.8799996,0,6.2999997,6.2999997
grid,-39,-69,240.52412,0.99073833,0,5.8799996,0,6.2999997,6.2999997
grid,-39,-68,240.16447,0.9798757,0,5.8799996,0,6.2999997,6.2999997
grid,-39,-67,239.79677,0.9690524,0,5.8799996,0,6.2999997,6.2999997
grid,-39,-66,239.42078,0.9582699,0,5.8799996,0,6.2999997,6.2999997
grid,-39,-65,239.03624,0.9475297,0,5.8799996,0,6.2999997,6.2999997
grid,-39,-64,238.64293,0.93683314,0,5.8799996,0,6.2999997,6.2999997
grid,-39,-63,238.24052,0.9261817,0,5.8799996,0,6.2999997,6.2999997
grid,-39,-62,237.82878,0.915577,0,5.8799996,0,6.2999997,6.2999997
grid,-39,-61,237.40744,0.9050207,0,5.8799996,0,6.2999997,6.2999997
grid,-39,-60,236.97615,0.8945145,0,5.8799996,0,6.2999997,6.2999997
grid,-39,-59,236.53464,0.88406026,0,5.8799996,0,6.2999997,6.2999997
grid,-39,-58,236.0826,0.87365973,0,5.8799996,0,6.2999997,6.2999997
grid,-39,-57,235.61967,0.8633148,0,5.8799996,0,6.2999997,6.2999997
grid,-39,-56,235.14555,0.8530277,0,5.8799996,0,6.2999997,6.2999997
grid,-39,-55,234.6599,0.8428004,0,5.8799996,0,6.2999997,6.2999997
grid,-39,-54,234.16235,0.83263516,0,5.8799996,0,6.2999997,6.2999997
grid,-39,-53,233.65256,0.8225342,0,5.8799996,0,6.2999997,6.2999997
grid,-39,-52,233.1301,0.8125,0,5.8799996,0,6.2999997,6.2999997
grid,-39,-51,232.59467,0.80253506,0,5.8799996,0,6.2999997,6.2999997
grid,-39,-50,232.04579,0.79264194,0,5.8799996,0,6.2999997,6.2999997
grid,-39,-49,231.4831,0.78282344,0,5.8799996,0,6.2999997,6.2999997
grid,-39,-48,230.90616,0.7730823,0,5.8799996,0,6.2999997,6.2999997
grid,-39,-47,230.31456,0.7634216,0,5.8799996,0,6.2999997,6.2999997
grid,-39,-46,229.70784,0.7538443,0,5.8799996,0,6.2999997,6.2999997
grid,-39,-45,229.08563,0.7443537,0,5.8799996,0,6.2999997,6.2999997
grid,-39,-44,228.4474,0.7349532,0,5.8799996,0,6.2999997,6.2999997
grid,-39,-43,227.79271,0.7256463,0,5.8799996,0,6.2999997,6.2999997
grid,-39,-42,227.12111,0.7164365,0,5.8799996,0,6.2999997,6.2999997
grid,-39,-41,226.43211,0.7073277,0,5.8799996,0,6.2999997,6.2999997
grid,-39,-40,225.72523,0.6983239,0,5.8799996,0,6.2999997,6.2999997
grid,-39,-39,225.00002,0.68942916,0,5.8799996,0,6.2999997,6.2999997
grid,-39,-38,224.25595,0.6806477,0,5.8799996,0,6.2999997,6.2999997
grid,-39,-37,223.49257,0.671984,0,5.8799996,0,6.2999997,6.2999997
grid,-39,-36,222.7094,0.66344273,0,5.8799996,0,6.2999997,6.2999997
grid,-39,-35,221.90594,0.65502864,0,5.8799996,0,6.2999997,6.2999997
grid,-39,-34,221.08177,0.6467467,0,5.8799996,0,6.2999997,6.2999997
grid,-39,-33,220.23636,0.638602,0,5.8799996,0,6.2999997,6.2999997
grid,-39,-32,219.36932,0.6305999,0,5.8799996,0,6.2999997,6.2999997
grid,-39,-31,218.48021,0.62274593,0,5.8799996,0,6.2999997,6.2999997
grid,-39,-30,217.5686,0.6150457,0,5.8799996,0,6.2999997,6.2999997
grid,-39,-29,216.63412,0.6075052,0,5.8799996,0,6.2999997,6.2999997
grid,-39,-28,215.67642,0.6001302,0,5.8799996,0,6.2999997,6.2999997
grid,-39,-27,214.69518,0.5929271,0,5.8799996,0,6.2999997,6.2999997
grid,-39,-26,213.69008,0.5859021,0,5.8799996,0,6.2999997,6.2999997
grid,-39,-25,212.66092,0.57906175,0,5.8799996,0,6.2999997,6.2999997
grid,-39,-24,211.60751,0.57241267,0,5.8799996,0,6.2999997,6.2999997
grid,-39,-23,210.52972,0.5659616,0,5.8799996,0,6.2999997,6.2999997
grid,-39,0,180,0.4875,0,5.8799996,0,6.2999997,6.2999997
grid,-39,23,149.47029,0.5659616,0,5.8799996,0,6.2999997,6.2999997
grid,-39,24,148.3925,0.57241267,0,5.8799996,0,6.2999997,6.2999997
grid,-39,25,147.3391,0.57906175,0,5.8799996,0,6.2999997,6.2999997
grid,-39,26,146.30994,0.5859021,0,5.8799996,0,6.2999997,6.2999997
grid,-39,27,145.30484,0.5929271,0,5.8799996,0,6.2999997,6.2999997
grid,-39,28,144.3236,0.6001302,0,5.8799996,0,6.2999997,6.2999997
grid,-39,29,143.36589,0.6075052,0,5.8799996,0,6.2999997,6.2999997
grid,-39,30,142.43141,0.6150457,0,5.8799996,0,6.2999997,6.2999997
grid,-39,31,141.5198,0.62274593,0,5.8799996,0,6.2999997,6.2999997
grid,-39,32,140.63069,0.6305999,0,5.8799996,0,6.2999997,6.2999997
grid,-39,33,139.76366,0.638602,0,5.8799996,0,6.2999997,6.2999997
grid,-39,34,138.91824,0.6467467,0,5.8799996,0,6.2999997,6.2999997
grid,-39,35,138.09407,0.65502864,0,5.8799996,0,6.2999997,6.2999997
grid,-39,36,137.29062,0.66344273,0,5.8799996,0,6.2999997,6.2999997
grid,-39,37,136.50743,0.671984,0,5.8799996,0,6.2999997,6.2999997
grid,-39,38,135.74406,0.6806477,0,5.8799996,0,6.2999997,6.2999997
grid,-39,39,135,0.68942916,0,5.8799996,0,6.2999997,6.2999997
grid,-39,40,134.27477,0.6983239,0,5.8799996,0,6.2999997,6.2999997
grid,-39,41,133.5679,0.7073277,0,5.8799996,0,6.2999997,6.2999997
grid,-39,42,132.8789,0.7164365,0,5.8799996,0,6.2999997,6.2999997
grid,-39,43,132.2073,0.7256463,0,5.8799996,0,6.2999997,6.2999997
grid,-39,44,131.55261,0.7349532,0,5.8799996,0,6.2999997,6.2999997
grid,-39,45,130.91438,0.7443537,0,5.8799996,0,6.2999997,6.2999997
grid,-39,46,130.29216,0.7538443,0,5.8799996,0,6.2999997,6.2999997
grid,-39,47,129.68546,0.7634216,0,5.8799996,0,6.2999997,6.2999997
grid,-39,48,129.09386,0.7730823,0,5.8799996,0,6.2999997,6.2999997
grid,-39,49,128.51692,0.78282344,0,5.8799996,0,6.2999997,6.2999997
grid,-39,50,127.95424,0.79264194,0,5.8799996,0,6.2999997,6.2999997
grid,-39,51,127.405365,0.80253506,0,5.8799996,0,6.2999997,6.2999997
grid,-39,52,126.8699,0.8125,0,5.8799996,0,6.2999997,6.2999997
grid,-39,53,126.347466,0.8225342,0,5.8799996,0,6.2999997,6.2999997
grid,-39,54,125.83766,0.83263516,0,5.8799996,0,6.2999997,6.2999997
grid,-39,55,125.3401,0.8428004,0,5.8799996,0,6.2999997,6.2999997
grid,-39,56,124.854454,0.8530277,0,5.8799996,0,6.2999997,6.2999997
grid,-39,57,124.38034,0.8633148,0,5.8799996,0,6.2999997,6.2999997
grid,-39,58,123.917435,0.87365973,0,5.8799996,0,6.2999997,6.2999997
grid,-39,59,123.465385,0.88406026,0,5.8799996,0,6.2999997,6.2999997
grid,-39,60,123.023865,0.8945145,0,5.8799996,0,6.2999997,6.2999997
grid,-39,61,122.59258,0.9050207,0,5.8799996,0,6.2999997,6.2999997
grid,-39,62,122.17123,0.915577,0,5.8799996,0,6.2999997,6.2999997
grid,-39,63,121.75949,0.9261817,0,5.8799996,0,6.2999997,6.2999997
grid,-39,64,121.35708,0.93683314,0,5.8799996,0,6.2999997,6.2999997
grid,-39,65,120.96376,0.9475297,0,5.8799996,0,6.2999997,6.2999997
grid,-39,66,120.57923,0.9582699,0,5.8799996,0,6.2999997,6.2999997
grid,-39,67,120.20325,0.9690524,0,5.8799996,0,6.2999997,6.2999997
grid,-39,68,119.83555,0.9798757,0,5.8799996,0,6.2999997,6.2999997
grid,-39,69,119.4759,0.99073833,0,5.8799996,0,6.2999997,6.2999997
grid,-38,-70,241.50438,0.99561536,0,5.8799996,0,6.2999997,6.2999997
grid,-38,-69,241.15736,0.98464775,0,5.8799996,0,6.2999997,6.2999997
grid,-38,-68,240.80254,0.9737171,0,5.8799996,0,6.2999997,6.2999997
grid,-38,-67,240.43965,0.9628246,0,5.8799996,0,6.2999997,6.2999997
grid,-38,-66,240.0685,0.9519716,0,5.8799996,0,6.2999997,6.2999997
grid,-38,-65,239.6888,0.9411595,0,5.8799996,0,6.2999997,6.2999997
grid,-38,-64,239.30028,0.9303897,0,5.8799996,0,6.2999997,6.2999997
grid,-38,-63,238.9027,0.91966367,0,5.8799996,0,6.2999997,6.2999997
grid,-38,-62,238.49573,0.90898293,0,5.8799996,0,6.2999997,6.2999997
grid,-38,-61,238.07915,0.89834917,0,5.8799996,0,6.2999997,6.2999997
grid,-38,-60,237.65256,0.88776404,0,5.8799996,0,6.2999997,6.2999997
grid,-38,-59,237.21574,0.8772293,0,5.8799996,0,6.2999997,6.2999997
grid,-38,-58,236.7683,0.8667468,0,5.8799996,0,6.2999997,6.2999997
grid,-38,-57,236.30995,0.8563184,0,5.8799996,0,6.2999997,6.2999997
grid,-38,-56,235.84032,0.8459462,0,5.8799996,0,6.2999997,6.2999997
grid,-38,-55,235.35905,0.8356322,0,5.8799996,0,6.2999997,6.2999997
grid,-38,-54,234.86584,0.8253787,0,5.8799996,0,6.2999997,6.2999997
grid,-38,-53,234.36018,0.8151879,0,5.8799996,0,6.2999997,6.2999997
grid,-38,-52,233.84183,0.80506206,0,5.8799996,0,6.2999997,6.2999997
grid,-38,-51,233.3103,0.7950039,0,5.8799996,0,6.2999997,6.2999997
grid,-38,-50,232.76517,0.7850159,0,5.8799996,0,6.2999997,6.2999997
grid,-38,-49,232.20605,0.7751008,0,5.8799996,0,6.2999997,6.2999997
grid,-38,-48,231.63254,0.7652614,0,5.8799996,0,6.2999997,6.2999997
grid,-38,-47,231.0441,0.7555007,0,5.8799996,0,6.2999997,6.2999997
grid,-38,-46,230.44034,0.74582165,0,5.8799996,0,6.2999997,6.2999997
grid,-38,-45,229.82079,0.7362277,0,5.8799996,0,6.2999997,6.2999997
grid,-38,-44,229.18492,0.72672206,0,5.8799996,0,6.2999997,6.2999997
grid,-38,-43,228.53232,0.71730834,0,5.8799996,0,6.2999997,6.2999997
grid,-38,-42,227.86243,0.7079901,0,5.8799996,0,6.2999997,6.2999997
grid,-38,-41,227.17476,0.69877124,0,5.8799996,0,6.2999997,6.2999997
grid,-38,-40,226.46881,0.6896557,0,5.8799996,0,6.2999997,6.2999997
grid,-38,-39,225.74406,0.6806477,0,5.8799996,0,6.2999997,6.2999997
grid,-38,-38,225.00002,0.67175144,0,5.8799996,0,6.2999997,6.2999997
grid,-38,-37,224.23611,0.66297156,0,5.8799996,0,6.2999997,6.2999997
grid,-38,-36,223.45186,0.6543126,0,5.8799996,0,6.2999997,6.2999997
grid,-38,-35,222.64671,0.64577955,0,5.8799996,0,6.2999997,6.2999997
grid,-38,-34,221.82019,0.63737744,0,5.8799996,0,6.2999997,6.2999997
grid,-38,-33,220.97174,0.62911147,0,5.8799996,0,6.2999997,6.2999997
grid,-38,-32,220.10092,0.6209871,0,5.8799996,0,6.2999997,6.2999997
grid,-38,-31,219.20721,0.61301,0,5.8799996,0,6.2999997,6.2999997
grid,-38,-30,218.29018,0.6051859,0,5.8799996,0,6.2999997,6.2999997
grid,-38,-29,217.34937,0.59752095,0,5.8799996,0,6.2999997,6.2999997
grid,-38,-28,216.38437,0.5900212,0,5.8799996,0,6.2999997,6.2999997
grid,-38,-27,215.3948,0.5826931,0,5.8799996,0,6.2999997,6.2999997
grid,-38,-26,214.38036,0.5755432,0,5.8799996,0,6.2999997,6.2999997
grid,-38,-25,213.34071,0.56857824,0,5.8799996,0,6.2999997,6.2999997
grid,-38,-24,212.27565,0.5618051,0,5.8799996,0,6.2999997,6.2999997
grid,-38,-23,211.18498,0.5552308,0,5.8799996,0,6.2999997,6.2999997
grid,-38,0,180,0.475,0,5.8799996,0,6.2999997,6.2999997
grid,-38,23,148.81503,0.5552308,0,5.8799996,0,6.2999997,6.2999997
grid,-38,24,147.72437,0.5618051,0,5.8799996,0,6.2999997,6.2999997
grid,-38,25,146.6593,0.56857824,0,5.8799996,0,6.2999997,6.2999997
grid,-38,26,145.61966,0.5755432,0,5.8799996,0,6.2999997,6.2999997
grid,-38,27,144.6052,0.5826931,0,5.8799996,0,6.2999997,6.2999997
grid,-38,28,143.61565,0.5900212,0,5.8799996,0,6.2999997,6.2999997
grid,-38,29,142.65065,0.59752095,0,5.8799996,0,6.2999997,6.2999997
grid,-38,30,141.70984,0.6051859,0,5.8799996,0,6.2999997,6.2999997
grid,-38,31,140.7928,0.61301,0,5.8799996,0,6.2999997,6.2999997
grid,-38,32,139.8991,0.6209871,0,5.8799996,0,6.2999997,6.2999997
grid,-38,33,139.02827,0.62911147,0,5.8799996,0,6.2999997,6.2999997
grid,-38,34,138.17982,0.63737744,0,5.8799996,0,6.2999997,6.2999997
grid,-38,35,137.3533,0.64577955,0,5.8799996,0,6.2999997,6.2999997
grid,-38,36,136.54816,0.6543126,0,5.8799996,0,6.2999997,6.2999997
grid,-38,37,135.7639,0.66297156,0,5.8799996,0,6.2999997,6.2999997
grid,-38,38,135,0.67175144,0,5.8799996,0,6.2999997,6.2999997
grid,-38,39,134.25595,0.6806477,0,5.8799996,0,6.2999997,6.2999997
grid,-38,40,133.5312,0.6896557,0,5.8799996,0,6.2999997,6.2999997
grid,-38,41,132.82526,0.69877124,0,5.8799996,0,6.2999997,6.2999997
grid,-38,42,132.13759,0.7079901,0,5.8799996,0,6.2999997,6.2999997
grid,-38,43,131.4677,0.71730834,0,5.8799996,0,6.2999997,6.2999997
grid,-38,44,130.8151,0.72672206,0,5.8799996,0,6.2999997,6.2999997
grid,-38,45,130.17924,0.7362277,0,5.8799996,0,6.2999997,6.2999997
grid,-38,46,129.55968,0.74582165,0,5.8799996,0,6.2999997,6.2999997
grid,-38,47,128.95592,0.7555007,0,5.8799996,0,6.2999997,6.2999997
grid,-38,48,128.3675,0.7652614,0,5.8799996,0,6.2999997,6.2999997
grid,-38,49,127.793945,0.7751008,0,5.8799996,0,6.2999997,6.2999997
grid,-38,50,127.23484,0.7850159,0,5.8799996,0,6.2999997,6.2999997
grid,-38,51,126.68973,0.7950039,0,5.8799996,0,6.2999997,6.2999997
grid,-38,52,126.15819,0.80506206,0,5.8799996,0,6.2999997,6.2999997
grid,-38,53,125.63982,0.8151879,0,5.8799996,0,6.2999997,6.2999997
grid,-38,54,125.13419,0.8253787,0,5.8799996,0,6.2999997,6.2999997
grid,-38,55,124.64095,0.8356322,0,5.8799996,0,6.2999997,6.2999997
grid,-38,56,124.1597,0.8459462,0,5.8799996,0,6.2999997,6.2999997
grid,-38,57,123.69007,0.8563184,0,5.8799996,0,6.2999997,6.2999997
grid,-38,58,123.23171,0.8667468,0,5.8799996,0,6.2999997,6.2999997
grid,-38,59,122.78428,0.8772293,0,5.8799996,0,6.2999997,6.2999997
grid,-38,60,122.34744,0.88776404,0,5.8799996,0,6.2999997,6.2999997
grid,-38,61,121.92088,0.89834917,0,5.8799996,0,6.2999997,6.2999997
grid,-38,62,121.50427,0.90898293,0,5.8799996,0,6.2999997,6.2999997
grid,-38,63,121.09731,0.91966367,0,5.8799996,0,6.2999997,6.2999997
grid,-38,64,120.69973,0.9303897,0,5.8799996,0,6.2999997,6.2999997
grid,-38,65,120.31122,0.9411595,0,5.8799996,0,6.2999997,6.2999997
grid,-38,66,119.93151,0.9519716,0,5.8799996,0,6.2999997,6.2999997
grid,-38,67,119.560356,0.9628246,0,5.8799996,0,6.2999997,6.2999997
grid,-38,68,119.19749,0.9737171,0,5.8799996,0,6.2999997,6.2999997
grid,-38,69,118.84266,0.98464775,0,5.8799996,0,6.2999997,6.2999997
grid,-38,70,118.49564,0.99561536,0,5.8799996,0,6.2999997,6.2999997
grid,-37,-70,242.14037,0.9897127,0,5.8799996,0,6.2999997,6.2999997
grid,-37,-69,241.79837,0.978679,0,5.8799996,0,6.2999997,6.2999997
grid,-37,-68,241.44861,0.9676809,0,5.8799996,0,6.2999997,6.2999997
grid,-37,-67,241.09082,0.95671964,0,5.8799996,0,6.2999997,6.2999997
grid,-37,-66,240.72478,0.9457966,0,5.8799996,0,6.2999997,6.2999997
grid,-37,-65,240.35016,0.9349131,0,5.8799996,0,6.2999997,6.2999997
grid,-37,-64,239.96674,0.9240705,0,5.8799996,0,6.2999997,6.2999997
grid,-37,-63,239.57425,0.91327024,0,5.8799996,0,6.2999997,6.2999997
grid,-37,-62,239.17235,0.9025138,0,5.8799996,0,6.2999997,6.2999997
grid,-37,-61,238.76079,0.89180297,0,5.8799996,0,6.2999997,6.2999997
grid,-37,-60,238.33926,0.8811392,0,5.8799996,0,6.2999997,6.2999997
grid,-37,-59,237.90741,0.8705243,0,5.8799996,0,6.2999997,6.2999997
grid,-37,-58,237.46495,0.85996,0,5.8799996,0,6.2999997,6.2999997
grid,-37,-57,237.0115,0.8494484,0,5.8799996,0,6.2999997,6.2999997
grid,-37,-56,236.54672,0.8389912,0,5.8799996,0,6.2999997,6.2999997
grid,-37,-55,236.07022,0.8285907,0,5.8799996,0,6.2999997,6.2999997
grid,-37,-54,235.58163,0.8182489,0,5.8799996,0,6.2999997,6.2999997
grid,-37,-53,235.08061,0.80796814,0,5.8799996,0,6.2999997,6.2999997
grid,-37,-52,234.5667,0.7977507,0,5.8799996,0,6.2999997,6.2999997
grid,-37,-51,234.03949,0.78759915,0,5.8799996,0,6.2999997,6.2999997
grid,-37,-50,233.49857,0.7775161,0,5.8799996,0,6.2999997,6.2999997
grid,-37,-49,232.9435,0.7675041,0,5.8799996,0,6.2999997,6.2999997
grid,-37,-48,232.37378,0.75756603,0,5.8799996,0,6.2999997,6.2999997
grid,-37,-47,231.78897,0.7477048,0,5.8799996,0,6.2999997,6.2999997
grid,-37,-46,231.18863,0.73792356,0,5.8799996,0,6.2999997,6.2999997
grid,-37,-45,230.57222,0.7282256,0,5.8799996,0,6.2999997,6.2999997
grid,-37,-44,229.93922,0.71861416,0,5.8799996,0,6.2999997,6.2999997
grid,-37,-43,229.28918,0.70909274,0,5.8799996,0,6.2999997,6.2999997
grid,-37,-42,228.6215,0.69966507,0,5.8799996,0,6.2999997,6.2999997
grid,-37,-41,227.93568,0.69033504,0,5.8799996,0,6.2999997,6.2999997
grid,-37,-40,227.23119,0.6811066,0,5.8799996,0,6.2999997,6.2999997
grid,-37,-39,226.50745,0.671984,0,5.8799996,0,6.2999997,6.2999997
grid,-37,-38,225.76392,0.66297156,0,5.8799996,0,6.2999997,6.2999997
grid,-37,-37,225.00002,0.6540738,0,5.8799996,0,6.2999997,6.2999997
grid,-37,-36,224.21518,0.64529544,0,5.8799996,0,6.2999997,6.2999997
grid,-37,-35,223.40886,0.63664156,0,5.8799996,0,6.2999997,6.2999997
grid,-37,-34,222.5805,0.6281172,0,5.8799996,0,6.2999997,6.2999997
grid,-37,-33,221.72952,0.6197278,0,5.8799996,0,6.2999997,6.2999997
grid,-37,-32,220.8554,0.61147875,0,5.8799996,0,6.2999997,6.2999997
grid,-37,-31,219.95755,0.6033759,0,5.8799996,0,6.2999997,6.2999997
grid,-37,-30,219.03552,0.59542525,0,5.8799996,0,6.2999997,6.2999997
grid,-37,-29,218.08879,0.587633,0,5.8799996,0,6.2999997,6.2999997
grid,-37,-28,217.11687,0.5800054,0,5.8799996,0,6.2999997,6.2999997
grid,-37,-27,216.11935,0.57254916,0,5.8799996,0,6.2999997,6.2999997
grid,-37,-26,215.09583,0.56527096,0,5.8799996,0,6.2999997,6.2999997
grid,-37,-25,214.04594,0.5581778,0,5.8799996,0,6.2999997,6.2999997
grid,-37,-24,212.9694,0.5512769,0,5.8799996,0,6.2999997,6.2999997
grid,-37,-23,211.866,0.5445755,0,5.8799996,0,6.2999997,6.2999997
grid,-37,0,180,0.4625,0,5.8799996,0,6.2999997,6.2999997
grid,-37,23,148.13402,0.5445755,0,5.8799996,0,6.2999997,6.2999997
grid,-37,24,147.03061,0.5512769,0,5.8799996,0,6.2999997,6.2999997
grid,-37,25,145.95407,0.5581778,0,5.8799996,0,6.2999997,6.2999997
grid,-37,26,144.90419,0.56527096,0,5.8799996,0,6.2999997,6.2999997
grid,-37,27,143.88066,0.57254916,0,5.8799996,0,6.2999997,6.2999997
grid,-37,28,142.88315,0.5800054,0,5.8799996,0,6.2999997,6.2999997
grid,-37,29,141.91122,0.587633,0,5.8799996,0,6.2999997,6.2999997
grid,-37,30,140.9645,0.59542525,0,5.8799996,0,6.2999997,6.2999997
grid,-37,31,140.04245,0.6033759,0,5.8799996,0,6.2999997,6.2999997
grid,-37,32,139.14462,0.61147875,0,5.8799996,0,6.2999997,6.2999997
grid,-37,33,138.2705,0.6197278,0,5.8799996,0,6.2999997,6.2999997
grid,-37,34,137.41951,0.6281172,0,5.8799996,0,6.2999997,6.2999997
grid,-37,35,136.59116,0.63664156,0,5.8799996,0,6.2999997,6.2999997
grid,-37,36,135.78484,0.64529544,0,5.8799996,0,6.2999997,6.2999997
grid,-37,37,135,0.6540738,0,5.8799996,0,6.2999997,6.2999997
grid,-37,38,134.2361,0.66297156,0,5.8799996,0,6.2999997,6.2999997
grid,-37,39,133.49257,0.671984,0,5.8799996,0,6.2999997,6.2999997
grid,-37,40,132.76883,0.6811066,0,5.8799996,0,6.2999997,6.2999997
grid,-37,41,132.06433,0.69033504,0,5.8799996,0,6.2999997,6.2999997
grid,-37,42,131.37851,0.69966507,0,5.8799996,0,6.2999997,6.2999997
grid,-37,43,130.71085,0.70909274,0,5.8799996,0,6.2999997,6.2999997
grid,-37,44,130.06079,0.71861416,0,5.8799996,0,6.2999997,6.2999997
grid,-37,45,129.42781,0.7282256,0,5.8799996,0,6.2999997,6.2999997
grid,-37,46,128.81139,0.73792356,0,5.8799996,0,6.2999997,6.2999997
grid,-37,47,128.21103,0.7477048,0,5.8799996,0,6.2999997,6.2999997
grid,-37,48,127.626236,0.75756603,0,5.8799996,0,6.2999997,6.2999997
grid,-37,49,127.05653,0.7675041,0,5.8799996,0,6.2999997,6.2999997
grid,-37,50,126.50144,0.7775161,0,5.8799996,0,6.2999997,6.2999997
grid,-37,51,125.96052,0.78759915,0,5.8799996,0,6.2999997,6.2999997
grid,-37,52,125.43331,0.7977507,0,5.8799996,0,6.2999997,6.2999997
grid,-37,53,124.91941,0.80796814,0,5.8799996,0,6.2999997,6.2999997
grid,-37,54,124.41837,0.8182489,0,5.8799996,0,6.2999997,6.2999997
grid,-37,55,123.929794,0.8285907,0,5.8799996,0,6.2999997,6.2999997
grid,-37,56,123.45331,0.8389912,0,5.8799996,0,6.2999997,6.2999997
grid,-37,57,122.988525,0.8494484,0,5.8799996,0,6.2999997,6.2999997
grid,-37,58,122.53507,0.85996,0,5.8799996,0,6.2999997,6.2999997
grid,-37,59,122.0926,0.8705243,0,5.8799996,0,6.2999997,6.2999997
grid,-37,60,121.66075,0.8811392,0,5.8799996,0,6.2999997,6.2999997
grid,-37,61,121.23922,0.89180297,0,5.8799996,0,6.2999997,6.2999997
grid,-37,62,120.82766,0.9025138,0,5.8799996,0,6.2999997,6.2999997
grid,-37,63,120.42579,0.91327024,0,5.8799996,0,6.2999997,6.2999997
grid,-37,64,120.03328,0.9240705,0,5.8799996,0,6.2999997,6.2999997
grid,-37,65,119.649864,0.9349131,0,5.8799996,0,6.2999997,6.2999997
grid,-37,66,119.27525,0.9457966,0,5.8799996,0,6.2999997,6.2999997
grid,-37,67,118.90918,0.95671964,0,5.8799996,0,6.2999997,6.2999997
grid,-37,68,118.55139,0.9676809,0,5.8799996,0,6.2999997,6.2999997
grid,-37,69,118.20163,0.978679,0,5.8799996,0,6.2999997,6.2999997
grid,-37,70,117.85966,0.9897127,0,5.8799996,0,6.2999997,6.2999997
grid,-36,-71,243.11307,0.9950659,0,5.8799996,0,6.2999997,6.2999997
grid,-36,-70,242.78389,0.98393345,0,5.8799996,0,6.2999997,6.2999997
grid,-36,-69,242.44719,0.9728341,0,5.8799996,0,6.2999997,6.2999997
grid,-36,-68,242.10272,0.9617692,0,5.8799996,0,6.2999997,6.2999997
grid,-36,-67,241.75029,0.9507398,0,5.8799996,0,6.2999997,6.2999997
grid,-36,-66,241.38954,0.9397473,0,5.8799996,0,6.2999997,6.2999997
grid,-36,-65,241.02031,0.9287929,0,5.8799996,0,6.2999997,6.2999997
grid,-36,-64,240.64227,0.91787803,0,5.8799996,0,6.2999997,6.2999997
grid,-36,-63,240.25513,0.907004,0,5.8799996,0,6.2999997,6.2999997
grid,-36,-62,239.85863,0.8961724,0,5.8799996,0,6.2999997,6.2999997
grid,-36,-61,239.45245,0.8853848,0,5.8799996,0,6.2999997,6.2999997
grid,-36,-60,239.03624,0.8746428,0,5.8799996,0,6.2999997,6.2999997
grid,-36,-59,238.60974,0.86394805,0,5.8799996,0,6.2999997,6.2999997
grid,-36,-58,238.17258,0.8533024,0,5.8799996,0,6.2999997,6.2999997
grid,-36,-57,237.72435,0.84270763,0,5.8799996,0,6.2999997,6.2999997
grid,-36,-56,237.26479,0.83216584,0,5.8799996,0,6.2999997,6.2999997
grid,-36,-55,236.79343,0.82167894,0,5.8799996,0,6.2999997,6.2999997
grid,-36,-54,236.30995,0.8112491,0,5.8799996,0,6.2999997,6.2999997
grid,-36,-53,235.81389,0.80087847,0,5.8799996,0,6.2999997,6.2999997
grid,-36,-52,235.30486,0.79056937,0,5.8799996,0,6.2999997,6.2999997
grid,-36,-51,234.7824,0.7803244,0,5.8799996,0,6.2999997,6.2999997
grid,-36,-50,234.24612,0.7701461,0,5.8799996,0,6.2999997,6.2999997
grid,-36,-49,233.69553,0.760037,0,5.8799996,0,6.2999997,6.2999997
grid,-36,-48,233.1301,0.75,0,5.8799996,0,6.2999997,6.2999997
grid,-36,-47,232.54942,0.740038,0,5.8799996,0,6.2999997,6.2999997
grid,-36,-46,231.95296,0.7301541,0,5.8799996,0,6.2999997,6.2999997
grid,-36,-45,231.34021,0.72035146,0,5.8799996,0,6.2999997,6.2999997
grid,-36,-44,230.71062,0.7106335,0,5.8799996,0,6.2999997,6.2999997
grid,-36,-43,230.06361,0.70100373,0,5.8799996,0,6.2999997,6.2999997
grid,-36,-42,229.39874,0.6914658,0,5.8799996,0,6.2999997,6.2999997
grid,-36,-41,228.7153,0.68202364,0,5.8799996,0,6.2999997,6.2999997
grid,-36,-40,228.0128,0.6726812,0,5.8799996,0,6.2999997,6.2999997
grid,-36,-39,227.29062,0.66344273,0,5.8799996,0,6.2999997,6.2999997
grid,-36,-38,226.54817,0.6543126,0,5.8799996,0,6.2999997,6.2999997
grid,-36,-37,225.78484,0.64529544,0,5.8799996,0,6.2999997,6.2999997
grid,-36,-36,225.00002,0.6363961,0,5.8799996,0,6.2999997,6.2999997
grid,-36,-35,224.19308,0.6276195,0,5.8799996,0,6.2999997,6.2999997
grid,-36,-34,223.36343,0.61897093,0,5.8799996,0,6.2999997,6.2999997
grid,-36,-33,222.51047,0.61045575,0,5.8799996,0,6.2999997,6.2999997
grid,-36,-32,221.63354,0.60207975,0,5.8799996,0,6.2999997,6.2999997
grid,-36,-31,220.73212,0.59384865,0,5.8799996,0,6.2999997,6.2999997
grid,-36,-30,219.80559,0.5857687,0,5.8799996,0,6.2999997,6.2999997
grid,-36,-29,218.8534,0.5778462,0,5.8799996,0,6.2999997,6.2999997
grid,-36,-28,217.87498,0.57008773,0,5.8799996,0,6.2999997,6.2999997
grid,-36,-27,216.86992,0.5625,0,5.8799996,0,6.2999997,6.2999997
grid,-36,-26,215.83766,0.55509007,0,5.8799996,0,6.2999997,6.2999997
grid,-36,-25,214.77785,0.54786515,0,5.8799996,0,6.2999997,6.2999997
grid,-36,-24,213.69008,0.5408327,0,5.8799996,0,6.2999997,6.2999997
grid,-36,-23,212.57407,0.5340002,0,5.8799996,0,6.2999997,6.2999997
grid,-36,0,180,0.45,0,5.8799996,0,6.2999997,6.2999997
grid,-36,23,147.42595,0.5340002,0,5.8799996,0,6.2999997,6.2999997
grid,-36,24,146.30994,0.5408327,0,5.8799996,0,6.2999997,6.2999997
grid,-36,25,145.22217,0.54786515,0,5.8799996,0,6.2999997,6.2999997
grid,-36,26,144.16234,0.55509007,0,5.8799996,0,6.2999997,6.2999997
grid,-36,27,143.1301,0.5625,0,5.8799996,0,6.2999997,6.2999997
grid,-36,28,142.12503,0.57008773,0,5.8799996,0,6.2999997,6.2999997
grid,-36,29,141.14662,0.5778462,0,5.8799996,0,6.2999997,6.2999997
grid,-36,30,140.19443,0.5857687,0,5.8799996,0,6.2999997,6.2999997
grid,-36,31,139.2679,0.59384865,0,5.8799996,0,6.2999997,6.2999997
grid,-36,32,138.36647,0.60207975,0,5.8799996,0,6.2999997,6.2999997
grid,-36,33,137.48955,0.61045575,0,5.8799996,0,6.2999997,6.2999997
grid,-36,34,136.63658,0.61897093,0,5.8799996,0,6.2999997,6.2999997
grid,-36,35,135.80693,0.6276195,0,5.8799996,0,6.2999997,6.2999997
grid,-36,36,135,0.6363961,0,5.8799996,0,6.2999997,6.2999997
grid,-36,37,134.21518,0.64529544,0,5.8799996,0,6.2999997,6.2999997
grid,-36,38,133.45184,0.6543126,0,5.8799996,0,6.2999997,6.2999997
grid,-36,39,132.70938,0.66344273,0,5.8799996,0,6.2999997,6.2999997
grid,-36,40,131.98721,0.6726812,0,5.8799996,0,6.2999997,6.2999997
grid,-36,41,131.28471,0.68202364,0,5.8799996,0,6.2999997,6.2999997
grid,-36,42,130.60129,0.6914658,0,5.8799996,0,6.2999997,6.2999997
grid,-36,43,129.93639,0.70100373,0,5.8799996,0,6.2999997,6.2999997
grid,-36,44,129.2894,0.7106335,0,5.8799996,0,6.2999997,6.2999997
grid,-36,45,128.6598,0.72035146,0,5.8799996,0,6.2999997,6.2999997
grid,-36,46,128.04704,0.7301541,0,5.8799996,0,6.2999997,6.2999997
grid,-36,47,127.45058,0.740038,0,5.8799996,0,6.2999997,6.2999997
grid,-36,48,126.8699,0.75,0,5.8799996,0,6.2999997,6.2999997
grid,-36,49,126.304504,0.760037,0,5.8799996,0,6.2999997,6.2999997
grid,-36,50,125.75389,0.7701461,0,5.8799996,0,6.2999997,6.2999997
grid,-36,51,125.2176,0.7803244,0,5.8799996,0,6.2999997,6.2999997
grid,-36,52,124.69516,0.79056937,0,5.8799996,0,6.2999997,6.2999997
grid,-36,53,124.18612,0.80087847,0,5.8799996,0,6.2999997,6.2999997
grid,-36,54,123.69007,0.8112491,0,5.8799996,0,6.2999997,6.2999997
grid,-36,55,123.20657,0.82167894,0,5.8799996,0,6.2999997,6.2999997
grid,-36,56,122.73522,0.83216584,0,5.8799996,0,6.2999997,6.2999997
grid,-36,57,122.27565,0.84270763,0,5.8799996,0,6.2999997,6.2999997
grid,-36,58,121.827446,0.8533024,0,5.8799996,0,6.2999997,6.2999997
grid,-36,59,121.390274,0.86394805,0,5.8799996,0,6.2999997,6.2999997
grid,-36,60,120.96376,0.8746428,0,5.8799996,0,6.2999997,6.2999997
grid,-36,61,120.547585,0.8853848,0,5.8799996,0,6.2999997,6.2999997
grid,-36,62,120.14139,0.8961724,0,5.8799996,0,6.2999997,6.2999997
grid,-36,63,119.74488,0.907004,0,5.8799996,0,6.2999997,6.2999997
grid,-36,64,119.35775,0.91787803,0,5.8799996,0,6.2999997,6.2999997
grid,-36,65,118.97971,0.9287929,0,5.8799996,0,6.2999997,6.2999997
grid,-36,66,118.61046,0.9397473,0,5.8799996,0,6.2999997,6.2999997
grid,-36,67,118.24974,0.9507398,0,5.8799996,0,6.2999997,6.2999997
grid,-36,68,117.89728,0.9617692,0,5.8799996,0,6.2999997,6.2999997
grid,-36,69,117.55282,0.9728341,0,5.8799996,0,6.2999997,6.2999997
grid,-36,70,117.21612,0.98393345,0,5.8799996,0,6.2999997,6.2999997
grid,-36,71,116.88694,0.9950659,0,5.8799996,0,6.2999997,6.2999997
grid,-35,-71,243.75867,0.98947585,0,5.8799996,0,6.2999997,6.2999997
grid,-35,-70,243.43497,0.97827977,0,5.8799996,0,6.2999997,6.2999997
grid,-35,-69,243.10376,0.9671156,0,5.8799996,0,6.2999997,6.2999997
grid,-35,-68,242.76488,0.9559845,0,5.8799996,0,6.2999997,6.2999997
grid,-35,-67,242.41798,0.9448875,0,5.8799996,0,6.2999997,6.2999997
grid,-35,-66,242.06287,0.9338261,0,5.8799996,0,6.2999997,6.2999997
grid,-35,-65,241.69925,0.92280143,0,5.8799996,0,6.2999997,6.2999997
grid,-35,-64,241.32687,0.9118148,0,5.8799996,0,6.2999997,6.2999997
grid,-35,-63,240.94542,0.90086764,0,5.8799996,0,6.2999997,6.2999997
grid,-35,-62,240.55457,0.88996136,0,5.8799996,0,6.2999997,6.2999997
grid,-35,-61,240.1541,0.8790975,0,5.8799996,0,6.2999997,6.2999997
grid,-35,-60,239.74358,0.8682777,0,5.8799996,0,6.2999997,6.2999997
grid,-35,-59,239.32272,0.85750365,0,5.8799996,0,6.2999997,6.2999997
grid,-35,-58,238.89119,0.846777,0,5.8799996,0,6.2999997,6.2999997
grid,-35,-57,238.44862,0.83609957,0,5.8799996,0,6.2999997,6.2999997
grid,-35,-56,237.99461,0.82547337,0,5.8799996,0,6.2999997,6.2999997
grid,-35,-55,237.52882,0.8149003,0,5.8799996,0,6.2999997,6.2999997
grid,-35,-54,237.05078,0.80438256,0,5.8799996,0,6.2999997,6.2999997
grid,-35,-53,236.56017,0.79392225,0,5.8799996,0,6.2999997,6.2999997
grid,-35,-52,236.05643,0.78352165,0,5.8799996,0,6.2999997,6.2999997
grid,-35,-51,235.53918,0.77318335,0,5.8799996,0,6.2999997,6.2999997
grid,-35,-50,235.008,0.7629097,0,5.8799996,0,6.2999997,6.2999997
grid,-35,-49,234.46234,0.7527035,0,5.8799996,0,6.2999997,6.2999997
grid,-35,-48,233.90175,0.74256736,0,5.8799996,0,6.2999997,6.2999997
grid,-35,-47,233.32565,0.73250425,0,5.8799996,0,6.2999997,6.2999997
grid,-35,-46,232.73361,0.7225173,0,5.8799996,0,6.2999997,6.2999997
grid,-35,-45,232.12502,0.71260965,0,5.8799996,0,6.2999997,6.2999997
grid,-35,-44,231.49937,0.70278466,0,5.8799996,0,6.2999997,6.2999997
grid,-35,-43,230.85602,0.69304585,0,5.8799996,0,6.2999997,6.2999997
grid,-35,-42,230.19443,0.6833968,0,5.8799996,0,6.2999997,6.2999997
grid,-35,-41,229.514,0.6738416,0,5.8799996,0,6.2999997,6.2999997
grid,-35,-40,228.81409,0.6643841,0,5.8799996,0,6.2999997,6.2999997
grid,-35,-39,228.09407,0.65502864,0,5.8799996,0,6.2999997,6.2999997
grid,-35,-38,227.35332,0.64577955,0,5.8799996,0,6.2999997,6.2999997
grid,-35,-37,226.59116,0.63664156,0,5.8799996,0,6.2999997,6.2999997
grid,-35,-36,225.80695,0.6276195,0,5.8799996,0,6.2999997,6.2999997
grid,-35,-35,225.00002,0.61871845,0,5.8799996,0,6.2999997,6.2999997
grid,-35,-34,224.1697,0.6099437,0,5.8799996,0,6.2999997,6.2999997
grid,-35,-33,223.31534,0.60130066,0,5.8799996,0,6.2999997,6.2999997
grid,-35,-32,222.43625,0.5927953,0,5.8799996,0,6.2999997,6.2999997
grid,-35,-31,221.53178,0.5844335,0,5.8799996,0,6.2999997,6.2999997
grid,-35,-30,220.6013,0.5762215,0,5.8799996,0,6.2999997,6.2999997
grid,-35,-29,219.64418,0.5681659,0,5.8799996,0,6.2999997,6.2999997
grid,-35,-28,218.65982,0.56027335,0,5.8799996,0,6.2999997,6.2999997
grid,-35,-27,217.64763,0.5525509,0,5.8799996,0,6.2999997,6.2999997
grid,-35,-26,216.60709,0.54500574,0,5.8799996,0,6.2999997,6.2999997
grid,-35,-25,215.53769,0.53764534,0,5.8799996,0,6.2999997,6.2999997
grid,-35,-24,214.439,0.5304774,0,5.8799996,0,6.2999997,6.2999997
grid,-35,-23,213.31064,0.5235098,0,5.8799996,0,6.2999997,6.2999997
grid,-35,0,180,0.4375,0,5.8799996,0,6.2999997,6.2999997
grid,-35,23,146.68938,0.5235098,0,5.8799996,0,6.2999997,6.2999997
grid,-35,24,145.56102,0.5304774,0,5.8799996,0,6.2999997,6.2999997
grid,-35,25,144.46233,0.53764534,0,5.8799996,0,6.2999997,6.2999997
grid,-35,26,143.39293,0.54500574,0,5.8799996,0,6.2999997,6.2999997
grid,-35,27,142.35239,0.5525509,0,5.8799996,0,6.2999997,6.2999997
grid,-35,28,141.3402,0.56027335,0,5.8799996,0,6.2999997,6.2999997
grid,-35,29,140.35582,0.5681659,0,5.8799996,0,6.2999997,6.2999997
grid,-35,30,139.39871,0.5762215,0,5.8799996,0,6.2999997,6.2999997
grid,-35,31,138.46823,0.5844335,0,5.8799996,0,6.2999997,6.2999997
grid,-35,32,137.56377,0.5927953,0,5.8799996,0,6.2999997,6.2999997
grid,-35,33,136.68468,0.60130066,0,5.8799996,0,6.2999997,6.2999997
grid,-35,34,135.83032,0.6099437,0,5.8799996,0,6.2999997,6.2999997
grid,-35,35,135,0.61871845,0,5.8799996,0,6.2999997,6.2999997
grid,-35,36,134.19307,0.6276195,0,5.8799996,0,6.2999997,6.2999997
grid,-35,37,133.40886,0.63664156,0,5.8799996,0,6.2999997,6.2999997
grid,-35,38,132.6467,0.64577955,0,5.8799996,0,6.2999997,6.2999997
grid,-35,39,131.90594,0.65502864,0,5.8799996,0,6.2999997,6.2999997
grid,-35,40,131.18593,0.6643841,0,5.8799996,0,6.2999997,6.2999997
grid,-35,41,130.48601,0.6738416,0,5.8799996,0,6.2999997,6.2999997
grid,-35,42,129.80557,0.6833968,0,5.8799996,0,6.2999997,6.2999997
grid,-35,43,129.14398,0.69304585,0,5.8799996,0,6.2999997,6.2999997
grid,-35,44,128.50066,0.70278466,0,5.8799996,0,6.2999997,6.2999997
grid,-35,45,127.87498,0.71260965,0,5.8799996,0,6.2999997,6.2999997
grid,-35,46,127.26641,0.7225173,0,5.8799996,0,6.2999997,6.2999997
grid,-35,47,126.674355,0.73250425,0,5.8799996,0,6.2999997,6.2999997
grid,-35,48,126.09828,0.74256736,0,5.8799996,0,6.2999997,6.2999997
grid,-35,49,125.537674,0.7527035,0,5.8799996,0,6.2999997,6.2999997
grid,-35,50,124.99203,0.7629097,0,5.8799996,0,6.2999997,6.2999997
grid,-35,51,124.460815,0.77318335,0,5.8799996,0,6.2999997,6.2999997
grid,-35,52,123.943596,0.78352165,0,5.8799996,0,6.2999997,6.2999997
grid,-35,53,123.439865,0.79392225,0,5.8799996,0,6.2999997,6.2999997
grid,-35,54,122.94921,0.80438256,0,5.8799996,0,6.2999997,6.2999997
grid,-35,55,122.47119,0.8149003,0,5.8799996,0,6.2999997,6.2999997
grid,-35,56,122.00539,0.82547337,0,5.8799996,0,6.2999997,6.2999997
grid,-35,57,121.551384,0.83609957,0,5.8799996,0,6.2999997,6.2999997
grid,-35,58,121.10882,0.846777,0,5.8799996,0,6.2999997,6.2999997
grid,-35,59,120.677284,0.85750365,0,5.8799996,0,6.2999997,6.2999997
grid,-35,60,120.25644,0.8682777,0,5.8799996,0,6.2999997,6.2999997
grid,-35,61,119.84593,0.8790975,0,5.8799996,0,6.2999997,6.2999997
grid,-35,62,119.445435,0.88996136,0,5.8799996,0,6.2999997,6.2999997
grid,-35,63,119.05461,0.90086764,0,5.8799996,0,6.2999997,6.2999997
grid,-35,64,118.67314,0.9118148,0,5.8799996,0,6.2999997,6.2999997
grid,-35,65,118.300766,0.92280143,0,5.8799996,0,6.2999997,6.2999997
grid,-35,66,117.93715,0.9338261,0,5.8799996,0,6.2999997,6.2999997
grid,-35,67,117.58204,0.9448875,0,5.8799996,0,6.2999997,6.2999997
grid,-35,68,117.235146,0.9559845,0,5.8799996,0,6.2999997,6.2999997
grid,-35,69,116.89624,0.9671156,0,5.8799996,0,6.2999997,6.2999997
grid,-35,70,116.56505,0.97827977,0,5.8799996,0,6.2999997,6.2999997
grid,-35,71,116.24135,0.98947585,0,5.8799996,0,6.2999997,6.2999997
grid,-34,-72,244.72229,0.9953014,0,5.8799996,0,6.2999997,6.2999997
grid,-34,-71,244.4115,0.98401284,0,5.8799996,0,6.2999997,6.2999997
grid,-34,-70,244.0935,0.9727538,0,5.8799996,0,6.2999997,6.2999997
grid,-34,-69,243.76808,0.9615255,0,5.8799996,0,6.2999997,6.2999997
grid,-34,-68,243.43497,0.9503289,0,5.8799996,0,6.2999997,6.2999997
grid,-34,-67,243.09392,0.9391652,0,5.8799996,0,6.2999997,6.2999997
grid,-34,-66,242.74467,0.92803556,0,5.8799996,0,6.2999997,6.2999997
grid,-34,-65,242.38696,0.9169413,0,5.8799996,0,6.2999997,6.2999997
grid,-34,-64,242.02054,0.9058836,0,5.8799996,0,6.2999997,6.2999997
grid,-34,-63,241.64505,0.89486384,0,5.8799996,0,6.2999997,6.2999997
grid,-34,-62,241.26021,0.8838835,0,5.8799996,0,6.2999997,6.2999997
grid,-34,-61,240.86572,0.872944,0,5.8799996,0,6.2999997,6.2999997
grid,-34,-60,240.46124,0.862047,0,5.8799996,0,6.2999997,6.2999997
grid,-34,-59,240.0464,0.851194,0,5.8799996,0,6.2999997,6.2999997
grid,-34,-58,239.62088,0.84038687,0,5.8799996,0,6.2999997,6.2999997
grid,-34,-57,239.18433,0.82962716,0,5.8799996,0,6.2999997,6.2999997
grid,-34,-56,238.73627,0.818917,0,5.8799996,0,6.2999997,6.2999997
grid,-34,-55,238.2764,0.8082582,0,5.8799996,0,6.2999997,6.2999997
grid,-34,-54,237.80429,0.79765284,0,5.8799996,0,6.2999997,6.2999997
grid,-34,-53,237.31946,0.7871031,0,5.8799996,0,6.2999997,6.2999997
grid,-34,-52,236.82152,0.7766112,0,5.8799996,0,6.2999997,6.2999997
grid,-34,-51,236.30995,0.7661796,0,5.8799996,0,6.2999997,6.2999997
grid,-34,-50,235.7843,0.75581086,0,5.8799996,0,6.2999997,6.2999997
grid,-34,-49,235.2441,0.74550736,0,5.8799996,0,6.2999997,6.2999997
grid,-34,-48,234.6888,0.7352721,0,5.8799996,0,6.2999997,6.2999997
grid,-34,-47,234.11787,0.7251077,0,5.8799996,0,6.2999997,6.2999997
grid,-34,-46,233.53078,0.7150175,0,5.8799996,0,6.2999997,6.2999997
grid,-34,-45,232.92694,0.70500445,0,5.8799996,0,6.2999997,6.2999997
grid,-34,-44,232.30577,0.69507194,0,5.8799996,0,6.2999997,6.2999997
grid,-34,-43,231.66669,0.6852235,0,5.8799996,0,6.2999997,6.2999997
grid,-34,-42,231.00902,0.6754628,0,5.8799996,0,6.2999997,6.2999997
grid,-34,-41,230.33218,0.66579366,0,5.8799996,0,6.2999997,6.2999997
grid,-34,-40,229.63547,0.65622026,0,5.8799996,0,6.2999997,6.2999997
grid,-34,-39,228.91826,0.6467467,0,5.8799996,0,6.2999997,6.2999997
grid,-34,-38,228.17986,0.63737744,0,5.8799996,0,6.2999997,6.2999997
grid,-34,-37,227.41953,0.6281172,0,5.8799996,0,6.2999997,6.2999997
grid,-34,-36,226.6366,0.61897093,0,5.8799996,0,6.2999997,6.2999997
grid,-34,-35,225.83034,0.6099437,0,5.8799996,0,6.2999997,6.2999997
grid,-34,-34,225.00002,0.6010408,0,5.8799996,0,6.2999997,6.2999997
grid,-34,-33,224.14491,0.5922679,0,5.8799996,0,6.2999997,6.2999997
grid,-34,-32,223.26431,0.5836309,0,5.8799996,0,6.2999997,6.2999997
grid,-34,-31,222.35747,0.5751358,0,5.8799996,0,6.2999997,6.2999997
grid,-34,-30,221.42368,0.5667892,0,5.8799996,0,6.2999997,6.2999997
grid,-34,-29,220.46223,0.55859756,0,5.8799996,0,6.2999997,6.2999997
grid,-34,-28,219.47247,0.55056787,0,5.8799996,0,6.2999997,6.2999997
grid,-34,-27,218.45372,0.5427073,0,5.8799996,0,6.2999997,6.2999997
grid,-34,-26,217.40536,0.53502333,0,5.8799996,0,6.2999997,6.2999997
grid,-34,-25,216.32683,0.5275237,0,5.8799996,0,6.2999997,6.2999997
grid,-34,-24,215.2176,0.5202163,0,5.8799996,0,6.2999997,6.2999997
grid,-34,-23,214.0772,0.5131094,0,5.8799996,0,6.2999997,6.2999997
grid,-34,0,180,0.425,0,5.8799996,0,6.2999997,6.2999997
grid,-34,23,145.9228,0.5131094,0,5.8799996,0,6.2999997,6.2999997
grid,-34,24,144.78241,0.5202163,0,5.8799996,0,6.2999997,6.2999997
grid,-34,25,143.67319,0.5275237,0,5.8799996,0,6.2999997,6.2999997
grid,-34,26,142.59465,0.53502333,0,5.8799996,0,6.2999997,6.2999997
grid,-34,27,141.54628,0.5427073,0,5.8799996,0,6.2999997,6.2999997
grid,-34,28,140.52754,0.55056787,0,5.8799996,0,6.2999997,6.2999997
grid,-34,29,139.53778,0.55859756,0,5.8799996,0,6.2999997,6.2999997
grid,-34,30,138.57634,0.5667892,0,5.8799996,0,6.2999997,6.2999997
grid,-34,31,137.64255,0.5751358,0,5.8799996,0,6.2999997,6.2999997
grid,-34,32,136.7357,0.5836309,0,5.8799996,0,6.2999997,6.2999997
grid,-34,33,135.8551,0.5922679,0,5.8799996,0,6.2999997,6.2999997
grid,-34,34,135,0.6010408,0,5.8799996,0,6.2999997,6.2999997
grid,-34,35,134.16968,0.6099437,0,5.8799996,0,6.2999997,6.2999997
grid,-34,36,133.36342,0.61897093,0,5.8799996,0,6.2999997,6.2999997
grid,-34,37,132.58049,0.6281172,0,5.8799996,0,6.2999997,6.2999997
grid,-34,38,131.82016,0.63737744,0,5.8799996,0,6.2999997,6.2999997
grid,-34,39,131.08176,0.6467467,0,5.8799996,0,6.2999997,6.2999997
grid,-34,40,130.36455,0.65622026,0,5.8799996,0,6.2999997,6.2999997
grid,-34,41,129.66783,0.66579366,0,5.8799996,0,6.2999997,6.2999997
grid,-34,42,128.991,0.6754628,0,5.8799996,0,6.2999997,6.2999997
grid,-34,43,128.33334,0.6852235,0,5.8799996,0,6.2999997,6.2999997
grid,-34,44,127.69424,0.69507194,0,5.8799996,0,6.2999997,6.2999997
grid,-34,45,127.073074,0.70500445,0,5.8799996,0,6.2999997,6.2999997
grid,-34,46,126.46923,0.7150175,0,5.8799996,0,6.2999997,6.2999997
grid,-34,47,125.88213,0.7251077,0,5.8799996,0,6.2999997,6.2999997
grid,-34,48,125.31122,0.7352721,0,5.8799996,0,6.2999997,6.2999997
grid,-34,49,124.75592,0.74550736,0,5.8799996,0,6.2999997,6.2999997
grid,-34,50,124.215706,0.75581086,0,5.8799996,0,6.2999997,6.2999997
grid,-34,51,123.69007,0.7661796,0,5.8799996,0,6.2999997,6.2999997
grid,-34,52,123.17851,0.7766112,0,5.8799996,0,6.2999997,6.2999997
grid,-34,53,122.68056,0.7871031,0,5.8799996,0,6.2999997,6.2999997
grid,-34,54,122.19573,0.79765284,0,5.8799996,0,6.2999997,6.2999997
grid,-34,55,121.7236,0.8082582,0,5.8799996,0,6.2999997,6.2999997
grid,-34,56,121.26374,0.818917,0,5.8799996,0,6.2999997,6.2999997
grid,-34,57,120.815704,0.82962716,0,5.8799996,0,6.2999997,6.2999997
grid,-34,58,120.379135,0.84038687,0,5.8799996,0,6.2999997,6.2999997
grid,-34,59,119.95361,0.851194,0,5.8799996,0,6.2999997,6.2999997
grid,-34,60,119.53879,0.862047,0,5.8799996,0,6.2999997,6.2999997
grid,-34,61,119.13429,0.872944,0,5.8799996,0,6.2999997,6.2999997
grid,-34,62,118.73979,0.8838835,0,5.8799996,0,6.2999997,6.2999997
grid,-34,63,118.354965,0.89486384,0,5.8799996,0,6.2999997,6.2999997
grid,-34,64,117.97947,0.9058836,0,5.8799996,0,6.2999997,6.2999997
grid,-34,65,117.61303,0.9169413,0,5.8799996,0,6.2999997,6.2999997
grid,-34,66,117.25533,0.92803556,0,5.8799996,0,6.2999997,6.2999997
grid,-34,67,116.90609,0.9391652,0,5.8799996,0,6.2999997,6.2999997
grid,-34,68,116.56505,0.9503289,0,5.8799996,0,6.2999997,6.2999997
grid,-34,69,116.23194,0.9615255,0,5.8799996,0,6.2999997,6.2999997
grid,-34,70,115.90651,0.9727538,0,5.8799996,0,6.2999997,6.2999997
grid,-34,71,115.588524,0.98401284,0,5.8799996,0,6.2999997,6.2999997
grid,-34,72,115.27772,0.9953014,0,5.8799996,0,6.2999997,6.2999997
grid,-33,-72,245.37646,0.9900284,0,5.8799996,0,6.2999997,6.2999997
grid,-33,-71,245.07153,0.97867894,0,5.8799996,0,6.2999997,6.2999997
grid,-33,-70,244.75948,0.9673579,0,5.8799996,0,6.2999997,6.2999997
grid,-33,-69,244.44005,0.95606613,0,5.8799996,0,6.2999997,6.2999997
grid,-33,-68,244.11299,0.9448049,0,5.8799996,0,6.2999997,6.2999997
grid,-33,-67,243.77803,0.9335751,0,5.8799996,0,6.2999997,6.2999997
grid,-33,-66,243.43497,0.922378,0,5.8799996,0,6.2999997,6.2999997
grid,-33,-65,243.08345,0.9112148,0,5.8799996,0,6.2999997,6.2999997
grid,-33,-64,242.72324,0.9000868,0,5.8799996,0,6.2999997,6.2999997
grid,-33,-63,242.35402,0.88899523,0,5.8799996,0,6.2999997,6.2999997
grid,-33,-62,241.97552,0.8779415,0,5.8799996,0,6.2999997,6.2999997
grid,-33,-61,241.58734,0.866927,0,5.8799996,0,6.2999997,6.2999997
grid,-33,-60,241.18922,0.8559534,0,5.8799996,0,6.2999997,6.2999997
grid,-33,-59,240.78078,0.8450222,0,5.8799996,0,6.2999997,6.2999997
grid,-33,-58,240.36163,0.83413506,0,5.8799996,0,6.2999997,6.2999997
grid,-33,-57,239.93143,0.8232937,0,5.8799996,0,6.2999997,6.2999997
grid,-33,-56,239.48976,0.8125,0,5.8799996,0,6.2999997,6.2999997
grid,-33,-55,239.03624,0.8017559,0,5.8799996,0,6.2999997,6.2999997
grid,-33,-54,238.57045,0.79106337,0,5.8799996,0,6.2999997,6.2999997
grid,-33,-53,238.0919,0.7804246,0,5.8799996,0,6.2999997,6.2999997
grid,-33,-52,237.60016,0.7698417,0,5.8799996,0,6.2999997,6.2999997
grid,-33,-51,237.09477,0.7593171,0,5.8799996,0,6.2999997,6.2999997
grid,-33,-50,236.5752,0.74885327,0,5.8799996,0,6.2999997,6.2999997
grid,-33,-49,236.04095,0.7384528,0,5.8799996,0,6.2999997,6.2999997
grid,-33,-48,235.49149,0.7281183,0,5.8799996,0,6.2999997,6.2999997
grid,-33,-47,234.92627,0.71785265,0,5.8799996,0,6.2999997,6.2999997
grid,-33,-46,234.34467,0.707659,0,5.8799996,0,6.2999997,6.2999997
grid,-33,-45,233.74619,0.69754034,0,5.8799996,0,6.2999997,6.2999997
grid,-33,-44,233.1301,0.6875,0,5.8799996,0,6.2999997,6.2999997
grid,-33,-43,232.49586,0.6775415,0,5.8799996,0,6.2999997,6.2999997
grid,-33,-42,231.8428,0.66766846,0,5.8799996,0,6.2999997,6.2999997
grid,-33,-41,231.17018,0.65788484,0,5.8799996,0,6.2999997,6.2999997
grid,-33,-40,230.47739,0.6481946,0,5.8799996,0,6.2999997,6.2999997
grid,-33,-39,229.76366,0.638602,0,5.8799996,0,6.2999997,6.2999997
grid,-33,-38,229.02827,0.62911147,0,5.8799996,0,6.2999997,6.2999997
grid,-33,-37,228.2705,0.6197278,0,5.8799996,0,6.2999997,6.2999997
grid,-33,-36,227.48956,0.61045575,0,5.8799996,0,6.2999997,6.2999997
grid,-33,-35,226.6847,0.60130066,0,5.8799996,0,6.2999997,6.2999997
grid,-33,-34,225.85512,0.5922679,0,5.8799996,0,6.2999997,6.2999997
grid,-33,-33,225.00002,0.58336306,0,5.8799996,0,6.2999997,6.2999997
grid,-33,-32,224.1186,0.57459223,0,5.8799996,0,6.2999997,6.2999997
grid,-33,-31,223.21011,0.5659616,0,5.8799996,0,6.2999997,6.2999997
grid,-33,-30,222.2737,0.5574776,0,5.8799996,0,6.2999997,6.2999997
grid,-33,-29,221.30862,0.54914707,0,5.8799996,0,6.2999997,6.2999997
grid,-33,-28,220.31412,0.5409771,0,5.8799996,0,6.2999997,6.2999997
grid,-33,-27,219.28943,0.53297514,0,5.8799996,0,6.2999997,6.2999997
grid,-33,-26,218.23384,0.52514875,0,5.8799996,0,6.2999997,6.2999997
grid,-33,-25,217.1467,0.517506,0,5.8799996,0,6.2999997,6.2999997
grid,-33,-24,216.02739,0.5100551,0,5.8799996,0,6.2999997,6.2999997
grid,-33,-23,214.87534,0.50280464,0,5.8799996,0,6.2999997,6.2999997
grid,-33,0,180,0.4125,0,5.8799996,0,6.2999997,6.2999997
grid,-33,23,145.12468,0.50280464,0,5.8799996,0,6.2999997,6.2999997
grid,-33,24,143.97263,0.5100551,0,5.8799996,0,6.2999997,6.2999997
grid,-33,25,142.85332,0.517506,0,5.8799996,0,6.2999997,6.2999997
grid,-33,26,141.76617,0.52514875,0,5.8799996,0,6.2999997,6.2999997
grid,-33,27,140.71059,0.53297514,0,5.8799996,0,6.2999997,6.2999997
grid,-33,28,139.6859,0.5409771,0,5.8799996,0,6.2999997,6.2999997
grid,-33,29,138.69139,0.54914707,0,5.8799996,0,6.2999997,6.2999997
grid,-33,30,137.72632,0.5574776,0,5.8799996,0,6.2999997,6.2999997
grid,-33,31,136.7899,0.5659616,0,5.8799996,0,6.2999997,6.2999997
grid,-33,32,135.88141,0.57459223,0,5.8799996,0,6.2999997,6.2999997
grid,-33,33,135,0.58336306,0,5.8799996,0,6.2999997,6.2999997
grid,-33,34,134.1449,0.5922679,0,5.8799996,0,6.2999997,6.2999997
grid,-33,35,133.31532,0.60130066,0,5.8799996,0,6.2999997,6.2999997
grid,-33,36,132.51045,0.61045575,0,5.8799996,0,6.2999997,6.2999997
grid,-33,37,131.72952,0.6197278,0,5.8799996,0,6.2999997,6.2999997
grid,-33,38,130.97174,0.62911147,0,5.8799996,0,6.2999997,6.2999997
grid,-33,39,130.23636,0.638602,0,5.8799996,0,6.2999997,6.2999997
grid,-33,40,129.52263,0.6481946,0,5.8799996,0,6.2999997,6.2999997
grid,-33,41,128.82983,0.65788484,0,5.8799996,0,6.2999997,6.2999997
grid,-33,42,128.15723,0.66766846,0,5.8799996,0,6.2999997,6.2999997
grid,-33,43,127.50414,0.6775415,0,5.8799996,0,6.2999997,6.2999997
grid,-33,44,126.8699,0.6875,0,5.8799996,0,6.2999997,6.2999997
grid,-33,45,126.25384,0.69754034,0,5.8799996,0,6.2999997,6.2999997
grid,-33,46,125.655334,0.707659,0,5.8799996,0,6.2999997,6.2999997
grid,-33,47,125.07375,0.71785265,0,5.8799996,0,6.2999997,6.2999997
grid,-33,48,124.508514,0.7281183,0,5.8799996,0,6.2999997,6.2999997
grid,-33,49,123.95905,0.7384528,0,5.8799996,0,6.2999997,6.2999997
grid,-33,50,123.42481,0.74885327,0,5.8799996,0,6.2999997,6.2999997
grid,-33,51,122.90524,0.7593171,0,5.8799996,0,6.2999997,6.2999997
grid,-33,52,122.39985,0.7698417,0,5.8799996,0,6.2999997,6.2999997
grid,-33,53,121.90811,0.7804246,0,5.8799996,0,6.2999997,6.2999997
grid,-33,54,121.429565,0.79106337,0,5.8799996,0,6.2999997,6.2999997
grid,-33,55,120.96376,0.8017559,0,5.8799996,0,6.2999997,6.2999997
grid,-33,56,120.51023,0.8125,0,5.8799996,0,6.2999997,6.2999997
grid,-33,57,120.06858,0.8232937,0,5.8799996,0,6.2999997,6.2999997
grid,-33,58,119.63839,0.83413506,0,5.8799996,0,6.2999997,6.2999997
grid,-33,59,119.219246,0.8450222,0,5.8799996,0,6.2999997,6.2999997
grid,-33,60,118.8108,0.8559534,0,5.8799996,0,6.2999997,6.2999997
grid,-33,61,118.41267,0.866927,0,5.8799996,0,6.2999997,6.2999997
grid,-33,62,118.024506,0.8779415,0,5.8799996,0,6.2999997,6.2999997
grid,-33,63,117.64598,0.88899523,0,5.8799996,0,6.2999997,6.2999997
grid,-33,64,117.276764,0.9000868,0,5.8799996,0,6.2999997,6.2999997
grid,-33,65,116.91656,0.9112148,0,5.8799996,0,6.2999997,6.2999997
grid,-33,66,116.56505,0.922378,0,5.8799996,0,6.2999997,6.2999997
grid,-33,67,116.22197,0.9335751,0,5.8799996,0,6.2999997,6.2999997
grid,-33,68,115.88703,0.9448049,0,5.8799996,0,6.2999997,6.2999997
grid,-33,69,115.559975,0.95606613,0,5.8799996,0,6.2999997,6.2999997
grid,-33,70,115.24054,0.9673579,0,5.8799996,0,6.2999997,6.2999997
grid,-33,71,114.92848,0.97867894,0,5.8799996,0,6.2999997,6.2999997
grid,-33,72,114.623566,0.9900284,0,5.8799996,0,6.2999997,6.2999997
grid,-32,-73,246.32947,0.9963214,0,5.8799996,0,6.2999997,6.2999997
grid,-32,-72,246.03752,0.98488575,0,5.8799996,0,6.2999997,6.2999997
grid,-32,-71,245.73874,0.9734764,0,5.8799996,0,6.2999997,6.2999997
grid,-32,-70,245.43285,0.96209407,0,5.8799996,0,6.2999997,6.2999997
grid,-32,-69,245.11964,0.95073986,0,5.8799996,0,6.2999997,6.2999997
grid,-32,-68,244.7989,0.93941474,0,5.8799996,0,6.2999997,6.2999997
grid,-32,-67,244.4703,0.9281197,0,5.8799996,0,6.2999997,6.2999997
grid,-32,-66,244.13364,0.91685605,0,5.8799996,0,6.2999997,6.2999997
grid,-32,-65,243.78864,0.9056248,0,5.8799996,0,6.2999997,6.2999997
grid,-32,-64,243.43497,0.89442724,0,5.8799996,0,6.2999997,6.2999997
grid,-32,-63,243.07234,0.8832646,0,5.8799996,0,6.2999997,6.2999997
grid,-32,-62,242.70045,0.8721382,0,5.8799996,0,6.2999997,6.2999997
grid,-32,-61,242.31894,0.86104953,0,5.8799996,0,6.2999997,6.2999997
grid,-32,-60,241.92754,0.85,0,5.8799996,0,6.2999997,6.2999997
grid,-32,-59,241.52582,0.8389912,0,5.8799996,0,6.2999997,6.2999997
grid,-32,-58,241.11343,0.8280248,0,5.8799996,0,6.2999997,6.2999997
grid,-32,-57,240.69002,0.8171024,0,5.8799996,0,6.2999997,6.2999997
grid,-32,-56,240.25513,0.8062258,0,5.8799996,0,6.2999997,6.2999997
grid,-32,-55,239.80838,0.7953969,0,5.8799996,0,6.2999997,6.2999997
grid,-32,-54,239.34933,0.7846178,0,5.8799996,0,6.2999997,6.2999997
grid,-32,-53,238.87753,0.7738904,0,5.8799996,0,6.2999997,6.2999997
grid,-32,-52,238.39252,0.76321685,0,5.8799996,0,6.2999997,6.2999997
grid,-32,-51,237.89374,0.75259966,0,5.8799996,0,6.2999997,6.2999997
grid,-32,-50,237.38077,0.7420411,0,5.8799996,0,6.2999997,6.2999997
grid,-32,-49,236.85301,0.7315437,0,5.8799996,0,6.2999997,6.2999997
grid,-32,-48,236.30995,0.7211103,0,5.8799996,0,6.2999997,6.2999997
grid,-32,-47,235.75098,0.7107434,0,5.8799996,0,6.2999997,6.2999997
grid,-32,-46,235.17552,0.7004463,0,5.8799996,0,6.2999997,6.2999997
grid,-32,-45,234.58296,0.6902219,0,5.8799996,0,6.2999997,6.2999997
grid,-32,-44,233.97264,0.68007356,0,5.8799996,0,6.2999997,6.2999997
grid,-32,-43,233.3439,0.6700047,0,5.8799996,0,6.2999997,6.2999997
grid,-32,-42,232.69608,0.6600189,0,5.8799996,0,6.2999997,6.2999997
grid,-32,-41,232.02841,0.6501202,0,5.8799996,0,6.2999997,6.2999997
grid,-32,-40,231.34021,0.64031243,0,5.8799996,0,6.2999997,6.2999997
grid,-32,-39,230.63068,0.6305999,0,5.8799996,0,6.2999997,6.2999997
grid,-32,-38,229.8991,0.6209871,0,5.8799996,0,6.2999997,6.2999997
grid,-32,-37,229.14464,0.61147875,0,5.8799996,0,6.2999997,6.2999997
grid,-32,-36,228.36647,0.60207975,0,5.8799996,0,6.2999997,6.2999997
grid,-32,-35,227.56378,0.5927953,0,5.8799996,0,6.2999997,6.2999997
grid,-32,-34,226.73572,0.5836309,0,5.8799996,0,6.2999997,6.2999997
grid,-32,-33,225.88142,0.57459223,0,5.8799996,0,6.2999997,6.2999997
grid,-32,-32,225.00002,0.56568545,0,5.8799996,0,6.2999997,6.2999997
grid,-32,-31,224.09062,0.5569167,0,5.8799996,0,6.2999997,6.2999997
grid,-32,-30,223.1524,0.5482928,0,5.8799996,0,6.2999997,6.2999997
grid,-32,-29,222.18446,0.5398206,0,5.8799996,0,6.2999997,6.2999997
grid,-32,-28,221.18594,0.5315073,0,5.8799996,0,6.2999997,6.2999997
grid,-32,-27,220.15602,0.52336055,0,5.8799996,0,6.2999997,6.2999997
grid,-32,-26,219.09387,0.5153882,0,5.8799996,0,6.2999997,6.2999997
grid,-32,-25,217.99873,0.5075985,0,5.8799996,0,6.2999997,6.2999997
grid,-32,-24,216.86992,0.5,0,5.8799996,0,6.2999997,6.2999997
grid,-32,-23,215.70671,0.4926015,0,5.8799996,0,6.2999997,6.2999997
grid,-32,0,180,0.4,0,5.8799996,0,6.2999997,6.2999997
grid,-32,23,144.2933,0.4926015,0,5.8799996,0,6.2999997,6.2999997
grid,-32,24,143.1301,0.5,0,5.8799996,0,6.2999997,6.2999997
grid,-32,25,142.00127,0.5075985,0,5.8799996,0,6.2999997,6.2999997
grid,-32,26,140.90614,0.5153882,0,5.8799996,0,6.2999997,6.2999997
grid,-32,27,139.844,0.52336055,0,5.8799996,0,6.2999997,6.2999997
grid,-32,28,138.81407,0.5315073,0,5.8799996,0,6.2999997,6.2999997
grid,-32,29,137.81555,0.5398206,0,5.8799996,0,6.2999997,6.2999997
grid,-32,30,136.84761,0.5482928,0,5.8799996,0,6.2999997,6.2999997
grid,-32,31,135.9094,0.5569167,0,5.8799996,0,6.2999997,6.2999997
grid,-32,32,135,0.56568545,0,5.8799996,0,6.2999997,6.2999997
grid,-32,33,134.11859,0.57459223,0,5.8799996,0,6.2999997,6.2999997
grid,-32,34,133.2643,0.5836309,0,5.8799996,0,6.2999997,6.2999997
grid,-32,35,132.43623,0.5927953,0,5.8799996,0,6.2999997,6.2999997
grid,-32,36,131.63354,0.60207975,0,5.8799996,0,6.2999997,6.2999997
grid,-32,37,130.85538,0.61147875,0,5.8799996,0,6.2999997,6.2999997
grid,-32,38,130.1009,0.6209871,0,5.8799996,0,6.2999997,6.2999997
grid,-32,39,129.36932,0.6305999,0,5.8799996,0,6.2999997,6.2999997
grid,-32,40,128.6598,0.64031243,0,5.8799996,0,6.2999997,6.2999997
grid,-32,41,127.9716,0.6501202,0,5.8799996,0,6.2999997,6.2999997
grid,-32,42,127.30395,0.6600189,0,5.8799996,0,6.2999997,6.2999997
grid,-32,43,126.656105,0.6700047,0,5.8799996,0,6.2999997,6.2999997
grid,-32,44,126.027374,0.68007356,0,5.8799996,0,6.2999997,6.2999997
grid,-32,45,125.41705,0.6902219,0,5.8799996,0,6.2999997,6.2999997
grid,-32,46,124.82449,0.7004463,0,5.8799996,0,6.2999997,6.2999997
grid,-32,47,124.24904,0.7107434,0,5.8799996,0,6.2999997,6.2999997
grid,-32,48,123.69007,0.7211103,0,5.8799996,0,6.2999997,6.2999997
grid,-32,49,123.147,0.7315437,0,5.8799996,0,6.2999997,6.2999997
grid,-32,50,122.61925,0.7420411,0,5.8799996,0,6.2999997,6.2999997
grid,-32,51,122.106255,0.75259966,0,5.8799996,0,6.2999997,6.2999997
grid,-32,52,121.607506,0.76321685,0,5.8799996,0,6.2999997,6.2999997
grid,-32,53,121.122475,0.7738904,0,5.8799996,0,6.2999997,6.2999997
grid,-32,54,120.65067,0.7846178,0,5.8799996,0,6.2999997,6.2999997
grid,-32,55,120.191635,0.7953969,0,5.8799996,0,6.2999997,6.2999997
grid,-32,56,119.74488,0.8062258,0,5.8799996,0,6.2999997,6.2999997
grid,-32,57,119.310005,0.8171024,0,5.8799996,0,6.2999997,6.2999997
grid,-32,58,118.88659,0.8280248,0,5.8799996,0,6.2999997,6.2999997
grid,-32,59,118.474205,0.8389912,0,5.8799996,0,6.2999997,6.2999997
grid,-32,60,118.07249,0.85,0,5.8799996,0,6.2999997,6.2999997
grid,-32,61,117.68106,0.86104953,0,5.8799996,0,6.2999997,6.2999997
grid,-32,62,117.29958,0.8721382,0,5.8799996,0,6.2999997,6.2999997
grid,-32,63,116.92767,0.8832646,0,5.8799996,0,6.2999997,6.2999997
grid,-32,64,116.56505,0.89442724,0,5.8799996,0,6.2999997,6.2999997
grid,-32,65,116.21138,0.9056248,0,5.8799996,0,6.2999997,6.2999997
grid,-32,66,115.86636,0.91685605,0,5.8799996,0,6.2999997,6.2999997
grid,-32,67,115.5297,0.9281197,0,5.8799996,0,6.2999997,6.2999997
grid,-32,68,115.201126,0.93941474,0,5.8799996,0,6.2999997,6.2999997
grid,-32,69,114.88037,0.95073986,0,5.8799996,0,6.2999997,6.2999997
grid,-32,70,114.56717,0.96209407,0,5.8799996,0,6.2999997,6.2999997
grid,-32,71,114.26129,0.9734764,0,5.8799996,0,6.2999997,6.2999997
grid,-32,72,113.96249,0.98488575,0,5.8799996,0,6.2999997,6.2999997
grid,-32,73,113.67054,0.9963214,0,5.8799996,0,6.2999997,6.2999997
grid,-31,-73,246.99115,0.991369,0,5.8799996,0,6.2999997,6.2999997
grid,-31,-72,246.70546,0.9798756,0,5.8799996,0,6.2999997,6.2999997
grid,-31,-71,246.41298,0.9684072,0,5.8799996,0,6.2999997,6.2999997
grid,-31,-70,246.11353,0.9569646,0,5.8799996,0,6.2999997,6.2999997
grid,-31,-69,245.80682,0.9455488,0,5.8799996,0,6.2999997,6.2999997
grid,-31,-68,245.4926,0.9341607,0,5.8799996,0,6.2999997,6.2999997
grid,-31,-67,245.17068,0.92280143,0,5.8799996,0,6.2999997,6.2999997
grid,-31,-66,244.8407,0.911472,0,5.8799996,0,6.2999997,6.2999997
grid,-31,-65,244.50247,0.9001736,0,5.8799996,0,6.2999997,6.2999997
grid,-31,-64,244.15561,0.8889074,0,5.8799996,0,6.2999997,6.2999997
grid,-31,-63,243.7999,0.8776745,0,5.8799996,0,6.2999997,6.2999997
grid,-31,-62,243.43497,0.86647636,0,5.8799996,0,6.2999997,6.2999997
grid,-31,-61,243.06049,0.85531425,0,5.8799996,0,6.2999997,6.2999997
grid,-31,-60,242.67613,0.8441897,0,5.8799996,0,6.2999997,6.2999997
grid,-31,-59,242.28151,0.83310413,0,5.8799996,0,6.2999997,6.2999997
grid,-31,-58,241.8763,0.8220592,0,5.8799996,0,6.2999997,6.2999997
grid,-31,-57,241.46004,0.8110564,0,5.8799996,0,6.2999997,6.2999997
grid,-31,-56,241.03235,0.80009764,0,5.8799996,0,6.2999997,6.2999997
grid,-31,-55,240.59282,0.7891847,0,5.8799996,0,6.2999997,6.2999997
grid,-31,-54,240.14099,0.77831954,0,5.8799996,0,6.2999997,6.2999997
grid,-31,-53,239.67642,0.7675041,0,5.8799996,0,6.2999997,6.2999997
grid,-31,-52,239.19858,0.7567405,0,5.8799996,0,6.2999997,6.2999997
grid,-31,-51,238.70697,0.74603117,0,5.8799996,0,6.2999997,6.2999997
grid,-31,-50,238.2011,0.7353783,0,5.8799996,0,6.2999997,6.2999997
grid,-31,-49,237.68039,0.72478443,0,5.8799996,0,6.2999997,6.2999997
grid,-31,-48,237.14429,0.71425223,0,5.8799996,0,6.2999997,6.2999997
grid,-31,-47,236.59218,0.7037844,0,5.8799996,0,6.2999997,6.2999997
grid,-31,-46,236.02347,0.69338393,0,5.8799996,0,6.2999997,6.2999997
grid,-31,-45,235.4375,0.6830538,0,5.8799996,0,6.2999997,6.2999997
grid,-31,-44,234.83357,0.6727973,0,5.8799996,0,6.2999997,6.2999997
grid,-31,-43,234.21104,0.6626179,0,5.8799996,0,6.2999997,6.2999997
grid,-31,-42,233.56914,0.6525191,0,5.8799996,0,6.2999997,6.2999997
grid,-31,-41,232.90717,0.6425049,0,5.8799996,0,6.2999997,6.2999997
grid,-31,-40,232.22433,0.632579,0,5.8799996,0,6.2999997,6.2999997
grid,-31,-39,231.5198,0.62274593,0,5.8799996,0,6.2999997,6.2999997
grid,-31,-38,230.7928,0.61301,0,5.8799996,0,6.2999997,6.2999997
grid,-31,-37,230.04247,0.6033759,0,5.8799996,0,6.2999997,6.2999997
grid,-31,-36,229.26793,0.59384865,0,5.8799996,0,6.2999997,6.2999997
grid,-31,-35,228.46825,0.5844335,0,5.8799996,0,6.2999997,6.2999997
grid,-31,-34,227.64256,0.5751358,0,5.8799996,0,6.2999997,6.2999997
grid,-31,-33,226.78993,0.5659616,0,5.8799996,0,6.2999997,6.2999997
grid,-31,-32,225.9094,0.5569167,0,5.8799996,0,6.2999997,6.2999997
grid,-31,-31,225.00002,0.5480077,0,5.8799996,0,6.2999997,6.2999997
grid,-31,-30,224.06082,0.5392414,0,5.8799996,0,6.2999997,6.2999997
grid,-31,-29,223.09087,0.5306246,0,5.8799996,0,6.2999997,6.2999997
grid,-31,-28,222.08917,0.52216494,0,5.8799996,0,6.2999997,6.2999997
grid,-31,-27,221.05482,0.5138701,0,5.8799996,0,6.2999997,6.2999997
grid,-31,-26,219.9869,0.5057482,0,5.8799996,0,6.2999997,6.2999997
grid,-31,-25,218.8845,0.49780768,0,5.8799996,0,6.2999997,6.2999997
grid,-31,-24,217.74681,0.49005738,0,5.8799996,0,6.2999997,6.2999997
grid,-31,-23,216.57304,0.48250648,0,5.8799996,0,6.2999997,6.2999997
grid,-31,0,180,0.3875,0,5.8799996,0,6.2999997,6.2999997
grid,-31,23,143.42697,0.48250648,0,5.8799996,0,6.2999997,6.2999997
grid,-31,24,142.2532,0.49005738,0,5.8799996,0,6.2999997,6.2999997
grid,-31,25,141.11551,0.49780768,0,5.8799996,0,6.2999997,6.2999997
grid,-31,26,140.01312,0.5057482,0,5.8799996,0,6.2999997,6.2999997
grid,-31,27,138.94519,0.5138701,0,5.8799996,0,6.2999997,6.2999997
grid,-31,28,137.91084,0.52216494,0,5.8799996,0,6.2999997,6.2999997
grid,-31,29,136.90915,0.5306246,0,5.8799996,0,6.2999997,6.2999997
grid,-31,30,135.9392,0.5392414,0,5.8799996,0,6.2999997,6.2999997
grid,-31,31,135,0.5480077,0,5.8799996,0,6.2999997,6.2999997
grid,-31,32,134.09062,0.5569167,0,5.8799996,0,6.2999997,6.2999997
grid,-31,33,133.21008,0.5659616,0,5.8799996,0,6.2999997,6.2999997
grid,-31,34,132.35745,0.5751358,0,5.8799996,0,6.2999997,6.2999997
grid,-31,35,131.53177,0.5844335,0,5.8799996,0,6.2999997,6.2999997
grid,-31,36,130.7321,0.59384865,0,5.8799996,0,6.2999997,6.2999997
grid,-31,37,129.95755,0.6033759,0,5.8799996,0,6.2999997,6.2999997
grid,-31,38,129.20721,0.61301,0,5.8799996,0,6.2999997,6.2999997
grid,-31,39,128.48021,0.62274593,0,5.8799996,0,6.2999997,6.2999997
grid,-31,40,127.77568,0.632579,0,5.8799996,0,6.2999997,6.2999997
grid,-31,41,127.09284,0.6425049,0,5.8799996,0,6.2999997,6.2999997
grid,-31,42,126.43086,0.6525191,0,5.8799996,0,6.2999997,6.2999997
grid,-31,43,125.78897,0.6626179,0,5.8799996,0,6.2999997,6.2999997
grid,-31,44,125.16644,0.6727973,0,5.8799996,0,6.2999997,6.2999997
grid,-31,45,124.56253,0.6830538,0,5.8799996,0,6.2999997,6.2999997
grid,-31,46,123.97654,0.69338393,0,5.8799996,0,6.2999997,6.2999997
grid,-31,47,123.40783,0.7037844,0,5.8799996,0,6.2999997,6.2999997
grid,-31,48,122.85572,0.71425223,0,5.8799996,0,6.2999997,6.2999997
grid,-31,49,122.31962,0.72478443,0,5.8799996,0,6.2999997,6.2999997
grid,-31,50,121.79891,0.7353783,0,5.8799996,0,6.2999997,6.2999997
grid,-31,51,121.293045,0.74603117,0,5.8799996,0,6.2999997,6.2999997
grid,-31,52,120.801445,0.7567405,0,5.8799996,0,6.2999997,6.2999997
grid,-31,53,120.32361,0.7675041,0,5.8799996,0,6.2999997,6.2999997
grid,-31,54,119.85902,0.77831954,0,5.8799996,0,6.2999997,6.2999997
grid,-31,55,119.40719,0.7891847,0,5.8799996,0,6.2999997,6.2999997
grid,-31,56,118.96766,0.80009764,0,5.8799996,0,6.2999997,6.2999997
grid,-31,57,118.539986,0.8110564,0,5.8799996,0,6.2999997,6.2999997
grid,-31,58,118.12374,0.8220592,0,5.8799996,0,6.2999997,6.2999997
grid,-31,59,117.718506,0.83310413,0,5.8799996,0,6.2999997,6.2999997
grid,-31,60,117.3239,0.8441897,0,5.8799996,0,6.2999997,6.2999997
grid,-31,61,116.93954,0.85531425,0,5.8799996,0,6.2999997,6.2999997
grid,-31,62,116.56505,0.86647636,0,5.8799996,0,6.2999997,6.2999997
grid,-31,63,116.20011,0.8776745,0,5.8799996,0,6.2999997,6.2999997
grid,-31,64,115.84439,0.8889074,0,5.8799996,0,6.2999997,6.2999997
grid,-31,65,115.49756,0.9001736,0,5.8799996,0,6.2999997,6.2999997
grid,-31,66,115.1593,0.911472,0,5.8799996,0,6.2999997,6.2999997
grid,-31,67,114.829346,0.92280143,0,5.8799996,0,6.2999997,6.2999997
grid,-31,68,114.50741,0.9341607,0,5.8799996,0,6.2999997,6.2999997
grid,-31,69,114.19321,0.9455488,0,5.8799996,0,6.2999997,6.2999997
grid,-31,70,113.8865,0.9569646,0,5.8799996,0,6.2999997,6.2999997
grid,-31,71,113.58703,0.9684072,0,5.8799996,0,6.2999997,6.2999997
grid,-31,72,113.29456,0.9798756,0,5.8799996,0,6.2999997,6.2999997
grid,-31,73,113.008865,0.991369,0,5.8799996,0,6.2999997,6.2999997
grid,-30,-74,247.9321,0.9981232,0,5.8799996,0,6.2999997,6.2999997
grid,-30,-73,247.65938,0.9865502,0,5.8799996,0,6.2999997,6.2999997
grid,-30,-72,247.38017,0.97499996,0,5.8799996,0,6.2999997,6.2999997
grid,-30,-71,247.09425,0.96347356,0,5.8799996,0,6.2999997,6.2999997
grid,-30,-70,246.80144,0.95197165,0,5.8799996,0,6.2999997,6.2999997
grid,-30,-69,246.50145,0.9404952,0,5.8799996,0,6.2999997,6.2999997
grid,-30,-68,246.19406,0.9290452,0,5.8799996,0,6.2999997,6.2999997
grid,-30,-67,245.87903,0.91762257,0,5.8799996,0,6.2999997,6.2999997
grid,-30,-66,245.55606,0.9062284,0,5.8799996,0,6.2999997,6.2999997
grid,-30,-65,245.22488,0.89486384,0,5.8799996,0,6.2999997,6.2999997
grid,-30,-64,244.88518,0.8835299,0,5.8799996,0,6.2999997,6.2999997
grid,-30,-63,244.53668,0.8722278,0,5.8799996,0,6.2999997,6.2999997
grid,-30,-62,244.17902,0.86095876,0,5.8799996,0,6.2999997,6.2999997
grid,-30,-61,243.8119,0.84972423,0,5.8799996,0,6.2999997,6.2999997
grid,-30,-60,243.43497,0.8385255,0,5.8799996,0,6.2999997,6.2999997
grid,-30,-59,243.04784,0.827364,0,5.8799996,0,6.2999997,6.2999997
grid,-30,-58,242.65012,0.81624144,0,5.8799996,0,6.2999997,6.2999997
grid,-30,-57,242.24146,0.80515915,0,5.8799996,0,6.2999997,6.2999997
grid,-30,-56,241.82143,0.794119,0,5.8799996,0,6.2999997,6.2999997
grid,-30,-55,241.38954,0.7831228,0,5.8799996,0,6.2999997,6.2999997
grid,-30,-54,240.94542,0.7721723,0,5.8799996,0,6.2999997,6.2999997
grid,-30,-53,240.48851,0.76126957,0,5.8799996,0,6.2999997,6.2999997
grid,-30,-52,240.01837,0.7504165,0,5.8799996,0,6.2999997,6.2999997
grid,-30,-51,239.53447,0.7396156,0,5.8799996,0,6.2999997,6.2999997
grid,-30,-50,239.03624,0.72886896,0,5.8799996,0,6.2999997,6.2999997
grid,-30,-49,238.52316,0.71817917,0,5.8799996,0,6.2999997,6.2999997
grid,-30,-48,237.99461,0.7075486,0,5.8799996,0,6.2999997,6.2999997
grid,-30,-47,237.45,0.69698006,0,5.8799996,0,6.2999997,6.2999997
grid,-30,-46,236.88867,0.6864765,0,5.8799996,0,6.2999997,6.2999997
grid,-30,-45,236.30995,0.6760409,0,5.8799996,0,6.2999997,6.2999997
grid,-30,-44,235.71313,0.66567636,0,5.8799996,0,6.2999997,6.2999997
grid,-30,-43,235.09752,0.6553863,0,5.8799996,0,6.2999997,6.2999997
grid,-30,-42,234.46234,0.6451744,0,5.8799996,0,6.2999997,6.2999997
grid,-30,-41,233.80681,0.6350443,0,5.8799996,0,6.2999997,6.2999997
grid,-30,-40,233.1301,0.625,0,5.8799996,0,6.2999997,6.2999997
grid,-30,-39,232.43143,0.6150457,0,5.8799996,0,6.2999997,6.2999997
grid,-30,-38,231.70985,0.6051859,0,5.8799996,0,6.2999997,6.2999997
grid,-30,-37,230.9645,0.59542525,0,5.8799996,0,6.2999997,6.2999997
grid,-30,-36,230.19443,0.5857687,0,5.8799996,0,6.2999997,6.2999997
grid,-30,-35,229.39874,0.5762215,0,5.8799996,0,6.2999997,6.2999997
grid,-30,-34,228.57634,0.5667892,0,5.8799996,0,6.2999997,6.2999997
grid,-30,-33,227.72632,0.5574776,0,5.8799996,0,6.2999997,6.2999997
grid,-30,-32,226.84763,0.5482928,0,5.8799996,0,6.2999997,6.2999997
grid,-30,-31,225.93921,0.5392414,0,5.8799996,0,6.2999997,6.2999997
grid,-30,-30,225.00002,0.53033006,0,5.8799996,0,6.2999997,6.2999997
grid,-30,-29,224.02899,0.52156615,0,5.8799996,0,6.2999997,6.2999997
grid,-30,-28,223.02507,0.5129571,0,5.8799996,0,6.2999997,6.2999997
grid,-30,-27,221.98723,0.50451094,0,5.8799996,0,6.2999997,6.2999997
grid,-30,-26,220.9144,0.49623582,0,5.8799996,0,6.2999997,6.2999997
grid,-30,-25,219.80559,0.4881406,0,5.8799996,0,6.2999997,6.2999997
grid,-30,-24,218.65982,0.48023432,0,5.8799996,0,6.2999997,6.2999997
grid,-30,-23,217.4762,0.47252646,0,5.8799996,0,6.2999997,6.2999997
grid,-30,0,180,0.375,0,5.8799996,0,6.2999997,6.2999997
grid,-30,23,142.52382,0.47252646,0,5.8799996,0,6.2999997,6.2999997
grid,-30,24,141.3402,0.48023432,0,5.8799996,0,6.2999997,6.2999997
grid,-30,25,140.19443,0.4881406,0,5.8799996,0,6.2999997,6.2999997
grid,-30,26,139.08562,0.49623582,0,5.8799996,0,6.2999997,6.2999997
grid,-30,27,138.01279,0.50451094,0,5.8799996,0,6.2999997,6.2999997
grid,-30,28,136.97495,0.5129571,0,5.8799996,0,6.2999997,6.2999997
grid,-30,29,135.97102,0.52156615,0,5.8799996,0,6.2999997,6.2999997
grid,-30,30,135,0.53033006,0,5.8799996,0,6.2999997,6.2999997
grid,-30,31,134.0608,0.5392414,0,5.8799996,0,6.2999997,6.2999997
grid,-30,32,133.15239,0.5482928,0,5.8799996,0,6.2999997,6.2999997
grid,-30,33,132.2737,0.5574776,0,5.8799996,0,6.2999997,6.2999997
grid,-30,34,131.42368,0.5667892,0,5.8799996,0,6.2999997,6.2999997
grid,-30,35,130.60129,0.5762215,0,5.8799996,0,6.2999997,6.2999997
grid,-30,36,129.80557,0.5857687,0,5.8799996,0,6.2999997,6.2999997
grid,-30,37,129.0355,0.59542525,0,5.8799996,0,6.2999997,6.2999997
grid,-30,38,128.29016,0.6051859,0,5.8799996,0,6.2999997,6.2999997
grid,-30,39,127.568596,0.6150457,0,5.8799996,0,6.2999997,6.2999997
grid,-30,40,126.8699,0.625,0,5.8799996,0,6.2999997,6.2999997
grid,-30,41,126.19321,0.6350443,0,5.8799996,0,6.2999997,6.2999997
grid,-30,42,125.537674,0.6451744,0,5.8799996,0,6.2999997,6.2999997
grid,-30,43,124.9025,0.6553863,0,5.8799996,0,6.2999997,6.2999997
grid,-30,44,124.28688,0.66567636,0,5.8799996,0,6.2999997,6.2999997
grid,-30,45,123.69007,0.6760409,0,5.8799996,0,6.2999997,6.2999997
grid,-30,46,123.11134,0.6864765,0,5.8799996,0,6.2999997,6.2999997
grid,-30,47,122.55,0.69698006,0,5.8799996,0,6.2999997,6.2999997
grid,-30,48,122.00539,0.7075486,0,5.8799996,0,6.2999997,6.2999997
grid,-30,49,121.476845,0.71817917,0,5.8799996,0,6.2999997,6.2999997
grid,-30,50,120.96376,0.72886896,0,5.8799996,0,6.2999997,6.2999997
grid,-30,51,120.46555,0.7396156,0,5.8799996,0,6.2999997,6.2999997
grid,-30,52,119.98164,0.7504165,0,5.8799996,0,6.2999997,6.2999997
grid,-30,53,119.5115,0.76126957,0,5.8799996,0,6.2999997,6.2999997
grid,-30,54,119.05461,0.7721723,0,5.8799996,0,6.2999997,6.2999997
grid,-30,55,118.61046,0.7831228,0,5.8799996,0,6.2999997,6.2999997
grid,-30,56,118.1786,0.794119,0,5.8799996,0,6.2999997,6.2999997
grid,-30,57,117.758545,0.80515915,0,5.8799996,0,6.2999997,6.2999997
grid,-30,58,117.34988,0.81624144,0,5.8799996,0,6.2999997,6.2999997
grid,-30,59,116.95219,0.827364,0,5.8799996,0,6.2999997,6.2999997
grid,-30,60,116.56505,0.8385255,0,5.8799996,0,6.2999997,6.2999997
grid,-30,61,116.18812,0.84972423,0,5.8799996,0,6.2999997,6.2999997
grid,-30,62,115.82099,0.86095876,0,5.8799996,0,6.2999997,6.2999997
grid,-30,63,115.46335,0.8722278,0,5.8799996,0,6.2999997,6.2999997
grid,-30,64,115.11484,0.8835299,0,5.8799996,0,6.2999997,6.2999997
grid,-30,65,114.77514,0.89486384,0,5.8799996,0,6.2999997,6.2999997
grid,-30,66,114.443954,0.9062284,0,5.8799996,0,6.2999997,6.2999997
grid,-30,67,114.12098,0.91762257,0,5.8799996,0,6.2999997,6.2999997
grid,-30,68,113.80595,0.9290452,0,5.8799996,0,6.2999997,6.2999997
grid,-30,69,113.498566,0.9404952,0,5.8799996,0,6.2999997,6.2999997
grid,-30,70,113.19859,0.95197165,0,5.8799996,0,6.2999997,6.2999997
grid,-30,71,112.90577,0.96347356,0,5.8799996,0,6.2999997,6.2999997
grid,-30,72,112.619865,0.97499996,0,5.8799996,0,6.2999997,6.2999997
grid,-30,73,112.340645,0.9865502,0,5.8799996,0,6.2999997,6.2999997
grid,-30,74,112.0679,0.9981232,0,5.8799996,0,6.2999997,6.2999997
grid,-29,-74,248.6002,0.99349445,0,5.8799996,0,6.2999997,6.2999997
grid,-29,-73,248.33405,0.98186684,0,5.8799996,0,6.2999997,6.2999997
grid,-29,-72,248.06154,0.97026086,0,5.8799996,0,6.2999997,6.2999997
grid,-29,-71,247.78244,0.9586775,0,5.8799996,0,6.2999997,6.2999997
grid,-29,-70,247.49649,0.9471173,0,5.8799996,0,6.2999997,6.2999997
grid,-29,-69,247.2035,0.9355814,0,5.8799996,0,6.2999997,6.2999997
grid,-29,-68,246.9032,0.9240705,0,5.8799996,0,6.2999997,6.2999997
grid,-29,-67,246.59532,0.91258556,0,5.8799996,0,6.2999997,6.2999997
grid,-29,-66,246.27963,0.90112776,0,5.8799996,0,6.2999997,6.2999997
grid,-29,-65,245.9558,0.88969797,0,5.8799996,0,6.2999997,6.2999997
grid,-29,-64,245.62355,0.8782974,0,5.8799996,0,6.2999997,6.2999997
grid,-29,-63,245.2826,0.8669271,0,5.8799996,0,6.2999997,6.2999997
grid,-29,-62,244.93256,0.85558826,0,5.8799996,0,6.2999997,6.2999997
grid,-29,-61,244.57312,0.8442822,0,5.8799996,0,6.2999997,6.2999997
grid,-29,-60,244.20396,0.8330104,0,5.8799996,0,6.2999997,6.2999997
grid,-29,-59,243.82472,0.821774,0,5.8799996,0,6.2999997,6.2999997
grid,-29,-58,243.43497,0.81057465,0,5.8799996,0,6.2999997,6.2999997
grid,-29,-57,243.0343,0.7994138,0,5.8799996,0,6.2999997,6.2999997
grid,-29,-56,242.62231,0.78829324,0,5.8799996,0,6.2999997,6.2999997
grid,-29,-55,242.19856,0.7772146,0,5.8799996,0,6.2999997,6.2999997
grid,-29,-54,241.76257,0.7661797,0,5.8799996,0,6.2999997,6.2999997
grid,-29,-53,241.31386,0.75519043,0,5.8799996,0,6.2999997,6.2999997
grid,-29,-52,240.85193,0.74424875,0,5.8799996,0,6.2999997,6.2999997
grid,-29,-51,240.37627,0.733357,0,5.8799996,0,6.2999997,6.2999997
grid,-29,-50,239.88628,0.7225173,0,5.8799996,0,6.2999997,6.2999997
grid,-29,-49,239.38141,0.7117321,0,5.8799996,0,6.2999997,6.2999997
grid,-29,-48,238.86104,0.70100373,0,5.8799996,0,6.2999997,6.2999997
grid,-29,-47,238.32454,0.69033504,0,5.8799996,0,6.2999997,6.2999997
grid,-29,-46,237.77124,0.6797288,0,5.8799996,0,6.2999997,6.2999997
grid,-29,-45,237.20049,0.66918796,0,5.8799996,0,6.2999997,6.2999997
grid,-29,-44,236.6115,0.6587156,0,5.8799996,0,6.2999997,6.2999997
grid,-29,-43,236.00356,0.64831513,0,5.8799996,0,6.2999997,6.2999997
grid,-29,-42,235.37585,0.63799,0,5.8799996,0,6.2999997,6.2999997
grid,-29,-41,234.7276,0.627744,0,5.8799996,0,6.2999997,6.2999997
grid,-29,-40,234.0579,0.61758095,0,5.8799996,0,6.2999997,6.2999997
grid,-29,-39,233.3659,0.6075052,0,5.8799996,0,6.2999997,6.2999997
grid,-29,-38,232.65067,0.59752095,0,5.8799996,0,6.2999997,6.2999997
grid,-29,-37,231.91124,0.587633,0,5.8799996,0,6.2999997,6.2999997
grid,-29,-36,231.14664,0.5778462,0,5.8799996,0,6.2999997,6.2999997
grid,-29,-35,230.35583,0.5681659,0,5.8799996,0,6.2999997,6.2999997
grid,-29,-34,229.5378,0.55859756,0,5.8799996,0,6.2999997,6.2999997
grid,-29,-33,228.6914,0.54914707,0,5.8799996,0,6.2999997,6.2999997
grid,-29,-32,227.81557,0.5398206,0,5.8799996,0,6.2999997,6.2999997
grid,-29,-31,226.90916,0.5306246,0,5.8799996,0,6.2999997,6.2999997
grid,-29,-30,225.97104,0.52156615,0,5.8799996,0,6.2999997,6.2999997
grid,-29,-29,225.00002,0.51265246,0,5.8799996,0,6.2999997,6.2999997
grid,-29,-28,223.99492,0.5038911,0,5.8799996,0,6.2999997,6.2999997
grid,-29,-27,222.9546,0.49529034,0,5.8799996,0,6.2999997,6.2999997
grid,-29,-26,221.87788,0.48685855,0,5.8799996,0,6.2999997,6.2999997
grid,-29,-25,220.76361,0.47860476,0,5.8799996,0,6.2999997,6.2999997
grid,-29,-24,219.6107,0.47053826,0,5.8799996,0,6.2999997,6.2999997
grid,-29,-23,218.41806,0.4626689,0,5.8799996,0,6.2999997,6.2999997
grid,-29,0,180,0.3625,0,5.8799996,0,6.2999997,6.2999997
grid,-29,23,141.58195,0.4626689,0,5.8799996,0,6.2999997,6.2999997
grid,-29,24,140.38931,0.47053826,0,5.8799996,0,6.2999997,6.2999997
grid,-29,25,139.2364,0.47860476,0,5.8799996,0,6.2999997,6.2999997
grid,-29,26,138.12213,0.48685855,0,5.8799996,0,6.2999997,6.2999997
grid,-29,27,137.04541,0.49529034,0,5.8799996,0,6.2999997,6.2999997
grid,-29,28,136.0051,0.5038911,0,5.8799996,0,6.2999997,6.2999997
grid,-29,29,135,0.51265246,0,5.8799996,0,6.2999997,6.2999997
grid,-29,30,134.02898,0.52156615,0,5.8799996,0,6.2999997,6.2999997
grid,-29,31,133.09085,0.5306246,0,5.8799996,0,6.2999997,6.2999997
grid,-29,32,132.18445,0.5398206,0,5.8799996,0,6.2999997,6.2999997
grid,-29,33,131.30861,0.54914707,0,5.8799996,0,6.2999997,6.2999997
grid,-29,34,130.46223,0.55859756,0,5.8799996,0,6.2999997,6.2999997
grid,-29,35,129.64418,0.5681659,0,5.8799996,0,6.2999997,6.2999997
grid,-29,36,128.85338,0.5778462,0,5.8799996,0,6.2999997,6.2999997
grid,-29,37,128.08878,0.587633,0,5.8799996,0,6.2999997,6.2999997
grid,-29,38,127.34936,0.59752095,0,5.8799996,0,6.2999997,6.2999997
grid,-29,39,126.63411,0.6075052,0,5.8799996,0,6.2999997,6.2999997
grid,-29,40,125.942116,0.61758095,0,5.8799996,0,6.2999997,6.2999997
grid,-29,41,125.27242,0.627744,0,5.8799996,0,6.2999997,6.2999997
grid,-29,42,124.62415,0.63799,0,5.8799996,0,6.2999997,6.2999997
grid,-29,43,123.99646,0.64831513,0,5.8799996,0,6.2999997,6.2999997
grid,-29,44,123.38852,0.6587156,0,5.8799996,0,6.2999997,6.2999997
grid,-29,45,122.79954,0.66918796,0,5.8799996,0,6.2999997,6.2999997
grid,-29,46,122.22877,0.6797288,0,5.8799996,0,6.2999997,6.2999997
grid,-29,47,121.675476,0.69033504,0,5.8799996,0,6.2999997,6.2999997
grid,-29,48,121.13898,0.70100373,0,5.8799996,0,6.2999997,6.2999997
grid,-29,49,120.618614,0.7117321,0,5.8799996,0,6.2999997,6.2999997
grid,-29,50,120.11374,0.7225173,0,5.8799996,0,6.2999997,6.2999997
grid,-29,51,119.62376,0.733357,0,5.8799996,0,6.2999997,6.2999997
grid,-29,52,119.14808,0.74424875,0,5.8799996,0,6.2999997,6.2999997
grid,-29,53,118.68615,0.75519043,0,5.8799996,0,6.2999997,6.2999997
grid,-29,54,118.23745,0.7661797,0,5.8799996,0,6.2999997,6.2999997
grid,-29,55,117.80146,0.7772146,0,5.8799996,0,6.2999997,6.2999997
grid,-29,56,117.3777,0.78829324,0,5.8799996,0,6.2999997,6.2999997
grid,-29,57,116.96572,0.7994138,0,5.8799996,0,6.2999997,6.2999997
grid,-29,58,116.56505,0.81057465,0,5.8799996,0,6.2999997,6.2999997
grid,-29,59,116.17529,0.821774,0,5.8799996,0,6.2999997,6.2999997
grid,-29,60,115.796036,0.8330104,0,5.8799996,0,6.2999997,6.2999997
grid,-29,61,115.42688,0.8442822,0,5.8799996,0,6.2999997,6.2999997
grid,-29,62,115.067474,0.85558826,0,5.8799996,0,6.2999997,6.2999997
grid,-29,63,114.71744,0.8669271,0,5.8799996,0,6.2999997,6.2999997
grid,-29,64,114.37647,0.8782974,0,5.8799996,0,6.2999997,6.2999997
grid,-29,65,114.04422,0.88969797,0,5.8799996,0,6.2999997,6.2999997
grid,-29,66,113.7204,0.90112776,0,5.8799996,0,6.2999997,6.2999997
grid,-29,67,113.40469,0.91258556,0,5.8799996,0,6.2999997,6.2999997
grid,-29,68,113.096825,0.9240705,0,5.8799996,0,6.2999997,6.2999997
grid,-29,69,112.79652,0.9355814,0,5.8799996,0,6.2999997,6.2999997
grid,-29,70,112.50353,0.9471173,0,5.8799996,0,6.2999997,6.2999997
grid,-29,71,112.21759,0.9586775,0,5.8799996,0,6.2999997,6.2999997
grid,-29,72,111.938484,0.97026086,0,5.8799996,0,6.2999997,6.2999997
grid,-29,73,111.665955,0.98186684,0,5.8799996,0,6.2999997,6.2999997
grid,-29,74,111.3998,0.99349445,0,5.8799996,0,6.2999997,6.2999997
grid,-28,-74,249.27444,0.98900205,0,5.8799996,0,6.2999997,6.2999997
grid,-28,-73,249.01512,0.97732097,0,5.8799996,0,6.2999997,6.2999997
grid,-28,-72,248.74951,0.9656604,0,5.8799996,0,6.2999997,6.2999997
grid,-28,-71,248.47742,0.9540211,0,5.8799996,0,6.2999997,6.2999997
grid,-28,-70,248.19861,0.94240385,0,5.8799996,0,6.2999997,6.2999997
grid,-28,-69,247.91284,0.93080944,0,5.8799996,0,6.2999997,6.2999997
grid,-28,-68,247.61987,0.9192388,0,5.8799996,0,6.2999997,6.2999997
grid,-28,-67,247.31946,0.9076928,0,5.8799996,0,6.2999997,6.2999997
grid,-28,-66,247.0113,0.8961724,0,5.8799996,0,6.2999997,6.2999997
grid,-28,-65,246.69513,0.8846786,0,5.8799996,0,6.2999997,6.2999997
grid,-28,-64,246.37064,0.8732125,0,5.8799996,0,6.2999997,6.2999997
grid,-28,-63,246.03752,0.8617751,0,5.8799996,0,6.2999997,6.2999997
grid,-28,-62,245.69547,0.85036755,0,5.8799996,0,6.2999997,6.2999997
grid,-28,-61,245.34412,0.8389912,0,5.8799996,0,6.2999997,6.2999997
grid,-28,-60,244.9831,0.82764727,0,5.8799996,0,6.2999997,6.2999997
grid,-28,-59,244.6121,0.8163371,0,5.8799996,0,6.2999997,6.2999997
grid,-28,-58,244.23068,0.8050621,0,5.8799996,0,6.2999997,6.2999997
grid,-28,-57,243.83844,0.7938238,0,5.8799996,0,6.2999997,6.2999997
grid,-28,-56,243.43497,0.78262377,0,5.8799996,0,6.2999997,6.2999997
grid,-28,-55,243.01978,0.7714637,0,5.8799996,0,6.2999997,6.2999997
grid,-28,-54,242.59242,0.76034534,0,5.8799996,0,6.2999997,6.2999997
grid,-28,-53,242.15245,0.7492705,0,5.8799996,0,6.2999997,6.2999997
grid,-28,-52,241.69925,0.73824114,0,5.8799996,0,6.2999997,6.2999997
grid,-28,-51,241.23236,0.7272594,0,5.8799996,0,6.2999997,6.2999997
grid,-28,-50,240.75116,0.7163274,0,5.8799996,0,6.2999997,6.2999997
grid,-28,-49,240.25513,0.70544755,0,5.8799996,0,6.2999997,6.2999997
grid,-28,-48,239.74358,0.6946222,0,5.8799996,0,6.2999997,6.2999997
grid,-28,-47,239.21585,0.6838539,0,5.8799996,0,6.2999997,6.2999997
grid,-28,-46,238.67133,0.6731456,0,5.8799996,0,6.2999997,6.2999997
grid,-28,-45,238.10922,0.6625,0,5.8799996,0,6.2999997,6.2999997
grid,-28,-44,237.52882,0.65192026,0,5.8799996,0,6.2999997,6.2999997
grid,-28,-43,236.92932,0.6414096,0,5.8799996,0,6.2999997,6.2999997
grid,-28,-42,236.30995,0.63097143,0,5.8799996,0,6.2999997,6.2999997
grid,-28,-41,235.66978,0.6206096,0,5.8799996,0,6.2999997,6.2999997
grid,-28,-40,235.008,0.6103278,0,5.8799996,0,6.2999997,6.2999997
grid,-28,-39,234.32361,0.6001302,0,5.8799996,0,6.2999997,6.2999997
grid,-28,-38,233.61565,0.5900212,0,5.8799996,0,6.2999997,6.2999997
grid,-28,-37,232.88316,0.5800054,0,5.8799996,0,6.2999997,6.2999997
grid,-28,-36,232.12502,0.57008773,0,5.8799996,0,6.2999997,6.2999997
grid,-28,-35,231.34021,0.56027335,0,5.8799996,0,6.2999997,6.2999997
grid,-28,-34,230.52754,0.55056787,0,5.8799996,0,6.2999997,6.2999997
grid,-28,-33,229.68593,0.5409771,0,5.8799996,0,6.2999997,6.2999997
grid,-28,-32,228.81409,0.5315073,0,5.8799996,0,6.2999997,6.2999997
grid,-28,-31,227.91084,0.52216494,0,5.8799996,0,6.2999997,6.2999997
grid,-28,-30,226.97495,0.5129571,0,5.8799996,0,6.2999997,6.2999997
grid,-28,-29,226.0051,0.5038911,0,5.8799996,0,6.2999997,6.2999997
grid,-28,-28,225.00002,0.49497473,0,5.8799996,0,6.2999997,6.2999997
grid,-28,-27,223.95837,0.48621625,0,5.8799996,0,6.2999997,6.2999997
grid,-28,-26,222.8789,0.4776243,0,5.8799996,0,6.2999997,6.2999997
grid,-28,-25,221.76031,0.46920812,0,5.8799996,0,6.2999997,6.2999997
grid,-28,-24,220.60132,0.46097723,0,5.8799996,0,6.2999997,6.2999997
grid,-28,-23,219.40068,0.45294175,0,5.8799996,0,6.2999997,6.2999997
grid,-28,0,180,0.35,0,5.8799996,0,6.2999997,6.2999997
grid,-28,23,140.59933,0.45294175,0,5.8799996,0,6.2999997,6.2999997
grid,-28,24,139.3987,0.46097723,0,5.8799996,0,6.2999997,6.2999997
grid,-28,25,138.2397,0.46920812,0,5.8799996,0,6.2999997,6.2999997
grid,-28,26,137.12111,0.4776243,0,5.8799996,0,6.2999997,6.2999997
grid,-28,27,136.04163,0.48621625,0,5.8799996,0,6.2999997,6.2999997
grid,-28,28,135,0.49497473,0,5.8799996,0,6.2999997,6.2999997
grid,-28,29,133.99492,0.5038911,0,5.8799996,0,6.2999997,6.2999997
grid,-28,30,133.02507,0.5129571,0,5.8799996,0,6.2999997,6.2999997
grid,-28,31,132.08917,0.52216494,0,5.8799996,0,6.2999997,6.2999997
grid,-28,32,131.18593,0.5315073,0,5.8799996,0,6.2999997,6.2999997
grid,-28,33,130.3141,0.5409771,0,5.8799996,0,6.2999997,6.2999997
grid,-28,34,129.47247,0.55056787,0,5.8799996,0,6.2999997,6.2999997
grid,-28,35,128.6598,0.56027335,0,5.8799996,0,6.2999997,6.2999997
grid,-28,36,127.87498,0.57008773,0,5.8799996,0,6.2999997,6.2999997
grid,-28,37,127.11686,0.5800054,0,5.8799996,0,6.2999997,6.2999997
grid,-28,38,126.38436,0.5900212,0,5.8799996,0,6.2999997,6.2999997
grid,-28,39,125.676414,0.6001302,0,5.8799996,0,6.2999997,6.2999997
grid,-28,40,124.99203,0.6103278,0,5.8799996,0,6.2999997,6.2999997
grid,-28,41,124.33022,0.6206096,0,5.8799996,0,6.2999997,6.2999997
grid,-28,42,123.69007,0.63097143,0,5.8799996,0,6.2999997,6.2999997
grid,-28,43,123.07068,0.6414096,0,5.8799996,0,6.2999997,6.2999997
grid,-28,44,122.47119,0.65192026,0,5.8799996,0,6.2999997,6.2999997
grid,-28,45,121.89079,0.6625,0,5.8799996,0,6.2999997,6.2999997
grid,-28,46,121.3287,0.6731456,0,5.8799996,0,6.2999997,6.2999997
grid,-28,47,120.78415,0.6838539,0,5.8799996,0,6.2999997,6.2999997
grid,-28,48,120.25644,0.6946222,0,5.8799996,0,6.2999997,6.2999997
grid,-28,49,119.74488,0.70544755,0,5.8799996,0,6.2999997,6.2999997
grid,-28,50,119.24883,0.7163274,0,5.8799996,0,6.2999997,6.2999997
grid,-28,51,118.76765,0.7272594,0,5.8799996,0,6.2999997,6.2999997
grid,-28,52,118.300766,0.73824114,0,5.8799996,0,6.2999997,6.2999997
grid,-28,53,117.84758,0.7492705,0,5.8799996,0,6.2999997,6.2999997
grid,-28,54,117.40758,0.76034534,0,5.8799996,0,6.2999997,6.2999997
grid,-28,55,116.980225,0.7714637,0,5.8799996,0,6.2999997,6.2999997
grid,-28,56,116.56505,0.78262377,0,5.8799996,0,6.2999997,6.2999997
grid,-28,57,116.161575,0.7938238,0,5.8799996,0,6.2999997,6.2999997
grid,-28,58,115.76933,0.8050621,0,5.8799996,0,6.2999997,6.2999997
grid,-28,59,115.38791,0.8163371,0,5.8799996,0,6.2999997,6.2999997
grid,-28,60,115.01691,0.82764727,0,5.8799996,0,6.2999997,6.2999997
grid,-28,61,114.6559,0.8389912,0,5.8799996,0,6.2999997,6.2999997
grid,-28,62,114.30455,0.85036755,0,5.8799996,0,6.2999997,6.2999997
grid,-28,63,113.96249,0.8617751,0,5.8799996,0,6.2999997,6.2999997
grid,-28,64,113.62938,0.8732125,0,5.8799996,0,6.2999997,6.2999997
grid,-28,65,113.304886,0.8846786,0,5.8799996,0,6.2999997,6.2999997
grid,-28,66,112.988716,0.8961724,0,5.8799996,0,6.2999997,6.2999997
grid,-28,67,112.680565,0.9076928,0,5.8799996,0,6.2999997,6.2999997
grid,-28,68,112.380135,0.9192388,0,5.8799996,0,6.2999997,6.2999997
grid,-28,69,112.087166,0.93080944,0,5.8799996,0,6.2999997,6.2999997
grid,-28,70,111.80141,0.94240385,0,5.8799996,0,6.2999997,6.2999997
grid,-28,71,111.5226,0.9540211,0,5.8799996,0,6.2999997,6.2999997
grid,-28,72,111.2505,0.9656604,0,5.8799996,0,6.2999997,6.2999997
grid,-28,73,110.9849,0.97732097,0,5.8799996,0,6.2999997,6.2999997
grid,-28,74,110.725555,0.98900205,0,5.8799996,0,6.2999997,6.2999997
grid,-27,-75,250.20114,0.99639976,0,5.8799996,0,6.2999997,6.2999997
grid,-27,-74,249.95476,0.9846478,0,5.8799996,0,6.2999997,6.2999997
grid,-27,-73,249.70242,0.97291446,0,5.8799996,0,6.2999997,6.2999997
grid,-27,-72,249.44397,0.9612004,0,5.8799996,0,6.2999997,6.2999997
grid,-27,-71,249.17912,0.94950646,0,5.8799996,0,6.2999997,6.2999997
grid,-27,-70,248.90767,0.9378333,0,5.8799996,0,6.2999997,6.2999997
grid,-27,-69,248.62938,0.9261817,0,5.8799996,0,6.2999997,6.2999997
grid,-27,-68,248.34404,0.9145525,0,5.8799996,0,6.2999997,6.2999997
grid,-27,-67,248.05133,0.90294653,0,5.8799996,0,6.2999997,6.2999997
grid,-27,-66,247.75099,0.8913648,0,5.8799996,0,6.2999997,6.2999997
grid,-27,-65,247.44276,0.87980825,0,5.8799996,0,6.2999997,6.2999997
grid,-27,-64,247.12636,0.8682778,0,5.8799996,0,6.2999997,6.2999997
grid,-27,-63,246.80144,0.8567745,0,5.8799996,0,6.2999997,6.2999997
grid,-27,-62,246.46765,0.8452995,0,5.8799996,0,6.2999997,6.2999997
grid,-27,-61,246.12473,0.833854,0,5.8799996,0,6.2999997,6.2999997
grid,-27,-60,245.77228,0.8224392,0,5.8799996,0,6.2999997,6.2999997
grid,-27,-59,245.4099,0.81105644,0,5.8799996,0,6.2999997,6.2999997
grid,-27,-58,245.03722,0.799707,0,5.8799996,0,6.2999997,6.2999997
grid,-27,-57,244.65382,0.78839236,0,5.8799996,0,6.2999997,6.2999997
grid,-27,-56,244.25932,0.77711403,0,5.8799996,0,6.2999997,6.2999997
grid,-27,-55,243.85316,0.7658737,0,5.8799996,0,6.2999997,6.2999997
grid,-27,-54,243.43497,0.75467294,0,5.8799996,0,6.2999997,6.2999997
grid,-27,-53,243.00417,0.74351364,0,5.8799996,0,6.2999997,6.2999997
grid,-27,-52,242.56029,0.73239756,0,5.8799996,0,6.2999997,6.2999997
grid,-27,-51,242.10272,0.7213269,0,5.8799996,0,6.2999997,6.2999997
grid,-27,-50,241.63095,0.71030366,0,5.8799996,0,6.2999997,6.2999997
grid,-27,-49,241.14436,0.69933003,0,5.8799996,0,6.2999997,6.2999997
grid,-27,-48,240.64227,0.6884085,0,5.8799996,0,6.2999997,6.2999997
grid,-27,-47,240.12402,0.6775415,0,5.8799996,0,6.2999997,6.2999997
grid,-27,-46,239.58894,0.6667318,0,5.8799996,0,6.2999997,6.2999997
grid,-27,-45,239.03624,0.6559821,0,5.8799996,0,6.2999997,6.2999997
grid,-27,-44,238.46524,0.6452955,0,5.8799996,0,6.2999997,6.2999997
grid,-27,-43,237.875,0.63467515,0,5.8799996,0,6.2999997,6.2999997
grid,-27,-42,237.26479,0.62412435,0,5.8799996,0,6.2999997,6.2999997
grid,-27,-41,236.63365,0.61364686,0,5.8799996,0,6.2999997,6.2999997
grid,-27,-40,235.98067,0.60324645,0,5.8799996,0,6.2999997,6.2999997
grid,-27,-39,235.30486,0.5929271,0,5.8799996,0,6.2999997,6.2999997
grid,-27,-38,234.6052,0.5826931,0,5.8799996,0,6.2999997,6.2999997
grid,-27,-37,233.88068,0.57254916,0,5.8799996,0,6.2999997,6.2999997
grid,-27,-36,233.1301,0.5625,0,5.8799996,0,6.2999997,6.2999997
grid,-27,-35,232.35239,0.5525509,0,5.8799996,0,6.2999997,6.2999997
grid,-27,-34,231.54631,0.5427073,0,5.8799996,0,6.2999997,6.2999997
grid,-27,-33,230.71062,0.53297514,0,5.8799996,0,6.2999997,6.2999997
grid,-27,-32,229.84401,0.52336055,0,5.8799996,0,6.2999997,6.2999997
grid,-27,-31,228.94519,0.5138701,0,5.8799996,0,6.2999997,6.2999997
grid,-27,-30,228.0128,0.50451094,0,5.8799996,0,6.2999997,6.2999997
grid,-27,-29,227.04543,0.49529034,0,5.8799996,0,6.2999997,6.2999997
grid,-27,-28,226.04164,0.48621625,0,5.8799996,0,6.2999997,6.2999997
grid,-27,-27,225.00002,0.4772971,0,5.8799996,0,6.2999997,6.2999997
grid,-27,-26,223.9191,0.46854162,0,5.8799996,0,6.2999997,6.2999997
grid,-27,-25,222.79741,0.45995924,0,5.8799996,0,6.2999997,6.2999997
grid,-27,-24,221.63354,0.4515598,0,5.8799996,0,6.2999997,6.2999997
grid,-27,-23,220.4261,0.44335368,0,5.8799996,0,6.2999997,6.2999997
grid,-27,0,180,0.3375,0,5.8799996,0,6.2999997,6.2999997
grid,-27,23,139.57391,0.44335368,0,5.8799996,0,6.2999997,6.2999997
grid,-27,24,138.36647,0.4515598,0,5.8799996,0,6.2999997,6.2999997
grid,-27,25,137.2026,0.45995924,0,5.8799996,0,6.2999997,6.2999997
grid,-27,26,136.08092,0.46854162,0,5.8799996,0,6.2999997,6.2999997
grid,-27,27,135,0.4772971,0,5.8799996,0,6.2999997,6.2999997
grid,-27,28,133.95837,0.48621625,0,5.8799996,0,6.2999997,6.2999997
grid,-27,29,132.95459,0.49529034,0,5.8799996,0,6.2999997,6.2999997
grid,-27,30,131.98721,0.50451094,0,5.8799996,0,6.2999997,6.2999997
grid,-27,31,131.05481,0.5138701,0,5.8799996,0,6.2999997,6.2999997
grid,-27,32,130.156,0.52336055,0,5.8799996,0,6.2999997,6.2999997
grid,-27,33,129.2894,0.53297514,0,5.8799996,0,6.2999997,6.2999997
grid,-27,34,128.45372,0.5427073,0,5.8799996,0,6.2999997,6.2999997
grid,-27,35,127.64762,0.5525509,0,5.8799996,0,6.2999997,6.2999997
grid,-27,36,126.8699,0.5625,0,5.8799996,0,6.2999997,6.2999997
grid,-27,37,126.11934,0.57254916,0,5.8799996,0,6.2999997,6.2999997
grid,-27,38,125.394806,0.5826931,0,5.8799996,0,6.2999997,6.2999997
grid,-27,39,124.69516,0.5929271,0,5.8799996,0,6.2999997,6.2999997
grid,-27,40,124.019356,0.60324645,0,5.8799996,0,6.2999997,6.2999997
grid,-27,41,123.36637,0.61364686,0,5.8799996,0,6.2999997,6.2999997
grid,-27,42,122.73522,0.62412435,0,5.8799996,0,6.2999997,6.2999997
grid,-27,43,122.125,0.63467515,0,5.8799996,0,6.2999997,6.2999997
grid,-27,44,121.53479,0.6452955,0,5.8799996,0,6.2999997,6.2999997
grid,-27,45,120.96376,0.6559821,0,5.8799996,0,6.2999997,6.2999997
grid,-27,46,120.41109,0.6667318,0,5.8799996,0,6.2999997,6.2999997
grid,-27,47,119.876,0.6775415,0,5.8799996,0,6.2999997,6.2999997
grid,-27,48,119.357765,0.6884085,0,5.8799996,0,6.2999997,6.2999997
grid,-27,49,118.85566,0.69933003,0,5.8799996,0,6.2999997,6.2999997
grid,-27,50,118.36905,0.71030366,0,5.8799996,0,6.2999997,6.2999997
grid,-27,51,117.89728,0.7213269,0,5.8799996,0,6.2999997,6.2999997
grid,-27,52,117.439735,0.73239756,0,5.8799996,0,6.2999997,6.2999997
grid,-27,53,116.99584,0.74351364,0,5.8799996,0,6.2999997,6.2999997
grid,-27,54,116.56505,0.75467294,0,5.8799996,0,6.2999997,6.2999997
grid,-27,55,116.14685,0.7658737,0,5.8799996,0,6.2999997,6.2999997
grid,-27,56,115.740715,0.77711403,0,5.8799996,0,6.2999997,6.2999997
grid,-27,57,115.34618,0.78839236,0,5.8799996,0,6.2999997,6.2999997
grid,-27,58,114.96279,0.799707,0,5.8799996,0,6.2999997,6.2999997
grid,-27,59,114.59012,0.81105644,0,5.8799996,0,6.2999997,6.2999997
grid,-27,60,114.227745,0.8224392,0,5.8799996,0,6.2999997,6.2999997
grid,-27,61,113.875275,0.833854,0,5.8799996,0,6.2999997,6.2999997
grid,-27,62,113.53235,0.8452995,0,5.8799996,0,6.2999997,6.2999997
grid,-27,63,113.19859,0.8567745,0,5.8799996,0,6.2999997,6.2999997
grid,-27,64,112.873665,0.8682778,0,5.8799996,0,6.2999997,6.2999997
grid,-27,65,112.55725,0.87980825,0,5.8799996,0,6.2999997,6.2999997
grid,-27,66,112.24902,0.8913648,0,5.8799996,0,6.2999997,6.2999997
grid,-27,67,111.9487,0.90294653,0,5.8799996,0,6.2999997,6.2999997
grid,-27,68,111.65598,0.9145525,0,5.8799996,0,6.2999997,6.2999997
grid,-27,69,111.37062,0.9261817,0,5.8799996,0,6.2999997,6.2999997
grid,-27,70,111.09234,0.9378333,0,5.8799996,0,6.2999997,6.2999997
grid,-27,71,110.82089,0.94950646,0,5.8799996,0,6.2999997,6.2999997
grid,-27,72,110.556046,0.9612004,0,5.8799996,0,6.2999997,6.2999997
grid,-27,73,110.29757,0.97291446,0,5.8799996,0,6.2999997,6.2999997
grid,-27,74,110.04525,0.9846478,0,5.8799996,0,6.2999997,6.2999997
grid,-27,75,109.79888,0.99639976,0,5.8799996,0,6.2999997,6.2999997
grid,-26,-75,250.88028,0.9922355,0,5.8799996,0,6.2999997,6.2999997
grid,-26,-74,250.641,0.9804336,0,5.8799996,0,6.2999997,6.2999997
grid,-26,-73,250.39594,0.9686492,0,5.8799996,0,6.2999997,6.2999997
grid,-26,-72,250.1448,0.9568829,0,5.8799996,0,6.2999997,6.2999997
grid,-26,-71,249.88742,0.94513553,0,5.8799996,0,6.2999997,6.2999997
grid,-26,-70,249.62358,0.9334077,0,5.8799996,0,6.2999997,6.2999997
grid,-26,-69,249.35303,0.9217002,0,5.8799996,0,6.2999997,6.2999997
grid,-26,-68,249.07553,0.91001374,0,5.8799996,0,6.2999997,6.2999997
grid,-26,-67,248.79079,0.8983491,0,5.8799996,0,6.2999997,6.2999997
grid,-26,-66,248.49857,0.88670737,0,5.8799996,0,6.2999997,6.2999997
grid,-26,-65,248.19861,0.8750893,0,5.8799996,0,6.2999997,6.2999997
grid,-26,-64,247.89058,0.8634958,0,5.8799996,0,6.2999997,6.2999997
grid,-26,-63,247.57414,0.851928,0,5.8799996,0,6.2999997,6.2999997
grid,-26,-62,247.24902,0.8403868,0,5.8799996,0,6.2999997,6.2999997
grid,-26,-61,246.91489,0.82887346,0,5.8799996,0,6.2999997,6.2999997
grid,-26,-60,246.5713,0.81738913,0,5.8799996,0,6.2999997,6.2999997
grid,-26,-59,246.218,0.805935,0,5.8799996,0,6.2999997,6.2999997
grid,-26,-58,245.85446,0.79451245,0,5.8799996,0,6.2999997,6.2999997
grid,-26,-57,245.48036,0.7831227,0,5.8799996,0,6.2999997,6.2999997
grid,-26,-56,245.09525,0.77176744,0,5.8799996,0,6.2999997,6.2999997
grid,-26,-55,244.69864,0.76044804,0,5.8799996,0,6.2999997,6.2999997
grid,-26,-54,244.29005,0.74916625,0,5.8799996,0,6.2999997,6.2999997
grid,-26,-53,243.86902,0.7379236,0,5.8799996,0,6.2999997,6.2999997
grid,-26,-52,243.43497,0.72672206,0,5.8799996,0,6.2999997,6.2999997
grid,-26,-51,242.98735,0.71556354,0,5.8799996,0,6.2999997,6.2999997
grid,-26,-50,242.52559,0.70445013,0,5.8799996,0,6.2999997,6.2999997
grid,-26,-49,242.04904,0.69338393,0,5.8799996,0,6.2999997,6.2999997
grid,-26,-48,241.55707,0.6823672,0,5.8799996,0,6.2999997,6.2999997
grid,-26,-47,241.04901,0.67140245,0,5.8799996,0,6.2999997,6.2999997
grid,-26,-46,240.52412,0.66049224,0,5.8799996,0,6.2999997,6.2999997
grid,-26,-45,239.98164,0.6496393,0,5.8799996,0,6.2999997,6.2999997
grid,-26,-44,239.42078,0.6388466,0,5.8799996,0,6.2999997,6.2999997
grid,-26,-43,238.84071,0.6281172,0,5.8799996,0,6.2999997,6.2999997
grid,-26,-42,238.24052,0.6174544,0,5.8799996,0,6.2999997,6.2999997
grid,-26,-41,237.61934,0.6068618,0,5.8799996,0,6.2999997,6.2999997
grid,-26,-40,236.97615,0.596343,0,5.8799996,0,6.2999997,6.2999997
grid,-26,-39,236.30995,0.5859021,0,5.8799996,0,6.2999997,6.2999997
grid,-26,-38,235.61967,0.5755432,0,5.8799996,0,6.2999997,6.2999997
grid,-26,-37,234.90419,0.56527096,0,5.8799996,0,6.2999997,6.2999997
grid,-26,-36,234.16235,0.55509007,0,5.8799996,0,6.2999997,6.2999997
grid,-26,-35,233.39293,0.54500574,0,5.8799996,0,6.2999997,6.2999997
grid,-26,-34,232.59467,0.53502333,0,5.8799996,0,6.2999997,6.2999997
grid,-26,-33,231.76619,0.52514875,0,5.8799996,0,6.2999997,6.2999997
grid,-26,-32,230.90616,0.5153882,0,5.8799996,0,6.2999997,6.2999997
grid,-26,-31,230.01312,0.5057482,0,5.8799996,0,6.2999997,6.2999997
grid,-26,-30,229.08563,0.49623582,0,5.8799996,0,6.2999997,6.2999997
grid,-26,-29,228.12215,0.48685855,0,5.8799996,0,6.2999997,6.2999997
grid,-26,-28,227.12111,0.4776243,0,5.8799996,0,6.2999997,6.2999997
grid,-26,-27,226.08095,0.46854162,0,5.8799996,0,6.2999997,6.2999997
grid,-26,-26,225.00002,0.45961937,0,5.8799996,0,6.2999997,6.2999997
grid,-26,-25,223.87671,0.4508672,0,5.8799996,0,6.2999997,6.2999997
grid,-26,-24,222.7094,0.44229513,0,5.8799996,0,6.2999997,6.2999997
grid,-26,-23,221.49648,0.43391386,0,5.8799996,0,6.2999997,6.2999997
grid,-26,0,180,0.325,0,5.8799996,0,6.2999997,6.2999997
grid,-26,23,138.50354,0.43391386,0,5.8799996,0,6.2999997,6.2999997
grid,-26,24,137.29062,0.44229513,0,5.8799996,0,6.2999997,6.2999997
grid,-26,25,136.1233,0.4508672,0,5.8799996,0,6.2999997,6.2999997
grid,-26,26,135,0.45961937,0,5.8799996,0,6.2999997,6.2999997
grid,-26,27,133.91907,0.46854162,0,5.8799996,0,6.2999997,6.2999997
grid,-26,28,132.8789,0.4776243,0,5.8799996,0,6.2999997,6.2999997
grid,-26,29,131.87787,0.48685855,0,5.8799996,0,6.2999997,6.2999997
grid,-26,30,130.91438,0.49623582,0,5.8799996,0,6.2999997,6.2999997
grid,-26,31,129.9869,0.5057482,0,5.8799996,0,6.2999997,6.2999997
grid,-26,32,129.09386,0.5153882,0,5.8799996,0,6.2999997,6.2999997
grid,-26,33,128.23383,0.52514875,0,5.8799996,0,6.2999997,6.2999997
grid,-26,34,127.40535,0.53502333,0,5.8799996,0,6.2999997,6.2999997
grid,-26,35,126.60708,0.54500574,0,5.8799996,0,6.2999997,6.2999997
grid,-26,36,125.83766,0.55509007,0,5.8799996,0,6.2999997,6.2999997
grid,-26,37,125.09582,0.56527096,0,5.8799996,0,6.2999997,6.2999997
grid,-26,38,124.38034,0.5755432,0,5.8799996,0,6.2999997,6.2999997
grid,-26,39,123.69007,0.5859021,0,5.8799996,0,6.2999997,6.2999997
grid,-26,40,123.023865,0.596343,0,5.8799996,0,6.2999997,6.2999997
grid,-26,41,122.380684,0.6068618,0,5.8799996,0,6.2999997,6.2999997
grid,-26,42,121.75949,0.6174544,0,5.8799996,0,6.2999997,6.2999997
grid,-26,43,121.15931,0.6281172,0,5.8799996,0,6.2999997,6.2999997
grid,-26,44,120.57923,0.6388466,0,5.8799996,0,6.2999997,6.2999997
grid,-26,45,120.018364,0.6496393,0,5.8799996,0,6.2999997,6.2999997
grid,-26,46,119.4759,0.66049224,0,5.8799996,0,6.2999997,6.2999997
grid,-26,47,118.951,0.67140245,0,5.8799996,0,6.2999997,6.2999997
grid,-26,48,118.442924,0.6823672,0,5.8799996,0,6.2999997,6.2999997
grid,-26,49,117.95097,0.69338393,0,5.8799996,0,6.2999997,6.2999997
grid,-26,50,117.474434,0.70445013,0,5.8799996,0,6.2999997,6.2999997
grid,-26,51,117.01267,0.71556354,0,5.8799996,0,6.2999997,6.2999997
grid,-26,52,116.56505,0.72672206,0,5.8799996,0,6.2999997,6.2999997
grid,-26,53,116.131004,0.7379236,0,5.8799996,0,6.2999997,6.2999997
grid,-26,54,115.70996,0.74916625,0,5.8799996,0,6.2999997,6.2999997
grid,-26,55,115.301384,0.76044804,0,5.8799996,0,6.2999997,6.2999997
grid,-26,56,114.90476,0.77176744,0,5.8799996,0,6.2999997,6.2999997
grid,-26,57,114.519646,0.7831227,0,5.8799996,0,6.2999997,6.2999997
grid,-26,58,114.145546,0.79451245,0,5.8799996,0,6.2999997,6.2999997
grid,-26,59,113.78203,0.805935,0,5.8799996,0,6.2999997,6.2999997
grid,-26,60,113.428696,0.81738913,0,5.8799996,0,6.2999997,6.2999997
grid,-26,61,113.08514,0.82887346,0,5.8799996,0,6.2999997,6.2999997
grid,-26,62,112.75098,0.8403868,0,5.8799996,0,6.2999997,6.2999997
grid,-26,63,112.42586,0.851928,0,5.8799996,0,6.2999997,6.2999997
grid,-26,64,112.10945,0.8634958,0,5.8799996,0,6.2999997,6.2999997
grid,-26,65,111.80141,0.8750893,0,5.8799996,0,6.2999997,6.2999997
grid,-26,66,111.501434,0.88670737,0,5.8799996,0,6.2999997,6.2999997
grid,-26,67,111.20922,0.8983491,0,5.8799996,0,6.2999997,6.2999997
grid,-26,68,110.9245,0.91001374,0,5.8799996,0,6.2999997,6.2999997
grid,-26,69,110.64699,0.9217002,0,5.8799996,0,6.2999997,6.2999997
grid,-26,70,110.376434,0.9334077,0,5.8799996,0,6.2999997,6.2999997
grid,-26,71,110.11259,0.94513553,0,5.8799996,0,6.2999997,6.2999997
grid,-26,72,109.85522,0.9568829,0,5.8799996,0,6.2999997,6.2999997
grid,-26,73,109.60409,0.9686492,0,5.8799996,0,6.2999997,6.2999997
grid,-26,74,109.35899,0.9804336,0,5.8799996,0,6.2999997,6.2999997
grid,-26,75,109.11973,0.9922355,0,5.8799996,0,6.2999997,6.2999997
grid,-25,-75,251.56505,0.98821175,0,5.8799996,0,6.2999997,6.2999997
grid,-25,-74,251.3331,0.9763613,0,5.8799996,0,6.2999997,6.2999997
grid,-25,-73,251.09543,0.9645271,0,5.8799996,0,6.2999997,6.2999997
grid,-25,-72,250.85187,0.9527099,0,5.8799996,0,6.2999997,6.2999997
grid,-25,-71,250.60222,0.94091046,0,5.8799996,0,6.2999997,6.2999997
grid,-25,-70,250.34619,0.9291293,0,5.8799996,0,6.2999997,6.2999997
grid,-25,-69,250.0836,0.91736716,0,5.8799996,0,6.2999997,6.2999997
grid,-25,-68,249.81422,0.9056248,0,5.8799996,0,6.2999997,6.2999997
grid,-25,-67,249.53773,0.8939029,0,5.8799996,0,6.2999997,6.2999997
grid,-25,-66,249.25394,0.8822025,0,5.8799996,0,6.2999997,6.2999997
grid,-25,-65,248.96251,0.8705243,0,5.8799996,0,6.2999997,6.2999997
grid,-25,-64,248.66315,0.8588692,0,5.8799996,0,6.2999997,6.2999997
grid,-25,-63,248.35558,0.8472382,0,5.8799996,0,6.2999997,6.2999997
grid,-25,-62,248.03944,0.8356322,0,5.8799996,0,6.2999997,6.2999997
grid,-25,-61,247.71443,0.82405245,0,5.8799996,0,6.2999997,6.2999997
grid,-25,-60,247.38017,0.8125,0,5.8799996,0,6.2999997,6.2999997
grid,-25,-59,247.03625,0.800976,0,5.8799996,0,6.2999997,6.2999997
grid,-25,-58,246.68231,0.78948164,0,5.8799996,0,6.2999997,6.2999997
grid,-25,-57,246.31793,0.7780183,0,5.8799996,0,6.2999997,6.2999997
grid,-25,-56,245.94266,0.76658744,0,5.8799996,0,6.2999997,6.2999997
grid,-25,-55,245.55606,0.7551904,0,5.8799996,0,6.2999997,6.2999997
grid,-25,-54,245.15762,0.74382883,0,5.8799996,0,6.2999997,6.2999997
grid,-25,-53,244.74686,0.7325043,0,5.8799996,0,6.2999997,6.2999997
grid,-25,-52,244.3232,0.7212185,0,5.8799996,0,6.2999997,6.2999997
grid,-25,-51,243.88611,0.7099736,0,5.8799996,0,6.2999997,6.2999997
grid,-25,-50,243.43497,0.69877124,0,5.8799996,0,6.2999997,6.2999997
grid,-25,-49,242.96915,0.6876136,0,5.8799996,0,6.2999997,6.2999997
grid,-25,-48,242.488,0.67650294,0,5.8799996,0,6.2999997,6.2999997
grid,-25,-47,241.99081,0.6654416,0,5.8799996,0,6.2999997,6.2999997
grid,-25,-46,241.47688,0.654432,0,5.8799996,0,6.2999997,6.2999997
grid,-25,-45,240.94542,0.6434769,0,5.8799996,0,6.2999997,6.2999997
grid,-25,-44,240.39555,0.632579,0,5.8799996,0,6.2999997,6.2999997
grid,-25,-43,239.82649,0.62174153,0,5.8799996,0,6.2999997,6.2999997
grid,-25,-42,239.23729,0.61096746,0,5.8799996,0,6.2999997,6.2999997
grid,-25,-41,238.627,0.6002604,0,5.8799996,0,6.2999997,6.2999997
grid,-25,-40,237.99461,0.5896238,0,5.8799996,0,6.2999997,6.2999997
grid,-25,-39,237.33911,0.57906175,0,5.8799996,0,6.2999997,6.2999997
grid,-25,-38,236.6593,0.56857824,0,5.8799996,0,6.2999997,6.2999997
grid,-25,-37,235.95407,0.5581778,0,5.8799996,0,6.2999997,6.2999997
grid,-25,-36,235.22218,0.54786515,0,5.8799996,0,6.2999997,6.2999997
grid,-25,-35,234.46234,0.53764534,0,5.8799996,0,6.2999997,6.2999997
grid,-25,-34,233.67317,0.5275237,0,5.8799996,0,6.2999997,6.2999997
grid,-25,-33,232.85333,0.517506,0,5.8799996,0,6.2999997,6.2999997
grid,-25,-32,232.00128,0.5075985,0,5.8799996,0,6.2999997,6.2999997
grid,-25,-31,231.11552,0.49780768,0,5.8799996,0,6.2999997,6.2999997
grid,-25,-30,230.19443,0.4881406,0,5.8799996,0,6.2999997,6.2999997
grid,-25,-29,229.23639,0.47860476,0,5.8799996,0,6.2999997,6.2999997
grid,-25,-28,228.2397,0.46920812,0,5.8799996,0,6.2999997,6.2999997
grid,-25,-27,227.2026,0.45995924,0,5.8799996,0,6.2999997,6.2999997
grid,-25,-26,226.12332,0.4508672,0,5.8799996,0,6.2999997,6.2999997
grid,-25,-25,225.00002,0.44194174,0,5.8799996,0,6.2999997,6.2999997
grid,-25,-24,223.83087,0.4331931,0,5.8799996,0,6.2999997,6.2999997
grid,-25,-23,222.61406,0.4246322,0,5.8799996,0,6.2999997,6.2999997
grid,-25,0,180,0.3125,0,5.8799996,0,6.2999997,6.2999997
grid,-25,23,137.38596,0.4246322,0,5.8799996,0,6.2999997,6.2999997
grid,-25,24,136.16914,0.4331931,0,5.8799996,0,6.2999997,6.2999997
grid,-25,25,135,0.44194174,0,5.8799996,0,6.2999997,6.2999997
grid,-25,26,133.8767,0.4508672,0,5.8799996,0,6.2999997,6.2999997
grid,-25,27,132.79741,0.45995924,0,5.8799996,0,6.2999997,6.2999997
grid,-25,28,131.7603,0.46920812,0,5.8799996,0,6.2999997,6.2999997
grid,-25,29,130.76361,0.47860476,0,5.8799996,0,6.2999997,6.2999997
grid,-25,30,129.80557,0.4881406,0,5.8799996,0,6.2999997,6.2999997
grid,-25,31,128.88449,0.49780768,0,5.8799996,0,6.2999997,6.2999997
grid,-25,32,127.99873,0.5075985,0,5.8799996,0,6.2999997,6.2999997
grid,-25,33,127.14669,0.517506,0,5.8799996,0,6.2999997,6.2999997
grid,-25,34,126.32682,0.5275237,0,5.8799996,0,6.2999997,6.2999997
grid,-25,35,125.537674,0.53764534,0,5.8799996,0,6.2999997,6.2999997
grid,-25,36,124.77783,0.54786515,0,5.8799996,0,6.2999997,6.2999997
grid,-25,37,124.04594,0.5581778,0,5.8799996,0,6.2999997,6.2999997
grid,-25,38,123.340706,0.56857824,0,5.8799996,0,6.2999997,6.2999997
grid,-25,39,122.66091,0.57906175,0,5.8799996,0,6.2999997,6.2999997
grid,-25,40,122.00539,0.5896238,0,5.8799996,0,6.2999997,6.2999997
grid,-25,41,121.37301,0.6002604,0,5.8799996,0,6.2999997,6.2999997
grid,-25,42,120.76272,0.61096746,0,5.8799996,0,6.2999997,6.2999997
grid,-25,43,120.173515,0.62174153,0,5.8799996,0,6.2999997,6.2999997
grid,-25,44,119.604454,0.632579,0,5.8799996,0,6.2999997,6.2999997
grid,-25,45,119.05461,0.6434769,0,5.8799996,0,6.2999997,6.2999997
grid,-25,46,118.523125,0.654432,0,5.8799996,0,6.2999997,6.2999997
grid,-25,47,118.009186,0.6654416,0,5.8799996,0,6.2999997,6.2999997
grid,-25,48,117.512,0.67650294,0,5.8799996,0,6.2999997,6.2999997
grid,-25,49,117.03087,0.6876136,0,5.8799996,0,6.2999997,6.2999997
grid,-25,50,116.56505,0.69877124,0,5.8799996,0,6.2999997,6.2999997
grid,-25,51,116.113914,0.7099736,0,5.8799996,0,6.2999997,6.2999997
grid,-25,52,115.67683,0.7212185,0,5.8799996,0,6.2999997,6.2999997
grid,-25,53,115.25316,0.7325043,0,5.8799996,0,6.2999997,6.2999997
grid,-25,54,114.84239,0.74382883,0,5.8799996,0,6.2999997,6.2999997
grid,-25,55,114.443954,0.7551904,0,5.8799996,0,6.2999997,6.2999997
grid,-25,56,114.05735,0.76658744,0,5.8799996,0,6.2999997,6.2999997
grid,-25,57,113.68208,0.7780183,0,5.8799996,0,6.2999997,6.2999997
grid,-25,58,113.31771,0.78948164,0,5.8799996,0,6.2999997,6.2999997
grid,-25,59,112.96377,0.800976,0,5.8799996,0,6.2999997,6.2999997
grid,-25,60,112.619865,0.8125,0,5.8799996,0,6.2999997,6.2999997
grid,-25,61,112.28558,0.82405245,0,5.8799996,0,6.2999997,6.2999997
grid,-25,62,111.96056,0.8356322,0,5.8799996,0,6.2999997,6.2999997
grid,-25,63,111.64444,0.8472382,0,5.8799996,0,6.2999997,6.2999997
grid,-25,64,111.33686,0.8588692,0,5.8799996,0,6.2999997,6.2999997
grid,-25,65,111.03751,0.8705243,0,5.8799996,0,6.2999997,6.2999997
grid,-25,66,110.74608,0.8822025,0,5.8799996,0,6.2999997,6.2999997
grid,-25,67,110.46227,0.8939029,0,5.8799996,0,6.2999997,6.2999997
grid,-25,68,110.1858,0.9056248,0,5.8799996,0,6.2999997,6.2999997
grid,-25,69,109.916405,0.91736716,0,5.8799996,0,6.2999997,6.2999997
grid,-25,70,109.653824,0.9291293,0,5.8799996,0,6.2999997,6.2999997
grid,-25,71,109.39781,0.94091046,0,5.8799996,0,6.2999997,6.2999997
grid,-25,72,109.14814,0.9527099,0,5.8799996,0,6.2999997,6.2999997
grid,-25,73,108.90457,0.9645271,0,5.8799996,0,6.2999997,6.2999997
grid,-25,74,108.66691,0.9763613,0,5.8799996,0,6.2999997,6.2999997
grid,-25,75,108.43495,0.98821175,0,5.8799996,0,6.2999997,6.2999997
grid,-24,-76,252.47444,0.99624294,0,5.8799996,0,6.2999997,6.2999997
grid,-24,-75,252.25534,0.98433036,0,5.8799996,0,6.2999997,6.2999997
grid,-24,-74,252.03087,0.97243255,0,5.8799996,0,6.2999997,6.2999997
grid,-24,-73,251.80086,0.96055,0,5.8799996,0,6.2999997,6.2999997
grid,-24,-72,251.56505,0.94868326,0,5.8799996,0,6.2999997,6.2999997
grid,-24,-71,251.32332,0.9368331,0,5.8799996,0,6.2999997,6.2999997
grid,-24,-70,251.07535,0.925,0,5.8799996,0,6.2999997,6.2999997
grid,-24,-69,250.821,0.9131847,0,5.8799996,0,6.2999997,6.2999997
grid,-24,-68,250.55997,0.9013878,0,5.8799996,0,6.2999997,6.2999997
grid,-24,-67,250.29204,0.8896101,0,5.8799996,0,6.2999997,6.2999997
grid,-24,-66,250.01689,0.8778525,0,5.8799996,0,6.2999997,6.2999997
grid,-24,-65,249.73431,0.8661156,0,5.8799996,0,6.2999997,6.2999997
grid,-24,-64,249.44397,0.8544004,0,5.8799996,0,6.2999997,6.2999997
grid,-24,-63,249.14555,0.84270775,0,5.8799996,0,6.2999997,6.2999997
grid,-24,-62,248.83876,0.8310385,0,5.8799996,0,6.2999997,6.2999997
grid,-24,-61,248.52321,0.8193938,0,5.8799996,0,6.2999997,6.2999997
grid,-24,-60,248.19861,0.8077747,0,5.8799996,0,6.2999997,6.2999997
grid,-24,-59,247.8645,0.7961823,0,5.8799996,0,6.2999997,6.2999997
grid,-24,-58,247.5206,0.7846178,0,5.8799996,0,6.2999997,6.2999997
grid,-24,-57,247.16635,0.7730823,0,5.8799996,0,6.2999997,6.2999997
grid,-24,-56,246.80144,0.7615773,0,5.8799996,0,6.2999997,6.2999997
grid,-24,-55,246.42531,0.7501042,0,5.8799996,0,6.2999997,6.2999997
grid,-24,-54,246.03752,0.7386643,0,5.8799996,0,6.2999997,6.2999997
grid,-24,-53,245.63757,0.72725946,0,5.8799996,0,6.2999997,6.2999997
grid,-24,-52,245.22488,0.715891,0,5.8799996,0,6.2999997,6.2999997
grid,-24,-51,244.7989,0.704561,0,5.8799996,0,6.2999997,6.2999997
grid,-24,-50,244.35901,0.6932712,0,5.8799996,0,6.2999997,6.2999997
grid,-24,-49,243.90459,0.68202364,0,5.8799996,0,6.2999997,6.2999997
grid,-24,-48,243.43497,0.6708204,0,5.8799996,0,6.2999997,6.2999997
grid,-24,-47,242.9494,0.65966374,0,5.8799996,0,6.2999997,6.2999997
grid,-24,-46,242.44719,0.6485561,0,5.8799996,0,6.2999997,6.2999997
grid,-24,-45,241.92752,0.6375,0,5.8799996,0,6.2999997,6.2999997
grid,-24,-44,241.38954,0.6264982,0,5.8799996,0,6.2999997,6.2999997
grid,-24,-43,240.8324,0.6155536,0,5.8799996,0,6.2999997,6.2999997
grid,-24,-42,240.25513,0.6046693,0,5.8799996,0,6.2999997,6.2999997
grid,-24,-41,239.65675,0.59384865,0,5.8799996,0,6.2999997,6.2999997
grid,-24,-40,239.03624,0.5830952,0,5.8799996,0,6.2999997,6.2999997
grid,-24,-39,238.39252,0.57241267,0,5.8799996,0,6.2999997,6.2999997
grid,-24,-38,237.72435,0.5618051,0,5.8799996,0,6.2999997,6.2999997
grid,-24,-37,237.03062,0.5512769,0,5.8799996,0,6.2999997,6.2999997
grid,-24,-36,236.30995,0.5408327,0,5.8799996,0,6.2999997,6.2999997
grid,-24,-35,235.56104,0.5304774,0,5.8799996,0,6.2999997,6.2999997
grid,-24,-34,234.7824,0.5202163,0,5.8799996,0,6.2999997,6.2999997
grid,-24,-33,233.97264,0.5100551,0,5.8799996,0,6.2999997,6.2999997
grid,-24,-32,233.1301,0.5,0,5.8799996,0,6.2999997,6.2999997
grid,-24,-31,232.2532,0.49005738,0,5.8799996,0,6.2999997,6.2999997
grid,-24,-30,231.34021,0.48023432,0,5.8799996,0,6.2999997,6.2999997
grid,-24,-29,230.38933,0.47053826,0,5.8799996,0,6.2999997,6.2999997
grid,-24,-28,229.39874,0.46097723,0,5.8799996,0,6.2999997,6.2999997
grid,-24,-27,228.36647,0.4515598,0,5.8799996,0,6.2999997,6.2999997
grid,-24,-26,227.29062,0.44229513,0,5.8799996,0,6.2999997,6.2999997
grid,-24,-25,226.16914,0.4331931,0,5.8799996,0,6.2999997,6.2999997
grid,-24,-24,225.00002,0.42426407,0,5.8799996,0,6.2999997,6.2999997
grid,-24,-23,223.78114,0.41551927,0,5.8799996,0,6.2999997,6.2999997
grid,-24,0,180,0.3,0,5.8799996,0,6.2999997,6.2999997
grid,-24,23,136.21887,0.41551927,0,5.8799996,0,6.2999997,6.2999997
grid,-24,24,135,0.42426407,0,5.8799996,0,6.2999997,6.2999997
grid,-24,25,133.83087,0.4331931,0,5.8799996,0,6.2999997,6.2999997
grid,-24,26,132.70938,0.44229513,0,5.8799996,0,6.2999997,6.2999997
grid,-24,27,131.63354,0.4515598,0,5.8799996,0,6.2999997,6.2999997
grid,-24,28,130.60129,0.46097723,0,5.8799996,0,6.2999997,6.2999997
grid,-24,29,129.61069,0.47053826,0,5.8799996,0,6.2999997,6.2999997
grid,-24,30,128.6598,0.48023432,0,5.8799996,0,6.2999997,6.2999997
grid,-24,31,127.7468,0.49005738,0,5.8799996,0,6.2999997,6.2999997
grid,-24,32,126.8699,0.5,0,5.8799996,0,6.2999997,6.2999997
grid,-24,33,126.027374,0.5100551,0,5.8799996,0,6.2999997,6.2999997
grid,-24,34,125.2176,0.5202163,0,5.8799996,0,6.2999997,6.2999997
grid,-24,35,124.43899,0.5304774,0,5.8799996,0,6.2999997,6.2999997
grid,-24,36,123.69007,0.5408327,0,5.8799996,0,6.2999997,6.2999997
grid,-24,37,122.9694,0.5512769,0,5.8799996,0,6.2999997,6.2999997
grid,-24,38,122.27565,0.5618051,0,5.8799996,0,6.2999997,6.2999997
grid,-24,39,121.607506,0.57241267,0,5.8799996,0,6.2999997,6.2999997
grid,-24,40,120.96376,0.5830952,0,5.8799996,0,6.2999997,6.2999997
grid,-24,41,120.34325,0.59384865,0,5.8799996,0,6.2999997,6.2999997
grid,-24,42,119.74488,0.6046693,0,5.8799996,0,6.2999997,6.2999997
grid,-24,43,119.167625,0.6155536,0,5.8799996,0,6.2999997,6.2999997
grid,-24,44,118.61046,0.6264982,0,5.8799996,0,6.2999997,6.2999997
grid,-24,45,118.072495,0.6375,0,5.8799996,0,6.2999997,6.2999997
grid,-24,46,117.55282,0.6485561,0,5.8799996,0,6.2999997,6.2999997
grid,-24,47,117.050606,0.65966374,0,5.8799996,0,6.2999997,6.2999997
grid,-24,48,116.56505,0.6708204,0,5.8799996,0,6.2999997,6.2999997
grid,-24,49,116.09543,0.68202364,0,5.8799996,0,6.2999997,6.2999997
grid,-24,50,115.64101,0.6932712,0,5.8799996,0,6.2999997,6.2999997
grid,-24,51,115.201126,0.704561,0,5.8799996,0,6.2999997,6.2999997
grid,-24,52,114.77514,0.715891,0,5.8799996,0,6.2999997,6.2999997
grid,-24,53,114.36246,0.72725946,0,5.8799996,0,6.2999997,6.2999997
grid,-24,54,113.96249,0.7386643,0,5.8799996,0,6.2999997,6.2999997
grid,-24,55,113.57471,0.7501042,0,5.8799996,0,6.2999997,6.2999997
grid,-24,56,113.19859,0.7615773,0,5.8799996,0,6.2999997,6.2999997
grid,-24,57,112.83366,0.7730823,0,5.8799996,0,6.2999997,6.2999997
grid,-24,58,112.47943,0.7846178,0,5.8799996,0,6.2999997,6.2999997
grid,-24,59,112.13549,0.7961823,0,5.8799996,0,6.2999997,6.2999997
grid,-24,60,111.80141,0.8077747,0,5.8799996,0,6.2999997,6.2999997
grid,-24,61,111.47679,0.8193938,0,5.8799996,0,6.2999997,6.2999997
grid,-24,62,111.16126,0.8310385,0,5.8799996,0,6.2999997,6.2999997
grid,-24,63,110.854454,0.84270775,0,5.8799996,0,6.2999997,6.2999997
grid,-24,64,110.556046,0.8544004,0,5.8799996,0,6.2999997,6.2999997
grid,-24,65,110.26569,0.8661156,0,5.8799996,0,6.2999997,6.2999997
grid,-24,66,109.98311,0.8778525,0,5.8799996,0,6.2999997,6.2999997
grid,-24,67,109.707985,0.8896101,0,5.8799996,0,6.2999997,6.2999997
grid,-24,68,109.44003,0.9013878,0,5.8799996,0,6.2999997,6.2999997
grid,-24,69,109.179,0.9131847,0,5.8799996,0,6.2999997,6.2999997
grid,-24,70,108.924644,0.925,0,5.8799996,0,6.2999997,6.2999997
grid,-24,71,108.6767,0.9368331,0,5.8799996,0,6.2999997,6.2999997
grid,-24,72,108.43495,0.94868326,0,5.8799996,0,6.2999997,6.2999997
grid,-24,73,108.199165,0.96055,0,5.8799996,0,6.2999997,6.2999997
grid,-24,74,107.96914,0.97243255,0,5.8799996,0,6.2999997,6.2999997
grid,-24,75,107.744675,0.98433036,0,5.8799996,0,6.2999997,6.2999997
grid,-24,76,107.525566,0.99624294,0,5.8799996,0,6.2999997,6.2999997
grid,-23,-76,253.16255,0.9925504,0,5.8799996,0,6.2999997,6.2999997
grid,-23,-75,252.95097,0.98059297,0,5.8799996,0,6.2999997,6.2999997
grid,-23,-74,252.7342,0.9686492,0,5.8799996,0,6.2999997,6.2999997
grid,-23,-73,252.51201,0.9567197,0,5.8799996,0,6.2999997,6.2999997
grid,-23,-72,252.28421,0.94480485,0,5.8799996,0,6.2999997,6.2999997
grid,-23,-71,252.05063,0.93290544,0,5.8799996,0,6.2999997,6.2999997
grid,-23,-70,251.81096,0.9210219,0,5.8799996,0,6.2999997,6.2999997
grid,-23,-69,251.56505,0.90915483,0,5.8799996,0,6.2999997,6.2999997
grid,-23,-68,251.31267,0.897305,0,5.8799996,0,6.2999997,6.2999997
grid,-23,-67,251.0535,0.885473,0,5.8799996,0,6.2999997,6.2999997
grid,-23,-66,250.78734,0.8736597,0,5.8799996,0,6.2999997,6.2999997
grid,-23,-65,250.51389,0.8618657,0,5.8799996,0,6.2999997,6.2999997
grid,-23,-64,250.23283,0.85009193,0,5.8799996,0,6.2999997,6.2999997
grid,-23,-63,249.94392,0.83833915,0,5.8799996,0,6.2999997,6.2999997
grid,-23,-62,249.64677,0.8266083,0,5.8799996,0,6.2999997,6.2999997
grid,-23,-61,249.34111,0.8149003,0,5.8799996,0,6.2999997,6.2999997
grid,-23,-60,249.02652,0.8032162,0,5.8799996,0,6.2999997,6.2999997
grid,-23,-59,248.70265,0.791557,0,5.8799996,0,6.2999997,6.2999997
grid,-23,-58,248.36913,0.7799239,0,5.8799996,0,6.2999997,6.2999997
grid,-23,-57,248.02551,0.76831794,0,5.8799996,0,6.2999997,6.2999997
grid,-23,-56,247.67136,0.7567405,0,5.8799996,0,6.2999997,6.2999997
grid,-23,-55,247.30623,0.74519295,0,5.8799996,0,6.2999997,6.2999997
grid,-23,-54,246.9296,0.73367655,0,5.8799996,0,6.2999997,6.2999997
grid,-23,-53,246.54099,0.7221928,0,5.8799996,0,6.2999997,6.2999997
grid,-23,-52,246.13983,0.7107434,0,5.8799996,0,6.2999997,6.2999997
grid,-23,-51,245.72557,0.69933003,0,5.8799996,0,6.2999997,6.2999997
grid,-23,-50,245.29759,0.6879544,0,5.8799996,0,6.2999997,6.2999997
grid,-23,-49,244.85524,0.6766184,0,5.8799996,0,6.2999997,6.2999997
grid,-23,-48,244.39783,0.6653242,0,5.8799996,0,6.2999997,6.2999997
grid,-23,-47,243.92464,0.6540737,0,5.8799996,0,6.2999997,6.2999997
grid,-23,-46,243.43497,0.64286953,0,5.8799996,0,6.2999997,6.2999997
grid,-23,-45,242.92792,0.6317139,0,5.8799996,0,6.2999997,6.2999997
grid,-23,-44,242.40271,0.6206096,0,5.8799996,0,6.2999997,6.2999997
grid,-23,-43,241.85843,0.6095593,0,5.8799996,0,6.2999997,6.2999997
grid,-23,-42,241.29405,0.59856594,0,5.8799996,0,6.2999997,6.2999997
grid,-23,-41,240.70865,0.58763295,0,5.8799996,0,6.2999997,6.2999997
grid,-23,-40,240.10109,0.57676363,0,5.8799996,0,6.2999997,6.2999997
grid,-23,-39,239.47032,0.5659616,0,5.8799996,0,6.2999997,6.2999997
grid,-23,-38,238.81505,0.5552308,0,5.8799996,0,6.2999997,6.2999997
grid,-23,-37,238.13403,0.5445755,0,5.8799996,0,6.2999997,6.2999997
grid,-23,-36,237.42596,0.5340002,0,5.8799996,0,6.2999997,6.2999997
grid,-23,-35,236.68939,0.5235098,0,5.8799996,0,6.2999997,6.2999997
grid,-23,-34,235.92282,0.5131094,0,5.8799996,0,6.2999997,6.2999997
grid,-23,-33,235.12468,0.50280464,0,5.8799996,0,6.2999997,6.2999997
grid,-23,-32,234.2933,0.4926015,0,5.8799996,0,6.2999997,6.2999997
grid,-23,-31,233.42696,0.48250648,0,5.8799996,0,6.2999997,6.2999997
grid,-23,-30,232.52385,0.47252646,0,5.8799996,0,6.2999997,6.2999997
grid,-23,-29,231.58197,0.4626689,0,5.8799996,0,6.2999997,6.2999997
grid,-23,-28,230.59935,0.45294175,0,5.8799996,0,6.2999997,6.2999997
grid,-23,-27,229.57391,0.44335368,0,5.8799996,0,6.2999997,6.2999997
grid,-23,-26,228.50354,0.43391386,0,5.8799996,0,6.2999997,6.2999997
grid,-23,-25,227.38596,0.4246322,0,5.8799996,0,6.2999997,6.2999997
grid,-23,-24,226.21889,0.41551927,0,5.8799996,0,6.2999997,6.2999997
grid,-23,-23,225.00002,0.4065864,0,5.8799996,0,6.2999997,6.2999997
grid,-23,0,180,0.2875,0,5.8799996,0,6.2999997,6.2999997
grid,-23,23,135,0.4065864,0,5.8799996,0,6.2999997,6.2999997
grid,-23,24,133.78113,0.41551927,0,5.8799996,0,6.2999997,6.2999997
grid,-23,25,132.61406,0.4246322,0,5.8799996,0,6.2999997,6.2999997
grid,-23,26,131.49648,0.43391386,0,5.8799996,0,6.2999997,6.2999997
grid,-23,27,130.42609,0.44335368,0,5.8799996,0,6.2999997,6.2999997
grid,-23,28,129.40067,0.45294175,0,5.8799996,0,6.2999997,6.2999997
grid,-23,29,128.41805,0.4626689,0,5.8799996,0,6.2999997,6.2999997
grid,-23,30,127.47618,0.47252646,0,5.8799996,0,6.2999997,6.2999997
grid,-23,31,126.57304,0.48250648,0,5.8799996,0,6.2999997,6.2999997
grid,-23,32,125.706696,0.4926015,0,5.8799996,0,6.2999997,6.2999997
grid,-23,33,124.87533,0.50280464,0,5.8799996,0,6.2999997,6.2999997
grid,-23,34,124.077194,0.5131094,0,5.8799996,0,6.2999997,6.2999997
grid,-23,35,123.31064,0.5235098,0,5.8799996,0,6.2999997,6.2999997
grid,-23,36,122.57406,0.5340002,0,5.8799996,0,6.2999997,6.2999997
grid,-23,37,121.86598,0.5445755,0,5.8799996,0,6.2999997,6.2999997
grid,-23,38,121.184975,0.5552308,0,5.8799996,0,6.2999997,6.2999997
grid,-23,39,120.52972,0.5659616,0,5.8799996,0,6.2999997,6.2999997
grid,-23,40,119.8989,0.57676363,0,5.8799996,0,6.2999997,6.2999997
grid,-23,41,119.29136,0.58763295,0,5.8799996,0,6.2999997,6.2999997
grid,-23,42,118.705956,0.59856594,0,5.8799996,0,6.2999997,6.2999997
grid,-23,43,118.14161,0.6095593,0,5.8799996,0,6.2999997,6.2999997
grid,-23,44,117.5973,0.6206096,0,5.8799996,0,6.2999997,6.2999997
grid,-23,45,117.07208,0.6317139,0,5.8799996,0,6.2999997,6.2999997
grid,-23,46,116.56505,0.64286953,0,5.8799996,0,6.2999997,6.2999997
grid,-23,47,116.07536,0.6540737,0,5.8799996,0,6.2999997,6.2999997
grid,-23,48,115.60218,0.6653242,0,5.8799996,0,6.2999997,6.2999997
grid,-23,49,115.14479,0.6766184,0,5.8799996,0,6.2999997,6.2999997
grid,-23,50,114.70243,0.6879544,0,5.8799996,0,6.2999997,6.2999997
grid,-23,51,114.274445,0.69933003,0,5.8799996,0,6.2999997,6.2999997
grid,-23,52,113.860176,0.7107434,0,5.8799996,0,6.2999997,6.2999997
grid,-23,53,113.45902,0.7221928,0,5.8799996,0,6.2999997,6.2999997
grid,-23,54,113.07041,0.73367655,0,5.8799996,0,6.2999997,6.2999997
grid,-23,55,112.693794,0.74519295,0,5.8799996,0,6.2999997,6.2999997
grid,-23,56,112.32866,0.7567405,0,5.8799996,0,6.2999997,6.2999997
grid,-23,57,111.9745,0.76831794,0,5.8799996,0,6.2999997,6.2999997
grid,-23,58,111.63088,0.7799239,0,5.8799996,0,6.2999997,6.2999997
grid,-23,59,111.297356,0.791557,0,5.8799996,0,6.2999997,6.2999997
grid,-23,60,110.973495,0.8032162,0,5.8799996,0,6.2999997,6.2999997
grid,-23,61,110.658905,0.8149003,0,5.8799996,0,6.2999997,6.2999997
grid,-23,62,110.35323,0.8266083,0,5.8799996,0,6.2999997,6.2999997
grid,-23,63,110.0561,0.83833915,0,5.8799996,0,6.2999997,6.2999997
grid,-23,64,109.767166,0.85009193,0,5.8799996,0,6.2999997,6.2999997
grid,-23,65,109.48613,0.8618657,0,5.8799996,0,6.2999997,6.2999997
grid,-23,66,109.21267,0.8736597,0,5.8799996,0,6.2999997,6.2999997
grid,-23,67,108.9465,0.885473,0,5.8799996,0,6.2999997,6.2999997
grid,-23,68,108.68735,0.897305,0,5.8799996,0,6.2999997,6.2999997
grid,-23,69,108.43495,0.90915483,0,5.8799996,0,6.2999997,6.2999997
grid,-23,70,108.18904,0.9210219,0,5.8799996,0,6.2999997,6.2999997
grid,-23,71,107.9494,0.93290544,0,5.8799996,0,6.2999997,6.2999997
grid,-23,72,107.71579,0.94480485,0,5.8799996,0,6.2999997,6.2999997
grid,-23,73,107.48799,0.9567197,0,5.8799996,0,6.2999997,6.2999997
grid,-23,74,107.26581,0.9686492,0,5.8799996,0,6.2999997,6.2999997
grid,-23,75,107.04903,0.98059297,0,5.8799996,0,6.2999997,6.2999997
grid,-23,76,106.83747,0.9925504,0,5.8799996,0,6.2999997,6.2999997
grid,0,-80,270,1,0,5.8799996,0,6.2999997,6.2999997
grid,0,-79,270,0.9875,0,5.8799996,0,6.2999997,6.2999997
grid,0,-78,270,0.975,0,5.8799996,0,6.2999997,6.2999997
grid,0,-77,270,0.9625,0,5.8799996,0,6.2999997,6.2999997
grid,0,-76,270,0.95,0,5.8799996,0,6.2999997,6.2999997
grid,0,-75,270,0.9375,0,5.8799996,0,6.2999997,6.2999997
grid,0,-74,270,0.925,0,5.8799996,0,6.2999997,6.2999997
grid,0,-73,270,0.9125,0,5.8799996,0,6.2999997,6.2999997
grid,0,-72,270,0.9,0,5.8799996,0,6.2999997,6.2999997
grid,0,-71,270,0.8875,0,5.8799996,0,6.2999997,6.2999997
grid,0,-70,270,0.875,0,5.8799996,0,6.2999997,6.2999997
grid,0,-69,270,0.8625,0,5.8799996,0,6.2999997,6.2999997
grid,0,-68,270,0.85,0,5.8799996,0,6.2999997,6.2999997
grid,0,-67,270,0.8375,0,5.8799996,0,6.2999997,6.2999997
grid,0,-66,270,0.825,0,5.8799996,0,6.2999997,6.2999997
grid,0,-65,270,0.8125,0,5.8799996,0,6.2999997,6.2999997
grid,0,-64,270,0.8,0,5.8799996,0,6.2999997,6.2999997
grid,0,-63,270,0.7875,0,5.8799996,0,6.2999997,6.2999997
grid,0,-62,270,0.775,0,5.8799996,0,6.2999997,6.2999997
grid,0,-61,270,0.7625,0,5.8799996,0,6.2999997,6.2999997
grid,0,-60,270,0.75,0,5.8799996,0,6.2999997,6.2999997
grid,0,-59,270,0.7375,0,5.8799996,0,6.2999997,6.2999997
grid,0,-58,270,0.725,0,5.8799996,0,6.2999997,6.2999997
grid,0,-57,270,0.7125,0,5.8799996,0,6.2999997,6.2999997
grid,0,-56,270,0.7,0,5.8799996,0,6.2999997,6.2999997
grid,0,-55,270,0.6875,0,5.8799996,0,6.2999997,6.2999997
grid,0,-54,270,0.675,0,5.8799996,0,6.2999997,6.2999997
grid,0,-53,270,0.6625,0,5.8799996,0,6.2999997,6.2999997
grid,0,-52,270,0.65,0,5.8799996,0,6.2999997,6.2999997
grid,0,-51,270,0.6375,0,5.8799996,0,6.2999997,6.2999997
grid,0,-50,270,0.625,0,5.8799996,0,6.2999997,6.2999997
grid,0,-49,270,0.6125,0,5.8799996,0,6.2999997,6.2999997
grid,0,-48,270,0.6,0,5.8799996,0,6.2999997,6.2999997
grid,0,-47,270,0.5875,0,5.8799996,0,6.2999997,6.2999997
grid,0,-46,270,0.575,0,5.8799996,0,6.2999997,6.2999997
grid,0,-45,270,0.5625,0,5.8799996,0,6.2999997,6.2999997
grid,0,-44,270,0.55,0,5.8799996,0,6.2999997,6.2999997
grid,0,-43,270,0.5375,0,5.8799996,0,6.2999997,6.2999997
grid,0,-42,270,0.525,0,5.8799996,0,6.2999997,6.2999997
grid,0,-41,270,0.5125,0,5.8799996,0,6.2999997,6.2999997
grid,0,-40,270,0.5,0,5.8799996,0,6.2999997,6.2999997
grid,0,-39,270,0.4875,0,5.8799996,0,6.2999997,6.2999997
grid,0,-38,270,0.475,0,5.8799996,0,6.2999997,6.2999997
grid,0,-37,270,0.4625,0,5.8799996,0,6.2999997,6.2999997
grid,0,-36,270,0.45,0,5.8799996,0,6.2999997,6.2999997
grid,0,-35,270,0.4375,0,5.8799996,0,6.2999997,6.2999997
grid,0,-34,270,0.425,0,5.8799996,0,6.2999997,6.2999997
grid,0,-33,270,0.4125,0,5.8799996,0,6.2999997,6.2999997
grid,0,-32,270,0.4,0,5.8799996,0,6.2999997,6.2999997
grid,0,-31,270,0.3875,0,5.8799996,0,6.2999997,6.2999997
grid,0,-30,270,0.375,0,5.8799996,0,6.2999997,6.2999997
grid,0,-29,270,0.3625,0,5.8799996,0,6.2999997,6.2999997
grid,0,-28,270,0.35,0,5.8799996,0,6.2999997,6.2999997
grid,0,-27,270,0.3375,0,5.8799996,0,6.2999997,6.2999997
grid,0,-26,270,0.325,0,5.8799996,0,6.2999997,6.2999997
grid,0,-25,270,0.3125,0,5.8799996,0,6.2999997,6.2999997
grid,0,-24,270,0.3,0,5.8799996,0,6.2999997,6.2999997
grid,0,-23,270,0.2875,0,5.8799996,0,6.2999997,6.2999997
grid,0,0,0,0,0,5.8799996,0,6.2999997,6.2999997
grid,0,23,90,0.2875,0,5.8799996,0,6.2999997,6.2999997
grid,0,24,90,0.3,0,5.8799996,0,6.2999997,6.2999997
grid,0,25,90,0.3125,0,5.8799996,0,6.2999997,6.2999997
grid,0,26,90,0.325,0,5.8799996,0,6.2999997,6.2999997
grid,0,27,90,0.3375,0,5.8799996,0,6.2999997,6.2999997
grid,0,28,90,0.35,0,5.8799996,0,6.2999997,6.2999997
grid,0,29,90,0.3625,0,5.8799996,0,6.2999997,6.2999997
grid,0,30,90,0.375,0,5.8799996,0,6.2999997,6.2999997
grid,0,31,90,0.3875,0,5.8799996,0,6.2999997,6.2999997
grid,0,32,90,0.4,0,5.8799996,0,6.2999997,6.2999997
grid,0,33,90,0.4125,0,5.8799996,0,6.2999997,6.2999997
grid,0,34,90,0.425,0,5.8799996,0,6.2999997,6.2999997
grid,0,35,90,0.4375,0,5.8799996,0,6.2999997,6.2999997
grid,0,36,90,0.45,0,5.8799996,0,6.2999997,6.2999997
grid,0,37,90,0.4625,0,5.8799996,0,6.2999997,6.2999997
grid,0,38,90,0.475,0,5.8799996,0,6.2999997,6.2999997
grid,0,39,90,0.4875,0,5.8799996,0,6.2999997,6.2999997
grid,0,40,90,0.5,0,5.8799996,0,6.2999997,6.2999997
grid,0,41,90,0.5125,0,5.8799996,0,6.2999997,6.2999997
grid,0,42,90,0.525,0,5.8799996,0,6.2999997,6.2999997
grid,0,43,90,0.5375,0,5.8799996,0,6.2999997,6.2999997
grid,0,44,90,0.55,0,5.8799996,0,6.2999997,6.2999997
grid,0,45,90,0.5625,0,5.8799996,0,6.2999997,6.2999997
grid,0,46,90,0.575,0,5.8799996,0,6.2999997,6.2999997
grid,0,47,90,0.5875,0,5.8799996,0,6.2999997,6.2999997
grid,0,48,90,0.6,0,5.8799996,0,6.2999997,6.2999997
grid,0,49,90,0.6125,0,5.8799996,0,6.2999997,6.2999997
grid,0,50,90,0.625,0,5.8799996,0,6.2999997,6.2999997
grid,0,51,90,0.6375,0,5.8799996,0,6.2999997,6.2999997
grid,0,52,90,0.65,0,5.8799996,0,6.2999997,6.2999997
grid,0,53,90,0.6625,0,5.8799996,0,6.2999997,6.2999997
grid,0,54,90,0.675,0,5.8799996,0,6.2999997,6.2999997
grid,0,55,90,0.6875,0,5.8799996,0,6.2999997,6.2999997
grid,0,56,90,0.7,0,5.8799996,0,6.2999997,6.2999997
grid,0,57,90,0.7125,0,5.8799996,0,6.2999997,6.2999997
grid,0,58,90,0.725,0,5.8799996,0,6.2999997,6.2999997
grid,0,59,90,0.7375,0,5.8799996,0,6.2999997,6.2999997
grid,0,60,90,0.75,0,5.8799996,0,6.2999997,6.2999997
grid,0,61,90,0.7625,0,5.8799996,0,6.2999997,6.2999997
grid,0,62,90,0.775,0,5.8799996,0,6.2999997,6.2999997
grid,0,63,90,0.7875,0,5.8799996,0,6.2999997,6.2999997
grid,0,64,90,0.8,0,5.8799996,0,6.2999997,6.2999997
grid,0,65,90,0.8125,0,5.8799996,0,6.2999997,6.2999997
grid,0,66,90,0.825,0,5.8799996,0,6.2999997,6.2999997
grid,0,67,90,0.8375,0,5.8799996,0,6.2999997,6.2999997
grid,0,68,90,0.85,0,5.8799996,0,6.2999997,6.2999997
grid,0,69,90,0.8625,0,5.8799996,0,6.2999997,6.2999997
grid,0,70,90,0.875,0,5.8799996,0,6.2999997,6.2999997
grid,0,71,90,0.8875,0,5.8799996,0,6.2999997,6.2999997
grid,0,72,90,0.9,0,5.8799996,0,6.2999997,6.2999997
grid,0,73,90,0.9125,0,5.8799996,0,6.2999997,6.2999997
grid,0,74,90,0.925,0,5.8799996,0,6.2999997,6.2999997
grid,0,75,90,0.9375,0,5.8799996,0,6.2999997,6.2999997
grid,0,76,90,0.95,0,5.8799996,0,6.2999997,6.2999997
grid,0,77,90,0.9625,0,5.8799996,0,6.2999997,6.2999997
grid,0,78,90,0.975,0,5.8799996,0,6.2999997,6.2999997
grid,0,79,90,0.9875,0,5.8799996,0,6.2999997,6.2999997
grid,0,80,90,1,0,5.8799996,0,6.2999997,6.2999997
grid,23,-76,286.8375,0.9925504,0,5.8799996,0,6.2999997,6.2999997
grid,23,-75,287.04904,0.98059297,0,5.8799996,0,6.2999997,6.2999997
grid,23,-74,287.2658,0.9686492,0,5.8799996,0,6.2999997,6.2999997
grid,23,-73,287.488,0.9567197,0,5.8799996,0,6.2999997,6.2999997
grid,23,-72,287.71582,0.94480485,0,5.8799996,0,6.2999997,6.2999997
grid,23,-71,287.9494,0.93290544,0,5.8799996,0,6.2999997,6.2999997
grid,23,-70,288.18906,0.9210219,0,5.8799996,0,6.2999997,6.2999997
grid,23,-69,288.43497,0.90915483,0,5.8799996,0,6.2999997,6.2999997
grid,23,-68,288.68735,0.897305,0,5.8799996,0,6.2999997,6.2999997
grid,23,-67,288.9465,0.885473,0,5.8799996,0,6.2999997,6.2999997
grid,23,-66,289.21268,0.8736597,0,5.8799996,0,6.2999997,6.2999997
grid,23,-65,289.48615,0.8618657,0,5.8799996,0,6.2999997,6.2999997
grid,23,-64,289.76718,0.85009193,0,5.8799996,0,6.2999997,6.2999997
grid,23,-63,290.05612,0.83833915,0,5.8799996,0,6.2999997,6.2999997
grid,23,-62,290.35327,0.8266083,0,5.8799996,0,6.2999997,6.2999997
grid,23,-61,290.65894,0.8149003,0,5.8799996,0,6.2999997,6.2999997
grid,23,-60,290.97348,0.8032162,0,5.8799996,0,6.2999997,6.2999997
grid,23,-59,291.29736,0.791557,0,5.8799996,0,6.2999997,6.2999997
grid,23,-58,291.6309,0.7799239,0,5.8799996,0,6.2999997,6.2999997
grid,23,-57,291.97452,0.76831794,0,5.8799996,0,6.2999997,6.2999997
grid,23,-56,292.32864,0.7567405,0,5.8799996,0,6.2999997,6.2999997
grid,23,-55,292.6938,0.74519295,0,5.8799996,0,6.2999997,6.2999997
grid,23,-54,293.0704,0.73367655,0,5.8799996,0,6.2999997,6.2999997
grid,23,-53,293.459,0.7221928,0,5.8799996,0,6.2999997,6.2999997
grid,23,-52,293.8602,0.7107434,0,5.8799996,0,6.2999997,6.2999997
grid,23,-51,294.27444,0.69933003,0,5.8799996,0,6.2999997,6.2999997
grid,23,-50,294.70245,0.6879544,0,5.8799996,0,6.2999997,6.2999997
grid,23,-49,295.1448,0.6766184,0,5.8799996,0,6.2999997,6.2999997
grid,23,-48,295.6022,0.6653242,0,5.8799996,0,6.2999997,6.2999997
grid,23,-47,296.07538,0.6540737,0,5.8799996,0,6.2999997,6.2999997
grid,23,-46,296.56506,0.64286953,0,5.8799996,0,6.2999997,6.2999997
grid,23,-45,297.07208,0.6317139,0,5.8799996,0,6.2999997,6.2999997
grid,23,-44,297.5973,0.6206096,0,5.8799996,0,6.2999997,6.2999997
grid,23,-43,298.1416,0.6095593,0,5.8799996,0,6.2999997,6.2999997
grid,23,-42,298.70596,0.59856594,0,5.8799996,0,6.2999997,6.2999997
grid,23,-41,299.29138,0.58763295,0,5.8799996,0,6.2999997,6.2999997
grid,23,-40,299.89893,0.57676363,0,5.8799996,0,6.2999997,6.2999997
grid,23,-39,300.52972,0.5659616,0,5.8799996,0,6.2999997,6.2999997
grid,23,-38,301.18497,0.5552308,0,5.8799996,0,6.2999997,6.2999997
grid,23,-37,301.866,0.5445755,0,5.8799996,0,6.2999997,6.2999997
grid,23,-36,302.57407,0.5340002,0,5.8799996,0,6.2999997,6.2999997
grid,23,-35,303.31064,0.5235098,0,5.8799996,0,6.2999997,6.2999997
grid,23,-34,304.0772,0.5131094,0,5.8799996,0,6.2999997,6.2999997
grid,23,-33,304.87534,0.50280464,0,5.8799996,0,6.2999997,6.2999997
grid,23,-32,305.7067,0.4926015,0,5.8799996,0,6.2999997,6.2999997
grid,23,-31,306.57306,0.48250648,0,5.8799996,0,6.2999997,6.2999997
grid,23,-30,307.4762,0.47252646,0,5.8799996,0,6.2999997,6.2999997
grid,23,-29,308.41806,0.4626689,0,5.8799996,0,6.2999997,6.2999997
grid,23,-28,309.4007,0.45294175,0,5.8799996,0,6.2999997,6.2999997
grid,23,-27,310.4261,0.44335368,0,5.8799996,0,6.2999997,6.2999997
grid,23,-26,311.4965,0.43391386,0,5.8799996,0,6.2999997,6.2999997
grid,23,-25,312.61407,0.4246322,0,5.8799996,0,6.2999997,6.2999997
grid,23,-24,313.78113,0.41551927,0,5.8799996,0,6.2999997,6.2999997
grid,23,-23,315.00003,0.4065864,0,5.8799996,0,6.2999997,6.2999997
grid,23,0,0,0.2875,0,5.8799996,0,6.2999997,6.2999997
grid,23,23,45,0.4065864,0,5.8799996,0,6.2999997,6.2999997
grid,23,24,46.21888,0.41551927,0,5.8799996,0,6.2999997,6.2999997
grid,23,25,47.385944,0.4246322,0,5.8799996,0,6.2999997,6.2999997
grid,23,26,48.50353,0.43391386,0,5.8799996,0,6.2999997,6.2999997
grid,23,27,49.573925,0.44335368,0,5.8799996,0,6.2999997,6.2999997
grid,23,28,50.59934,0.45294175,0,5.8799996,0,6.2999997,6.2999997
grid,23,29,51.581947,0.4626689,0,5.8799996,0,6.2999997,6.2999997
grid,23,30,52.52382,0.47252646,0,5.8799996,0,6.2999997,6.2999997
grid,23,31,53.42697,0.48250648,0,5.8799996,0,6.2999997,6.2999997
grid,23,32,54.293312,0.4926015,0,5.8799996,0,6.2999997,6.2999997
grid,23,33,55.124672,0.50280464,0,5.8799996,0,6.2999997,6.2999997
grid,23,34,55.922806,0.5131094,0,5.8799996,0,6.2999997,6.2999997
grid,23,35,56.68937,0.5235098,0,5.8799996,0,6.2999997,6.2999997
grid,23,36,57.42594,0.5340002,0,5.8799996,0,6.2999997,6.2999997
grid,23,37,58.13402,0.5445755,0,5.8799996,0,6.2999997,6.2999997
grid,23,38,58.815025,0.5552308,0,5.8799996,0,6.2999997,6.2999997
grid,23,39,59.470295,0.5659616,0,5.8799996,0,6.2999997,6.2999997
grid,23,40,60.101105,0.57676363,0,5.8799996,0,6.2999997,6.2999997
grid,23,41,60.70864,0.58763295,0,5.8799996,0,6.2999997,6.2999997
grid,23,42,61.29405,0.59856594,0,5.8799996,0,6.2999997,6.2999997
grid,23,43,61.858402,0.6095593,0,5.8799996,0,6.2999997,6.2999997
grid,23,44,62.402706,0.6206096,0,5.8799996,0,6.2999997,6.2999997
grid,23,45,62.92792,0.6317139,0,5.8799996,0,6.2999997,6.2999997
grid,23,46,63.43495,0.64286953,0,5.8799996,0,6.2999997,6.2999997
grid,23,47,63.924644,0.6540737,0,5.8799996,0,6.2999997,6.2999997
grid,23,48,64.39782,0.6653242,0,5.8799996,0,6.2999997,6.2999997
grid,23,49,64.85522,0.6766184,0,5.8799996,0,6.2999997,6.2999997
grid,23,50,65.29757,0.6879544,0,5.8799996,0,6.2999997,6.2999997
grid,23,51,65.725555,0.69933003,0,5.8799996,0,6.2999997,6.2999997
grid,23,52,66.139824,0.7107434,0,5.8799996,0,6.2999997,6.2999997
grid,23,53,66.54098,0.7221928,0,5.8799996,0,6.2999997,6.2999997
grid,23,54,66.92959,0.73367655,0,5.8799996,0,6.2999997,6.2999997
grid,23,55,67.306206,0.74519295,0,5.8799996,0,6.2999997,6.2999997
grid,23,56,67.67134,0.7567405,0,5.8799996,0,6.2999997,6.2999997
grid,23,57,68.0255,0.76831794,0,5.8799996,0,6.2999997,6.2999997
grid,23,58,68.36912,0.7799239,0,5.8799996,0,6.2999997,6.2999997
grid,23,59,68.702644,0.791557,0,5.8799996,0,6.2999997,6.2999997
grid,23,60,69.026505,0.8032162,0,5.8799996,0,6.2999997,6.2999997
grid,23,61,69.341095,0.8149003,0,5.8799996,0,6.2999997,6.2999997
grid,23,62,69.64677,0.8266083,0,5.8799996,0,6.2999997,6.2999997
grid,23,63,69.9439,0.83833915,0,5.8799996,0,6.2999997,6.2999997
grid,23,64,70.232834,0.85009193,0,5.8799996,0,6.2999997,6.2999997
grid,23,65,70.51387,0.8618657,0,5.8799996,0,6.2999997,6.2999997
grid,23,66,70.78733,0.8736597,0,5.8799996,0,6.2999997,6.2999997
grid,23,67,71.0535,0.885473,0,5.8799996,0,6.2999997,6.2999997
grid,23,68,71.31265,0.897305,0,5.8799996,0,6.2999997,6.2999997
grid,23,69,71.56505,0.90915483,0,5.8799996,0,6.2999997,6.2999997
grid,23,70,71.81096,0.9210219,0,5.8799996,0,6.2999997,6.2999997
grid,23,71,72.0506,0.93290544,0,5.8799996,0,6.2999997,6.2999997
grid,23,72,72.28421,0.94480485,0,5.8799996,0,6.2999997,6.2999997
grid,23,73,72.51201,0.9567197,0,5.8799996,0,6.2999997,6.2999997
grid,23,74,72.73419,0.9686492,0,5.8799996,0,6.2999997,6.2999997
grid,23,75,72.95097,0.98059297,0,5.8799996,0,6.2999997,6.2999997
grid,23,76,73.16253,0.9925504,0,5.8799996,0,6.2999997,6.2999997
grid,24,-76,287.52557,0.99624294,0,5.8799996,0,6.2999997,6.2999997
grid,24,-75,287.74466,0.98433036,0,5.8799996,0,6.2999997,6.2999997
grid,24,-74,287.96915,0.97243255,0,5.8799996,0,6.2999997,6.2999997
grid,24,-73,288.1992,0.96055,0,5.8799996,0,6.2999997,6.2999997
grid,24,-72,288.43497,0.94868326,0,5.8799996,0,6.2999997,6.2999997
grid,24,-71,288.67673,0.9368331,0,5.8799996,0,6.2999997,6.2999997
grid,24,-70,288.92465,0.925,0,5.8799996,0,6.2999997,6.2999997
grid,24,-69,289.17902,0.9131847,0,5.8799996,0,6.2999997,6.2999997
grid,24,-68,289.44003,0.9013878,0,5.8799996,0,6.2999997,6.2999997
grid,24,-67,289.708,0.8896101,0,5.8799996,0,6.2999997,6.2999997
grid,24,-66,289.98312,0.8778525,0,5.8799996,0,6.2999997,6.2999997
grid,24,-65,290.26572,0.8661156,0,5.8799996,0,6.2999997,6.2999997
grid,24,-64,290.55606,0.8544004,0,5.8799996,0,6.2999997,6.2999997
grid,24,-63,290.8545,0.84270775,0,5.8799996,0,6.2999997,6.2999997
grid,24,-62,291.16125,0.8310385,0,5.8799996,0,6.2999997,6.2999997
grid,24,-61,291.4768,0.8193938,0,5.8799996,0,6.2999997,6.2999997
grid,24,-60,291.80142,0.8077747,0,5.8799996,0,6.2999997,6.2999997
grid,24,-59,292.1355,0.7961823,0,5.8799996,0,6.2999997,6.2999997
grid,24,-58,292.47943,0.7846178,0,5.8799996,0,6.2999997,6.2999997
grid,24,-57,292.83365,0.7730823,0,5.8799996,0,6.2999997,6.2999997
grid,24,-56,293.1986,0.7615773,0,5.8799996,0,6.2999997,6.2999997
grid,24,-55,293.57474,0.7501042,0,5.8799996,0,6.2999997,6.2999997
grid,24,-54,293.9625,0.7386643,0,5.8799996,0,6.2999997,6.2999997
grid,24,-53,294.36246,0.72725946,0,5.8799996,0,6.2999997,6.2999997
grid,24,-52,294.77515,0.715891,0,5.8799996,0,6.2999997,6.2999997
grid,24,-51,295.20114,0.704561,0,5.8799996,0,6.2999997,6.2999997
grid,24,-50,295.64102,0.6932712,0,5.8799996,0,6.2999997,6.2999997
grid,24,-49,296.09543,0.68202364,0,5.8799996,0,6.2999997,6.2999997
grid,24,-48,296.56506,0.6708204,0,5.8799996,0,6.2999997,6.2999997
grid,24,-47,297.0506,0.65966374,0,5.8799996,0,6.2999997,6.2999997
grid,24,-46,297.55283,0.6485561,0,5.8799996,0,6.2999997,6.2999997
grid,24,-45,298.0725,0.6375,0,5.8799996,0,6.2999997,6.2999997
grid,24,-44,298.61047,0.6264982,0,5.8799996,0,6.2999997,6.2999997
grid,24,-43,299.16763,0.6155536,0,5.8799996,0,6.2999997,6.2999997
grid,24,-42,299.7449,0.6046693,0,5.8799996,0,6.2999997,6.2999997
grid,24,-41,300.34326,0.59384865,0,5.8799996,0,6.2999997,6.2999997
grid,24,-40,300.96378,0.5830952,0,5.8799996,0,6.2999997,6.2999997
grid,24,-39,301.6075,0.57241267,0,5.8799996,0,6.2999997,6.2999997
grid,24,-38,302.27567,0.5618051,0,5.8799996,0,6.2999997,6.2999997
grid,24,-37,302.96942,0.5512769,0,5.8799996,0,6.2999997,6.2999997
grid,24,-36,303.69006,0.5408327,0,5.8799996,0,6.2999997,6.2999997
grid,24,-35,304.439,0.5304774,0,5.8799996,0,6.2999997,6.2999997
grid,24,-34,305.21762,0.5202163,0,5.8799996,0,6.2999997,6.2999997
grid,24,-33,306.0274,0.5100551,0,5.8799996,0,6.2999997,6.2999997
grid,24,-32,306.8699,0.5,0,5.8799996,0,6.2999997,6.2999997
grid,24,-31,307.74683,0.49005738,0,5.8799996,0,6.2999997,6.2999997
grid,24,-30,308.65982,0.48023432,0,5.8799996,0,6.2999997,6.2999997
grid,24,-29,309.61072,0.47053826,0,5.8799996,0,6.2999997,6.2999997
grid,24,-28,310.6013,0.46097723,0,5.8799996,0,6.2999997,6.2999997
grid,24,-27,311.63354,0.4515598,0,5.8799996,0,6.2999997,6.2999997
grid,24,-26,312.70938,0.44229513,0,5.8799996,0,6.2999997,6.2999997
grid,24,-25,313.83087,0.4331931,0,5.8799996,0,6.2999997,6.2999997
grid,24,-24,315.00003,0.42426407,0,5.8799996,0,6.2999997,6.2999997
grid,24,-23,316.21887,0.41551927,0,5.8799996,0,6.2999997,6.2999997
grid,24,0,0,0.3,0,5.8799996,0,6.2999997,6.2999997
grid,24,23,43.781124,0.41551927,0,5.8799996,0,6.2999997,6.2999997
grid,24,24,45,0.42426407,0,5.8799996,0,6.2999997,6.2999997
grid,24,25,46.16914,0.4331931,0,5.8799996,0,6.2999997,6.2999997
grid,24,26,47.290607,0.44229513,0,5.8799996,0,6.2999997,6.2999997
grid,24,27,48.366463,0.4515598,0,5.8799996,0,6.2999997,6.2999997
grid,24,28,49.398705,0.46097723,0,5.8799996,0,6.2999997,6.2999997
grid,24,29,50.389317,0.47053826,0,5.8799996,0,6.2999997,6.2999997
grid,24,30,51.340195,0.48023432,0,5.8799996,0,6.2999997,6.2999997
grid,24,31,52.253197,0.49005738,0,5.8799996,0,6.2999997,6.2999997
grid,24,32,53.130104,0.5,0,5.8799996,0,6.2999997,6.2999997
grid,24,33,53.972622,0.5100551,0,5.8799996,0,6.2999997,6.2999997
grid,24,34,54.782406,0.5202163,0,5.8799996,0,6.2999997,6.2999997
grid,24,35,55.561012,0.5304774,0,5.8799996,0,6.2999997,6.2999997
grid,24,36,56.309933,0.5408327,0,5.8799996,0,6.2999997,6.2999997
grid,24,37,57.030594,0.5512769,0,5.8799996,0,6.2999997,6.2999997
grid,24,38,57.724354,0.5618051,0,5.8799996,0,6.2999997,6.2999997
grid,24,39,58.392498,0.57241267,0,5.8799996,0,6.2999997,6.2999997
grid,24,40,59.036243,0.5830952,0,5.8799996,0,6.2999997,6.2999997
grid,24,41,59.65675,0.59384865,0,5.8799996,0,6.2999997,6.2999997
grid,24,42,60.255116,0.6046693,0,5.8799996,0,6.2999997,6.2999997
grid,24,43,60.832382,0.6155536,0,5.8799996,0,6.2999997,6.2999997
grid,24,44,61.38954,0.6264982,0,5.8799996,0,6.2999997,6.2999997
grid,24,45,61.92751,0.6375,0,5.8799996,0,6.2999997,6.2999997
grid,24,46,62.447186,0.6485561,0,5.8799996,0,6.2999997,6.2999997
grid,24,47,62.9494,0.65966374,0,5.8799996,0,6.2999997,6.2999997
grid,24,48,63.43495,0.6708204,0,5.8799996,0,6.2999997,6.2999997
grid,24,49,63.904575,0.68202364,0,5.8799996,0,6.2999997,6.2999997
grid,24,50,64.35899,0.6932712,0,5.8799996,0,6.2999997,6.2999997
grid,24,51,64.798874,0.704561,0,5.8799996,0,6.2999997,6.2999997
grid,24,52,65.22486,0.715891,0,5.8799996,0,6.2999997,6.2999997
grid,24,53,65.63754,0.72725946,0,5.8799996,0,6.2999997,6.2999997
grid,24,54,66.03751,0.7386643,0,5.8799996,0,6.2999997,6.2999997
grid,24,55,66.42529,0.7501042,0,5.8799996,0,6.2999997,6.2999997
grid,24,56,66.80141,0.7615773,0,5.8799996,0,6.2999997,6.2999997
grid,24,57,67.16634,0.7730823,0,5.8799996,0,6.2999997,6.2999997
grid,24,58,67.52057,0.7846178,0,5.8799996,0,6.2999997,6.2999997
grid,24,59,67.86451,0.7961823,0,5.8799996,0,6.2999997,6.2999997
grid,24,60,68.19859,0.8077747,0,5.8799996,0,6.2999997,6.2999997
grid,24,61,68.52321,0.8193938,0,5.8799996,0,6.2999997,6.2999997
grid,24,62,68.83874,0.8310385,0,5.8799996,0,6.2999997,6.2999997
grid,24,63,69.145546,0.84270775,0,5.8799996,0,6.2999997,6.2999997
grid,24,64,69.443954,0.8544004,0,5.8799996,0,6.2999997,6.2999997
grid,24,65,69.73431,0.8661156,0,5.8799996,0,6.2999997,6.2999997
grid,24,66,70.01689,0.8778525,0,5.8799996,0,6.2999997,6.2999997
grid,24,67,70.292015,0.8896101,0,5.8799996,0,6.2999997,6.2999997
grid,24,68,70.55997,0.9013878,0,5.8799996,0,6.2999997,6.2999997
grid,24,69,70.821,0.9131847,0,5.8799996,0,6.2999997,6.2999997
grid,24,70,71.075356,0.925,0,5.8799996,0,6.2999997,6.2999997
grid,24,71,71.3233,0.9368331,0,5.8799996,0,6.2999997,6.2999997
grid,24,72,71.56505,0.94868326,0,5.8799996,0,6.2999997,6.2999997
grid,24,73,71.800835,0.96055,0,5.8799996,0,6.2999997,6.2999997
grid,24,74,72.03086,0.97243255,0,5.8799996,0,6.2999997,6.2999997
grid,24,75,72.255325,0.98433036,0,5.8799996,0,6.2999997,6.2999997
grid,24,76,72.474434,0.99624294,0,5.8799996,0,6.2999997,6.2999997
grid,25,-75,288.43497,0.98821175,0,5.8799996,0,6.2999997,6.2999997
grid,25,-74,288.6669,0.9763613,0,5.8799996,0,6.2999997,6.2999997
grid,25,-73,288.9046,0.9645271,0,5.8799996,0,6.2999997,6.2999997
grid,25,-72,289.14813,0.9527099,0,5.8799996,0,6.2999997,6.2999997
grid,25,-71,289.39783,0.94091046,0,5.8799996,0,6.2999997,6.2999997
grid,25,-70,289.65384,0.9291293,0,5.8799996,0,6.2999997,6.2999997
grid,25,-69,289.9164,0.91736716,0,5.8799996,0,6.2999997,6.2999997
grid,25,-68,290.18582,0.9056248,0,5.8799996,0,6.2999997,6.2999997
grid,25,-67,290.46228,0.8939029,0,5.8799996,0,6.2999997,6.2999997
grid,25,-66,290.7461,0.8822025,0,5.8799996,0,6.2999997,6.2999997
grid,25,-65,291.03754,0.8705243,0,5.8799996,0,6.2999997,6.2999997
grid,25,-64,291.33685,0.8588692,0,5.8799996,0,6.2999997,6.2999997
grid,25,-63,291.64444,0.8472382,0,5.8799996,0,6.2999997,6.2999997
grid,25,-62,291.9606,0.8356322,0,5.8799996,0,6.2999997,6.2999997
grid,25,-61,292.2856,0.82405245,0,5.8799996,0,6.2999997,6.2999997
grid,25,-60,292.61987,0.8125,0,5.8799996,0,6.2999997,6.2999997
grid,25,-59,292.96378,0.800976,0,5.8799996,0,6.2999997,6.2999997
grid,25,-58,293.31772,0.78948164,0,5.8799996,0,6.2999997,6.2999997
grid,25,-57,293.6821,0.7780183,0,5.8799996,0,6.2999997,6.2999997
grid,25,-56,294.05734,0.76658744,0,5.8799996,0,6.2999997,6.2999997
grid,25,-55,294.44397,0.7551904,0,5.8799996,0,6.2999997,6.2999997
grid,25,-54,294.84238,0.74382883,0,5.8799996,0,6.2999997,6.2999997
grid,25,-53,295.25317,0.7325043,0,5.8799996,0,6.2999997,6.2999997
grid,25,-52,295.67682,0.7212185,0,5.8799996,0,6.2999997,6.2999997
grid,25,-51,296.11392,0.7099736,0,5.8799996,0,6.2999997,6.2999997
grid,25,-50,296.56506,0.69877124,0,5.8799996,0,6.2999997,6.2999997
grid,25,-49,297.03088,0.6876136,0,5.8799996,0,6.2999997,6.2999997
grid,25,-48,297.512,0.67650294,0,5.8799996,0,6.2999997,6.2999997
grid,25,-47,298.0092,0.6654416,0,5.8799996,0,6.2999997,6.2999997
grid,25,-46,298.52313,0.654432,0,5.8799996,0,6.2999997,6.2999997
grid,25,-45,299.05463,0.6434769,0,5.8799996,0,6.2999997,6.2999997
grid,25,-44,299.60446,0.632579,0,5.8799996,0,6.2999997,6.2999997
grid,25,-43,300.17355,0.62174153,0,5.8799996,0,6.2999997,6.2999997
grid,25,-42,300.76273,0.61096746,0,5.8799996,0,6.2999997,6.2999997
grid,25,-41,301.37302,0.6002604,0,5.8799996,0,6.2999997,6.2999997
grid,25,-40,302.0054,0.5896238,0,5.8799996,0,6.2999997,6.2999997
grid,25,-39,302.66092,0.57906175,0,5.8799996,0,6.2999997,6.2999997
grid,25,-38,303.34073,0.56857824,0,5.8799996,0,6.2999997,6.2999997
grid,25,-37,304.04596,0.5581778,0,5.8799996,0,6.2999997,6.2999997
grid,25,-36,304.77786,0.54786515,0,5.8799996,0,6.2999997,6.2999997
grid,25,-35,305.5377,0.53764534,0,5.8799996,0,6.2999997,6.2999997
grid,25,-34,306.32684,0.5275237,0,5.8799996,0,6.2999997,6.2999997
grid,25,-33,307.1467,0.517506,0,5.8799996,0,6.2999997,6.2999997
grid,25,-32,307.99875,0.5075985,0,5.8799996,0,6.2999997,6.2999997
grid,25,-31,308.88452,0.49780768,0,5.8799996,0,6.2999997,6.2999997
grid,25,-30,309.80557,0.4881406,0,5.8799996,0,6.2999997,6.2999997
grid,25,-29,310.7636,0.47860476,0,5.8799996,0,6.2999997,6.2999997
grid,25,-28,311.7603,0.46920812,0,5.8799996,0,6.2999997,6.2999997
grid,25,-27,312.79742,0.45995924,0,5.8799996,0,6.2999997,6.2999997
grid,25,-26,313.8767,0.4508672,0,5.8799996,0,6.2999997,6.2999997
grid,25,-25,315.00003,0.44194174,0,5.8799996,0,6.2999997,6.2999997
grid,25,-24,316.16916,0.4331931,0,5.8799996,0,6.2999997,6.2999997
grid,25,-23,317.38596,0.4246322,0,5.8799996,0,6.2999997,6.2999997
grid,25,0,0,0.3125,0,5.8799996,0,6.2999997,6.2999997
grid,25,23,42.614056,0.4246322,0,5.8799996,0,6.2999997,6.2999997
grid,25,24,43.83086,0.4331931,0,5.8799996,0,6.2999997,6.2999997
grid,25,25,45,0.44194174,0,5.8799996,0,6.2999997,6.2999997
grid,25,26,46.123302,0.4508672,0,5.8799996,0,6.2999997,6.2999997
grid,25,27,47.202602,0.45995924,0,5.8799996,0,6.2999997,6.2999997
grid,25,28,48.2397,0.46920812,0,5.8799996,0,6.2999997,6.2999997
grid,25,29,49.236397,0.47860476,0,5.8799996,0,6.2999997,6.2999997
grid,25,30,50.194427,0.4881406,0,5.8799996,0,6.2999997,6.2999997
grid,25,31,51.115505,0.49780768,0,5.8799996,0,6.2999997,6.2999997
grid,25,32,52.001266,0.5075985,0,5.8799996,0,6.2999997,6.2999997
grid,25,33,52.853313,0.517506,0,5.8799996,0,6.2999997,6.2999997
grid,25,34,53.673176,0.5275237,0,5.8799996,0,6.2999997,6.2999997
grid,25,35,54.462322,0.53764534,0,5.8799996,0,6.2999997,6.2999997
grid,25,36,55.222168,0.54786515,0,5.8799996,0,6.2999997,6.2999997
grid,25,37,55.954063,0.5581778,0,5.8799996,0,6.2999997,6.2999997
grid,25,38,56.65929,0.56857824,0,5.8799996,0,6.2999997,6.2999997
grid,25,39,57.339092,0.57906175,0,5.8799996,0,6.2999997,6.2999997
grid,25,40,57.994617,0.5896238,0,5.8799996,0,6.2999997,6.2999997
grid,25,41,58.627,0.6002604,0,5.8799996,0,6.2999997,6.2999997
grid,25,42,59.23728,0.61096746,0,5.8799996,0,6.2999997,6.2999997
grid,25,43,59.82648,0.62174153,0,5.8799996,0,6.2999997,6.2999997
grid,25,44,60.395554,0.632579,0,5.8799996,0,6.2999997,6.2999997
grid,25,45,60.945396,0.6434769,0,5.8799996,0,6.2999997,6.2999997
grid,25,46,61.47688,0.654432,0,5.8799996,0,6.2999997,6.2999997
grid,25,47,61.990826,0.6654416,0,5.8799996,0,6.2999997,6.2999997
grid,25,48,62.488003,0.67650294,0,5.8799996,0,6.2999997,6.2999997
grid,25,49,62.96914,0.6876136,0,5.8799996,0,6.2999997,6.2999997
grid,25,50,63.43495,0.69877124,0,5.8799996,0,6.2999997,6.2999997
grid,25,51,63.886086,0.7099736,0,5.8799996,0,6.2999997,6.2999997
grid,25,52,64.32318,0.7212185,0,5.8799996,0,6.2999997,6.2999997
grid,25,53,64.74684,0.7325043,0,5.8799996,0,6.2999997,6.2999997
grid,25,54,65.157616,0.74382883,0,5.8799996,0,6.2999997,6.2999997
grid,25,55,65.556046,0.7551904,0,5.8799996,0,6.2999997,6.2999997
grid,25,56,65.94265,0.76658744,0,5.8799996,0,6.2999997,6.2999997
grid,25,57,66.31792,0.7780183,0,5.8799996,0,6.2999997,6.2999997
grid,25,58,66.68229,0.78948164,0,5.8799996,0,6.2999997,6.2999997
grid,25,59,67.03623,0.800976,0,5.8799996,0,6.2999997,6.2999997
grid,25,60,67.380135,0.8125,0,5.8799996,0,6.2999997,6.2999997
grid,25,61,67.71442,0.82405245,0,5.8799996,0,6.2999997,6.2999997
grid,25,62,68.03944,0.8356322,0,5.8799996,0,6.2999997,6.2999997
grid,25,63,68.35557,0.8472382,0,5.8799996,0,6.2999997,6.2999997
grid,25,64,68.66314,0.8588692,0,5.8799996,0,6.2999997,6.2999997
grid,25,65,68.96249,0.8705243,0,5.8799996,0,6.2999997,6.2999997
grid,25,66,69.25392,0.8822025,0,5.8799996,0,6.2999997,6.2999997
grid,25,67,69.53773,0.8939029,0,5.8799996,0,6.2999997,6.2999997
grid,25,68,69.8142,0.9056248,0,5.8799996,0,6.2999997,6.2999997
grid,25,69,70.083595,0.91736716,0,5.8799996,0,6.2999997,6.2999997
grid,25,70,70.346176,0.9291293,0,5.8799996,0,6.2999997,6.2999997
grid,25,71,70.60219,0.94091046,0,5.8799996,0,6.2999997,6.2999997
grid,25,72,70.85186,0.9527099,0,5.8799996,0,6.2999997,6.2999997
grid,25,73,71.09543,0.9645271,0,5.8799996,0,6.2999997,6.2999997
grid,25,74,71.33309,0.9763613,0,5.8799996,0,6.2999997,6.2999997
grid,25,75,71.56505,0.98821175,0,5.8799996,0,6.2999997,6.2999997
grid,26,-75,289.11972,0.9922355,0,5.8799996,0,6.2999997,6.2999997
grid,26,-74,289.359,0.9804336,0,5.8799996,0,6.2999997,6.2999997
grid,26,-73,289.6041,0.9686492,0,5.8799996,0,6.2999997,6.2999997
grid,26,-72,289.85522,0.9568829,0,5.8799996,0,6.2999997,6.2999997
grid,26,-71,290.1126,0.94513553,0,5.8799996,0,6.2999997,6.2999997
grid,26,-70,290.37646,0.9334077,0,5.8799996,0,6.2999997,6.2999997
grid,26,-69,290.647,0.9217002,0,5.8799996,0,6.2999997,6.2999997
grid,26,-68,290.9245,0.91001374,0,5.8799996,0,6.2999997,6.2999997
grid,26,-67,291.20926,0.8983491,0,5.8799996,0,6.2999997,6.2999997
grid,26,-66,291.50143,0.88670737,0,5.8799996,0,6.2999997,6.2999997
grid,26,-65,291.80142,0.8750893,0,5.8799996,0,6.2999997,6.2999997
grid,26,-64,292.10947,0.8634958,0,5.8799996,0,6.2999997,6.2999997
grid,26,-63,292.42587,0.851928,0,5.8799996,0,6.2999997,6.2999997
grid,26,-62,292.75098,0.8403868,0,5.8799996,0,6.2999997,6.2999997
grid,26,-61,293.08514,0.82887346,0,5.8799996,0,6.2999997,6.2999997
grid,26,-60,293.4287,0.81738913,0,5.8799996,0,6.2999997,6.2999997
grid,26,-59,293.78204,0.805935,0,5.8799996,0,6.2999997,6.2999997
grid,26,-58,294.14554,0.79451245,0,5.8799996,0,6.2999997,6.2999997
grid,26,-57,294.51968,0.7831227,0,5.8799996,0,6.2999997,6.2999997
grid,26,-56,294.9048,0.77176744,0,5.8799996,0,6.2999997,6.2999997
grid,26,-55,295.3014,0.76044804,0,5.8799996,0,6.2999997,6.2999997
grid,26,-54,295.71,0.74916625,0,5.8799996,0,6.2999997,6.2999997
grid,26,-53,296.13098,0.7379236,0,5.8799996,0,6.2999997,6.2999997
grid,26,-52,296.56506,0.72672206,0,5.8799996,0,6.2999997,6.2999997
grid,26,-51,297.0127,0.71556354,0,5.8799996,0,6.2999997,6.2999997
grid,26,-50,297.47443,0.70445013,0,5.8799996,0,6.2999997,6.2999997
grid,26,-49,297.951,0.69338393,0,5.8799996,0,6.2999997,6.2999997
grid,26,-48,298.44293,0.6823672,0,5.8799996,0,6.2999997,6.2999997
grid,26,-47,298.95102,0.67140245,0,5.8799996,0,6.2999997,6.2999997
grid,26,-46,299.4759,0.66049224,0,5.8799996,0,6.2999997,6.2999997
grid,26,-45,300.01837,0.6496393,0,5.8799996,0,6.2999997,6.2999997
grid,26,-44,300.57925,0.6388466,0,5.8799996,0,6.2999997,6.2999997
grid,26,-43,301.15933,0.6281172,0,5.8799996,0,6.2999997,6.2999997
grid,26,-42,301.75952,0.6174544,0,5.8799996,0,6.2999997,6.2999997
grid,26,-41,302.38068,0.6068618,0,5.8799996,0,6.2999997,6.2999997
grid,26,-40,303.0239,0.596343,0,5.8799996,0,6.2999997,6.2999997
grid,26,-39,303.69006,0.5859021,0,5.8799996,0,6.2999997,6.2999997
grid,26,-38,304.38037,0.5755432,0,5.8799996,0,6.2999997,6.2999997
grid,26,-37,305.09583,0.56527096,0,5.8799996,0,6.2999997,6.2999997
grid,26,-36,305.83768,0.55509007,0,5.8799996,0,6.2999997,6.2999997
grid,26,-35,306.6071,0.54500574,0,5.8799996,0,6.2999997,6.2999997
grid,26,-34,307.40536,0.53502333,0,5.8799996,0,6.2999997,6.2999997
grid,26,-33,308.23386,0.52514875,0,5.8799996,0,6.2999997,6.2999997
grid,26,-32,309.09387,0.5153882,0,5.8799996,0,6.2999997,6.2999997
grid,26,-31,309.9869,0.5057482,0,5.8799996,0,6.2999997,6.2999997
grid,26,-30,310.9144,0.49623582,0,5.8799996,0,6.2999997,6.2999997
grid,26,-29,311.8779,0.48685855,0,5.8799996,0,6.2999997,6.2999997
grid,26,-28,312.8789,0.4776243,0,5.8799996,0,6.2999997,6.2999997
grid,26,-27,313.91907,0.46854162,0,5.8799996,0,6.2999997,6.2999997
grid,26,-26,315.00003,0.45961937,0,5.8799996,0,6.2999997,6.2999997
grid,26,-25,316.12332,0.4508672,0,5.8799996,0,6.2999997,6.2999997
grid,26,-24,317.29062,0.44229513,0,5.8799996,0,6.2999997,6.2999997
grid,26,-23,318.50354,0.43391386,0,5.8799996,0,6.2999997,6.2999997
grid,26,0,0,0.325,0,5.8799996,0,6.2999997,6.2999997
grid,26,23,41.49647,0.43391386,0,5.8799996,0,6.2999997,6.2999997
grid,26,24,42.709393,0.44229513,0,5.8799996,0,6.2999997,6.2999997
grid,26,25,43.876698,0.4508672,0,5.8799996,0,6.2999997,6.2999997
grid,26,26,45,0.45961937,0,5.8799996,0,6.2999997,6.2999997
grid,26,27,46.08093,0.46854162,0,5.8799996,0,6.2999997,6.2999997
grid,26,28,47.1211,0.4776243,0,5.8799996,0,6.2999997,6.2999997
grid,26,29,48.12213,0.48685855,0,5.8799996,0,6.2999997,6.2999997
grid,26,30,49.085617,0.49623582,0,5.8799996,0,6.2999997,6.2999997
grid,26,31,50.013115,0.5057482,0,5.8799996,0,6.2999997,6.2999997
grid,26,32,50.906143,0.5153882,0,5.8799996,0,6.2999997,6.2999997
grid,26,33,51.76618,0.52514875,0,5.8799996,0,6.2999997,6.2999997
grid,26,34,52.594646,0.53502333,0,5.8799996,0,6.2999997,6.2999997
grid,26,35,53.392925,0.54500574,0,5.8799996,0,6.2999997,6.2999997
grid,26,36,54.16235,0.55509007,0,5.8799996,0,6.2999997,6.2999997
grid,26,37,54.904186,0.56527096,0,5.8799996,0,6.2999997,6.2999997
grid,26,38,55.61966,0.5755432,0,5.8799996,0,6.2999997,6.2999997
grid,26,39,56.309933,0.5859021,0,5.8799996,0,6.2999997,6.2999997
grid,26,40,56.976135,0.596343,0,5.8799996,0,6.2999997,6.2999997
grid,26,41,57.619328,0.6068618,0,5.8799996,0,6.2999997,6.2999997
grid,26,42,58.240517,0.6174544,0,5.8799996,0,6.2999997,6.2999997
grid,26,43,58.840702,0.6281172,0,5.8799996,0,6.2999997,6.2999997
grid,26,44,59.420776,0.6388466,0,5.8799996,0,6.2999997,6.2999997
grid,26,45,59.981636,0.6496393,0,5.8799996,0,6.2999997,6.2999997
grid,26,46,60.52411,0.66049224,0,5.8799996,0,6.2999997,6.2999997
grid,26,47,61.049004,0.67140245,0,5.8799996,0,6.2999997,6.2999997
grid,26,48,61.557076,0.6823672,0,5.8799996,0,6.2999997,6.2999997
grid,26,49,62.04903,0.69338393,0,5.8799996,0,6.2999997,6.2999997
grid,26,50,62.525566,0.70445013,0,5.8799996,0,6.2999997,6.2999997
grid,26,51,62.987335,0.71556354,0,5.8799996,0,6.2999997,6.2999997
grid,26,52,63.43495,0.72672206,0,5.8799996,0,6.2999997,6.2999997
grid,26,53,63.869003,0.7379236,0,5.8799996,0,6.2999997,6.2999997
grid,26,54,64.29005,0.74916625,0,5.8799996,0,6.2999997,6.2999997
grid,26,55,64.698616,0.76044804,0,5.8799996,0,6.2999997,6.2999997
grid,26,56,65.09524,0.77176744,0,5.8799996,0,6.2999997,6.2999997
grid,26,57,65.480354,0.7831227,0,5.8799996,0,6.2999997,6.2999997
grid,26,58,65.85446,0.79451245,0,5.8799996,0,6.2999997,6.2999997
grid,26,59,66.21797,0.805935,0,5.8799996,0,6.2999997,6.2999997
grid,26,60,66.571304,0.81738913,0,5.8799996,0,6.2999997,6.2999997
grid,26,61,66.91486,0.82887346,0,5.8799996,0,6.2999997,6.2999997
grid,26,62,67.24902,0.8403868,0,5.8799996,0,6.2999997,6.2999997
grid,26,63,67.57414,0.851928,0,5.8799996,0,6.2999997,6.2999997
grid,26,64,67.89055,0.8634958,0,5.8799996,0,6.2999997,6.2999997
grid,26,65,68.19859,0.8750893,0,5.8799996,0,6.2999997,6.2999997
grid,26,66,68.498566,0.88670737,0,5.8799996,0,6.2999997,6.2999997
grid,26,67,68.79078,0.8983491,0,5.8799996,0,6.2999997,6.2999997
grid,26,68,69.0755,0.91001374,0,5.8799996,0,6.2999997,6.2999997
grid,26,69,69.35301,0.9217002,0,5.8799996,0,6.2999997,6.2999997
grid,26,70,69.623566,0.9334077,0,5.8799996,0,6.2999997,6.2999997
grid,26,71,69.88741,0.94513553,0,5.8799996,0,6.2999997,6.2999997
grid,26,72,70.14479,0.9568829,0,5.8799996,0,6.2999997,6.2999997
grid,26,73,70.39591,0.9686492,0,5.8799996,0,6.2999997,6.2999997
grid,26,74,70.64101,0.9804336,0,5.8799996,0,6.2999997,6.2999997
grid,26,75,70.88027,0.9922355,0,5.8799996,0,6.2999997,6.2999997
grid,27,-75,289.7989,0.99639976,0,5.8799996,0,6.2999997,6.2999997
grid,27,-74,290.04526,0.9846478,0,5.8799996,0,6.2999997,6.2999997
grid,27,-73,290.29758,0.97291446,0,5.8799996,0,6.2999997,6.2999997
grid,27,-72,290.55606,0.9612004,0,5.8799996,0,6.2999997,6.2999997
grid,27,-71,290.8209,0.94950646,0,5.8799996,0,6.2999997,6.2999997
grid,27,-70,291.09235,0.9378333,0,5.8799996,0,6.2999997,6.2999997
grid,27,-69,291.37064,0.9261817,0,5.8799996,0,6.2999997,6.2999997
grid,27,-68,291.656,0.9145525,0,5.8799996,0,6.2999997,6.2999997
grid,27,-67,291.9487,0.90294653,0,5.8799996,0,6.2999997,6.2999997
grid,27,-66,292.24905,0.8913648,0,5.8799996,0,6.2999997,6.2999997
grid,27,-65,292.55728,0.87980825,0,5.8799996,0,6.2999997,6.2999997
grid,27,-64,292.8737,0.8682778,0,5.8799996,0,6.2999997,6.2999997
grid,27,-63,293.1986,0.8567745,0,5.8799996,0,6.2999997,6.2999997
grid,27,-62,293.53235,0.8452995,0,5.8799996,0,6.2999997,6.2999997
grid,27,-61,293.87527,0.833854,0,5.8799996,0,6.2999997,6.2999997
grid,27,-60,294.22775,0.8224392,0,5.8799996,0,6.2999997,6.2999997
grid,27,-59,294.59012,0.81105644,0,5.8799996,0,6.2999997,6.2999997
grid,27,-58,294.96283,0.799707,0,5.8799996,0,6.2999997,6.2999997
grid,27,-57,295.3462,0.78839236,0,5.8799996,0,6.2999997,6.2999997
grid,27,-56,295.74072,0.77711403,0,5.8799996,0,6.2999997,6.2999997
grid,27,-55,296.14685,0.7658737,0,5.8799996,0,6.2999997,6.2999997
grid,27,-54,296.56506,0.75467294,0,5.8799996,0,6.2999997,6.2999997
grid,27,-53,296.99585,0.74351364,0,5.8799996,0,6.2999997,6.2999997
grid,27,-52,297.43973,0.73239756,0,5.8799996,0,6.2999997,6.2999997
grid,27,-51,297.89728,0.7213269,0,5.8799996,0,6.2999997,6.2999997
grid,27,-50,298.36905,0.71030366,0,5.8799996,0,6.2999997,6.2999997
grid,27,-49,298.85568,0.69933003,0,5.8799996,0,6.2999997,6.2999997
grid,27,-48,299.35776,0.6884085,0,5.8799996,0,6.2999997,6.2999997
grid,27,-47,299.876,0.6775415,0,5.8799996,0,6.2999997,6.2999997
grid,27,-46,300.4111,0.6667318,0,5.8799996,0,6.2999997,6.2999997
grid,27,-45,300.96378,0.6559821,0,5.8799996,0,6.2999997,6.2999997
grid,27,-44,301.5348,0.6452955,0,5.8799996,0,6.2999997,6.2999997
grid,27,-43,302.125,0.63467515,0,5.8799996,0,6.2999997,6.2999997
grid,27,-42,302.73523,0.62412435,0,5.8799996,0,6.2999997,6.2999997
grid,27,-41,303.3664,0.61364686,0,5.8799996,0,6.2999997,6.2999997
grid,27,-40,304.01938,0.60324645,0,5.8799996,0,6.2999997,6.2999997
grid,27,-39,304.6952,0.5929271,0,5.8799996,0,6.2999997,6.2999997
grid,27,-38,305.3948,0.5826931,0,5.8799996,0,6.2999997,6.2999997
grid,27,-37,306.11935,0.57254916,0,5.8799996,0,6.2999997,6.2999997
grid,27,-36,306.8699,0.5625,0,5.8799996,0,6.2999997,6.2999997
grid,27,-35,307.6476,0.5525509,0,5.8799996,0,6.2999997,6.2999997
grid,27,-34,308.45374,0.5427073,0,5.8799996,0,6.2999997,6.2999997
grid,27,-33,309.2894,0.53297514,0,5.8799996,0,6.2999997,6.2999997
grid,27,-32,310.156,0.52336055,0,5.8799996,0,6.2999997,6.2999997
grid,27,-31,311.0548,0.5138701,0,5.8799996,0,6.2999997,6.2999997
grid,27,-30,311.9872,0.50451094,0,5.8799996,0,6.2999997,6.2999997
grid,27,-29,312.9546,0.49529034,0,5.8799996,0,6.2999997,6.2999997
grid,27,-28,313.9584,0.48621625,0,5.8799996,0,6.2999997,6.2999997
grid,27,-27,315.00003,0.4772971,0,5.8799996,0,6.2999997,6.2999997
grid,27,-26,316.08093,0.46854162,0,5.8799996,0,6.2999997,6.2999997
grid,27,-25,317.20264,0.45995924,0,5.8799996,0,6.2999997,6.2999997
grid,27,-24,318.3665,0.4515598,0,5.8799996,0,6.2999997,6.2999997
grid,27,-23,319.5739,0.44335368,0,5.8799996,0,6.2999997,6.2999997
grid,27,0,0,0.3375,0,5.8799996,0,6.2999997,6.2999997
grid,27,23,40.426075,0.44335368,0,5.8799996,0,6.2999997,6.2999997
grid,27,24,41.63354,0.4515598,0,5.8799996,0,6.2999997,6.2999997
grid,27,25,42.7974,0.45995924,0,5.8799996,0,6.2999997,6.2999997
grid,27,26,43.919075,0.46854162,0,5.8799996,0,6.2999997,6.2999997
grid,27,27,45,0.4772971,0,5.8799996,0,6.2999997,6.2999997
grid,27,28,46.041626,0.48621625,0,5.8799996,0,6.2999997,6.2999997
grid,27,29,47.04541,0.49529034,0,5.8799996,0,6.2999997,6.2999997
grid,27,30,48.012787,0.50451094,0,5.8799996,0,6.2999997,6.2999997
grid,27,31,48.945183,0.5138701,0,5.8799996,0,6.2999997,6.2999997
grid,27,32,49.844,0.52336055,0,5.8799996,0,6.2999997,6.2999997
grid,27,33,50.710594,0.53297514,0,5.8799996,0,6.2999997,6.2999997
grid,27,34,51.54629,0.5427073,0,5.8799996,0,6.2999997,6.2999997
grid,27,35,52.35238,0.5525509,0,5.8799996,0,6.2999997,6.2999997
grid,27,36,53.130104,0.5625,0,5.8799996,0,6.2999997,6.2999997
grid,27,37,53.88066,0.57254916,0,5.8799996,0,6.2999997,6.2999997
grid,27,38,54.605206,0.5826931,0,5.8799996,0,6.2999997,6.2999997
grid,27,39,55.304848,0.5929271,0,5.8799996,0,6.2999997,6.2999997
grid,27,40,55.98065,0.60324645,0,5.8799996,0,6.2999997,6.2999997
grid,27,41,56.633633,0.61364686,0,5.8799996,0,6.2999997,6.2999997
grid,27,42,57.264774,0.62412435,0,5.8799996,0,6.2999997,6.2999997
grid,27,43,57.875,0.63467515,0,5.8799996,0,6.2999997,6.2999997
grid,27,44,58.46521,0.6452955,0,5.8799996,0,6.2999997,6.2999997
grid,27,45,59.036243,0.6559821,0,5.8799996,0,6.2999997,6.2999997
grid,27,46,59.58892,0.6667318,0,5.8799996,0,6.2999997,6.2999997
grid,27,47,60.124004,0.6775415,0,5.8799996,0,6.2999997,6.2999997
grid,27,48,60.642246,0.6884085,0,5.8799996,0,6.2999997,6.2999997
grid,27,49,61.14434,0.69933003,0,5.8799996,0,6.2999997,6.2999997
grid,27,50,61.630955,0.71030366,0,5.8799996,0,6.2999997,6.2999997
grid,27,51,62.10273,0.7213269,0,5.8799996,0,6.2999997,6.2999997
grid,27,52,62.560272,0.73239756,0,5.8799996,0,6.2999997,6.2999997
grid,27,53,63.004166,0.74351364,0,5.8799996,0,6.2999997,6.2999997
grid,27,54,63.43495,0.75467294,0,5.8799996,0,6.2999997,6.2999997
grid,27,55,63.853157,0.7658737,0,5.8799996,0,6.2999997,6.2999997
grid,27,56,64.25929,0.77711403,0,5.8799996,0,6.2999997,6.2999997
grid,27,57,64.653824,0.78839236,0,5.8799996,0,6.2999997,6.2999997
grid,27,58,65.03721,0.799707,0,5.8799996,0,6.2999997,6.2999997
grid,27,59,65.40988,0.81105644,0,5.8799996,0,6.2999997,6.2999997
grid,27,60,65.772255,0.8224392,0,5.8799996,0,6.2999997,6.2999997
grid,27,61,66.124725,0.833854,0,5.8799996,0,6.2999997,6.2999997
grid,27,62,66.46765,0.8452995,0,5.8799996,0,6.2999997,6.2999997
grid,27,63,66.80141,0.8567745,0,5.8799996,0,6.2999997,6.2999997
grid,27,64,67.126335,0.8682778,0,5.8799996,0,6.2999997,6.2999997
grid,27,65,67.44275,0.87980825,0,5.8799996,0,6.2999997,6.2999997
grid,27,66,67.75098,0.8913648,0,5.8799996,0,6.2999997,6.2999997
grid,27,67,68.0513,0.90294653,0,5.8799996,0,6.2999997,6.2999997
grid,27,68,68.34402,0.9145525,0,5.8799996,0,6.2999997,6.2999997
grid,27,69,68.62938,0.9261817,0,5.8799996,0,6.2999997,6.2999997
grid,27,70,68.90766,0.9378333,0,5.8799996,0,6.2999997,6.2999997
grid,27,71,69.17911,0.94950646,0,5.8799996,0,6.2999997,6.2999997
grid,27,72,69.443954,0.9612004,0,5.8799996,0,6.2999997,6.2999997
grid,27,73,69.70243,0.97291446,0,5.8799996,0,6.2999997,6.2999997
grid,27,74,69.95475,0.9846478,0,5.8799996,0,6.2999997,6.2999997
grid,27,75,70.20112,0.99639976,0,5.8799996,0,6.2999997,6.2999997
grid,28,-74,290.7256,0.98900205,0,5.8799996,0,6.2999997,6.2999997
grid,28,-73,290.98492,0.97732097,0,5.8799996,0,6.2999997,6.2999997
grid,28,-72,291.25052,0.9656604,0,5.8799996,0,6.2999997,6.2999997
grid,28,-71,291.5226,0.9540211,0,5.8799996,0,6.2999997,6.2999997
grid,28,-70,291.80142,0.94240385,0,5.8799996,0,6.2999997,6.2999997
grid,28,-69,292.0872,0.93080944,0,5.8799996,0,6.2999997,6.2999997
grid,28,-68,292.38016,0.9192388,0,5.8799996,0,6.2999997,6.2999997
grid,28,-67,292.68057,0.9076928,0,5.8799996,0,6.2999997,6.2999997
grid,28,-66,292.98874,0.8961724,0,5.8799996,0,6.2999997,6.2999997
grid,28,-65,293.3049,0.8846786,0,5.8799996,0,6.2999997,6.2999997
grid,28,-64,293.6294,0.8732125,0,5.8799996,0,6.2999997,6.2999997
grid,28,-63,293.9625,0.8617751,0,5.8799996,0,6.2999997,6.2999997
grid,28,-62,294.30453,0.85036755,0,5.8799996,0,6.2999997,6.2999997
grid,28,-61,294.6559,0.8389912,0,5.8799996,0,6.2999997,6.2999997
grid,28,-60,295.0169,0.82764727,0,5.8799996,0,6.2999997,6.2999997
grid,28,-59,295.38794,0.8163371,0,5.8799996,0,6.2999997,6.2999997
grid,28,-58,295.76932,0.8050621,0,5.8799996,0,6.2999997,6.2999997
grid,28,-57,296.1616,0.7938238,0,5.8799996,0,6.2999997,6.2999997
grid,28,-56,296.56506,0.78262377,0,5.8799996,0,6.2999997,6.2999997
grid,28,-55,296.98022,0.7714637,0,5.8799996,0,6.2999997,6.2999997
grid,28,-54,297.4076,0.76034534,0,5.8799996,0,6.2999997,6.2999997
grid,28,-53,297.8476,0.7492705,0,5.8799996,0,6.2999997,6.2999997
grid,28,-52,298.30075,0.73824114,0,5.8799996,0,6.2999997,6.2999997
grid,28,-51,298.76767,0.7272594,0,5.8799996,0,6.2999997,6.2999997
grid,28,-50,299.24884,0.7163274,0,5.8799996,0,6.2999997,6.2999997
grid,28,-49,299.74487,0.70544755,0,5.8799996,0,6.2999997,6.2999997
grid,28,-48,300.25647,0.6946222,0,5.8799996,0,6.2999997,6.2999997
grid,28,-47,300.78415,0.6838539,0,5.8799996,0,6.2999997,6.2999997
grid,28,-46,301.3287,0.6731456,0,5.8799996,0,6.2999997,6.2999997
grid,28,-45,301.8908,0.6625,0,5.8799996,0,6.2999997,6.2999997
grid,28,-44,302.47122,0.65192026,0,5.8799996,0,6.2999997,6.2999997
grid,28,-43,303.07068,0.6414096,0,5.8799996,0,6.2999997,6.2999997
grid,28,-42,303.69006,0.63097143,0,5.8799996,0,6.2999997,6.2999997
grid,28,-41,304.33023,0.6206096,0,5.8799996,0,6.2999997,6.2999997
grid,28,-40,304.99203,0.6103278,0,5.8799996,0,6.2999997,6.2999997
grid,28,-39,305.67642,0.6001302,0,5.8799996,0,6.2999997,6.2999997
grid,28,-38,306.38437,0.5900212,0,5.8799996,0,6.2999997,6.2999997
grid,28,-37,307.11685,0.5800054,0,5.8799996,0,6.2999997,6.2999997
grid,28,-36,307.875,0.57008773,0,5.8799996,0,6.2999997,6.2999997
grid,28,-35,308.65982,0.56027335,0,5.8799996,0,6.2999997,6.2999997
grid,28,-34,309.47247,0.55056787,0,5.8799996,0,6.2999997,6.2999997
grid,28,-33,310.31412,0.5409771,0,5.8799996,0,6.2999997,6.2999997
grid,28,-32,311.18594,0.5315073,0,5.8799996,0,6.2999997,6.2999997
grid,28,-31,312.08917,0.52216494,0,5.8799996,0,6.2999997,6.2999997
grid,28,-30,313.0251,0.5129571,0,5.8799996,0,6.2999997,6.2999997
grid,28,-29,313.99493,0.5038911,0,5.8799996,0,6.2999997,6.2999997
grid,28,-28,315.00003,0.49497473,0,5.8799996,0,6.2999997,6.2999997
grid,28,-27,316.04166,0.48621625,0,5.8799996,0,6.2999997,6.2999997
grid,28,-26,317.1211,0.4776243,0,5.8799996,0,6.2999997,6.2999997
grid,28,-25,318.23972,0.46920812,0,5.8799996,0,6.2999997,6.2999997
grid,28,-24,319.3987,0.46097723,0,5.8799996,0,6.2999997,6.2999997
grid,28,-23,320.59937,0.45294175,0,5.8799996,0,6.2999997,6.2999997
grid,28,0,0,0.35,0,5.8799996,0,6.2999997,6.2999997
grid,28,23,39.40066,0.45294175,0,5.8799996,0,6.2999997,6.2999997
grid,28,24,40.6013,0.46097723,0,5.8799996,0,6.2999997,6.2999997
grid,28,25,41.7603,0.46920812,0,5.8799996,0,6.2999997,6.2999997
grid,28,26,42.878902,0.4776243,0,5.8799996,0,6.2999997,6.2999997
grid,28,27,43.958374,0.48621625,0,5.8799996,0,6.2999997,6.2999997
grid,28,28,45,0.49497473,0,5.8799996,0,6.2999997,6.2999997
grid,28,29,46.00509,0.5038911,0,5.8799996,0,6.2999997,6.2999997
grid,28,30,46.974934,0.5129571,0,5.8799996,0,6.2999997,6.2999997
grid,28,31,47.91084,0.52216494,0,5.8799996,0,6.2999997,6.2999997
grid,28,32,48.814075,0.5315073,0,5.8799996,0,6.2999997,6.2999997
grid,28,33,49.6859,0.5409771,0,5.8799996,0,6.2999997,6.2999997
grid,28,34,50.527542,0.55056787,0,5.8799996,0,6.2999997,6.2999997
grid,28,35,51.340195,0.56027335,0,5.8799996,0,6.2999997,6.2999997
grid,28,36,52.125015,0.57008773,0,5.8799996,0,6.2999997,6.2999997
grid,28,37,52.883144,0.5800054,0,5.8799996,0,6.2999997,6.2999997
grid,28,38,53.615646,0.5900212,0,5.8799996,0,6.2999997,6.2999997
grid,28,39,54.323593,0.6001302,0,5.8799996,0,6.2999997,6.2999997
grid,28,40,55.00798,0.6103278,0,5.8799996,0,6.2999997,6.2999997
grid,28,41,55.669785,0.6206096,0,5.8799996,0,6.2999997,6.2999997
grid,28,42,56.309933,0.63097143,0,5.8799996,0,6.2999997,6.2999997
grid,28,43,56.929325,0.6414096,0,5.8799996,0,6.2999997,6.2999997
grid,28,44,57.528812,0.65192026,0,5.8799996,0,6.2999997,6.2999997
grid,28,45,58.109207,0.6625,0,5.8799996,0,6.2999997,6.2999997
grid,28,46,58.67131,0.6731456,0,5.8799996,0,6.2999997,6.2999997
grid,28,47,59.215855,0.6838539,0,5.8799996,0,6.2999997,6.2999997
grid,28,48,59.743565,0.6946222,0,5.8799996,0,6.2999997,6.2999997
grid,28,49,60.255123,0.70544755,0,5.8799996,0,6.2999997,6.2999997
grid,28,50,60.75117,0.7163274,0,5.8799996,0,6.2999997,6.2999997
grid,28,51,61.232353,0.7272594,0,5.8799996,0,6.2999997,6.2999997
grid,28,52,61.699245,0.73824114,0,5.8799996,0,6.2999997,6.2999997
grid,28,53,62.15242,0.7492705,0,5.8799996,0,6.2999997,6.2999997
grid,28,54,62.592426,0.76034534,0,5.8799996,0,6.2999997,6.2999997
grid,28,55,63.01977,0.7714637,0,5.8799996,0,6.2999997,6.2999997
grid,28,56,63.43495,0.78262377,0,5.8799996,0,6.2999997,6.2999997
grid,28,57,63.838432,0.7938238,0,5.8799996,0,6.2999997,6.2999997
grid,28,58,64.230675,0.8050621,0,5.8799996,0,6.2999997,6.2999997
grid,28,59,64.61209,0.8163371,0,5.8799996,0,6.2999997,6.2999997
grid,28,60,64.9831,0.82764727,0,5.8799996,0,6.2999997,6.2999997
grid,28,61,65.3441,0.8389912,0,5.8799996,0,6.2999997,6.2999997
grid,28,62,65.69545,0.85036755,0,5.8799996,0,6.2999997,6.2999997
grid,28,63,66.03751,0.8617751,0,5.8799996,0,6.2999997,6.2999997
grid,28,64,66.37062,0.8732125,0,5.8799996,0,6.2999997,6.2999997
grid,28,65,66.695114,0.8846786,0,5.8799996,0,6.2999997,6.2999997
grid,28,66,67.011284,0.8961724,0,5.8799996,0,6.2999997,6.2999997
grid,28,67,67.319435,0.9076928,0,5.8799996,0,6.2999997,6.2999997
grid,28,68,67.619865,0.9192388,0,5.8799996,0,6.2999997,6.2999997
grid,28,69,67.912834,0.93080944,0,5.8799996,0,6.2999997,6.2999997
grid,28,70,68.19859,0.94240385,0,5.8799996,0,6.2999997,6.2999997
grid,28,71,68.4774,0.9540211,0,5.8799996,0,6.2999997,6.2999997
grid,28,72,68.7495,0.9656604,0,5.8799996,0,6.2999997,6.2999997
grid,28,73,69.0151,0.97732097,0,5.8799996,0,6.2999997,6.2999997
grid,28,74,69.274445,0.98900205,0,5.8799996,0,6.2999997,6.2999997
grid,29,-74,291.3998,0.99349445,0,5.8799996,0,6.2999997,6.2999997
grid,29,-73,291.66595,0.98186684,0,5.8799996,0,6.2999997,6.2999997
grid,29,-72,291.93848,0.97026086,0,5.8799996,0,6.2999997,6.2999997
grid,29,-71,292.2176,0.9586775,0,5.8799996,0,6.2999997,6.2999997
grid,29,-70,292.50354,0.9471173,0,5.8799996,0,6.2999997,6.2999997
grid,29,-69,292.79654,0.9355814,0,5.8799996,0,6.2999997,6.2999997
grid,29,-68,293.09683,0.9240705,0,5.8799996,0,6.2999997,6.2999997
grid,29,-67,293.40472,0.91258556,0,5.8799996,0,6.2999997,6.2999997
grid,29,-66,293.7204,0.90112776,0,5.8799996,0,6.2999997,6.2999997
grid,29,-65,294.04425,0.88969797,0,5.8799996,0,6.2999997,6.2999997
grid,29,-64,294.3765,0.8782974,0,5.8799996,0,6.2999997,6.2999997
grid,29,-63,294.71744,0.8669271,0,5.8799996,0,6.2999997,6.2999997
grid,29,-62,295.06747,0.85558826,0,5.8799996,0,6.2999997,6.2999997
grid,29,-61,295.42688,0.8442822,0,5.8799996,0,6.2999997,6.2999997
grid,29,-60,295.79605,0.8330104,0,5.8799996,0,6.2999997,6.2999997
grid,29,-59,296.17532,0.821774,0,5.8799996,0,6.2999997,6.2999997
grid,29,-58,296.56506,0.81057465,0,5.8799996,0,6.2999997,6.2999997
grid,29,-57,296.96573,0.7994138,0,5.8799996,0,6.2999997,6.2999997
grid,29,-56,297.37772,0.78829324,0,5.8799996,0,6.2999997,6.2999997
grid,29,-55,297.80148,0.7772146,0,5.8799996,0,6.2999997,6.2999997
grid,29,-54,298.23746,0.7661797,0,5.8799996,0,6.2999997,6.2999997
grid,29,-53,298.68616,0.75519043,0,5.8799996,0,6.2999997,6.2999997
grid,29,-52,299.14807,0.74424875,0,5.8799996,0,6.2999997,6.2999997
grid,29,-51,299.62378,0.733357,0,5.8799996,0,6.2999997,6.2999997
grid,29,-50,300.11377,0.7225173,0,5.8799996,0,6.2999997,6.2999997
grid,29,-49,300.61862,0.7117321,0,5.8799996,0,6.2999997,6.2999997
grid,29,-48,301.139,0.70100373,0,5.8799996,0,6.2999997,6.2999997
grid,29,-47,301.67548,0.69033504,0,5.8799996,0,6.2999997,6.2999997
grid,29,-46,302.22876,0.6797288,0,5.8799996,0,6.2999997,6.2999997
grid,29,-45,302.79956,0.66918796,0,5.8799996,0,6.2999997,6.2999997
grid,29,-44,303.38855,0.6587156,0,5.8799996,0,6.2999997,6.2999997
grid,29,-43,303.9965,0.64831513,0,5.8799996,0,6.2999997,6.2999997
grid,29,-42,304.62418,0.63799,0,5.8799996,0,6.2999997,6.2999997
grid,29,-41,305.27243,0.627744,0,5.8799996,0,6.2999997,6.2999997
grid,29,-40,305.94214,0.61758095,0,5.8799996,0,6.2999997,6.2999997
grid,29,-39,306.63412,0.6075052,0,5.8799996,0,6.2999997,6.2999997
grid,29,-38,307.34937,0.59752095,0,5.8799996,0,6.2999997,6.2999997
grid,29,-37,308.0888,0.587633,0,5.8799996,0,6.2999997,6.2999997
grid,29,-36,308.8534,0.5778462,0,5.8799996,0,6.2999997,6.2999997
grid,29,-35,309.6442,0.5681659,0,5.8799996,0,6.2999997,6.2999997
grid,29,-34,310.46225,0.55859756,0,5.8799996,0,6.2999997,6.2999997
grid,29,-33,311.30862,0.54914707,0,5.8799996,0,6.2999997,6.2999997
grid,29,-32,312.18445,0.5398206,0,5.8799996,0,6.2999997,6.2999997
grid,29,-31,313.09085,0.5306246,0,5.8799996,0,6.2999997,6.2999997
grid,29,-30,314.029,0.52156615,0,5.8799996,0,6.2999997,6.2999997
grid,29,-29,315.00003,0.51265246,0,5.8799996,0,6.2999997,6.2999997
grid,29,-28,316.0051,0.5038911,0,5.8799996,0,6.2999997,6.2999997
grid,29,-27,317.0454,0.49529034,0,5.8799996,0,6.2999997,6.2999997
grid,29,-26,318.12216,0.48685855,0,5.8799996,0,6.2999997,6.2999997
grid,29,-25,319.23642,0.47860476,0,5.8799996,0,6.2999997,6.2999997
grid,29,-24,320.3893,0.47053826,0,5.8799996,0,6.2999997,6.2999997
grid,29,-23,321.58197,0.4626689,0,5.8799996,0,6.2999997,6.2999997
grid,29,0,0,0.3625,0,5.8799996,0,6.2999997,6.2999997
grid,29,23,38.418053,0.4626689,0,5.8799996,0,6.2999997,6.2999997
grid,29,24,39.610687,0.47053826,0,5.8799996,0,6.2999997,6.2999997
grid,29,25,40.763603,0.47860476,0,5.8799996,0,6.2999997,6.2999997
grid,29,26,41.87787,0.48685855,0,5.8799996,0,6.2999997,6.2999997
grid,29,27,42.954594,0.49529034,0,5.8799996,0,6.2999997,6.2999997
grid,29,28,43.994915,0.5038911,0,5.8799996,0,6.2999997,6.2999997
grid,29,29,45,0.51265246,0,5.8799996,0,6.2999997,6.2999997
grid,29,30,45.971024,0.52156615,0,5.8799996,0,6.2999997,6.2999997
grid,29,31,46.909153,0.5306246,0,5.8799996,0,6.2999997,6.2999997
grid,29,32,47.815556,0.5398206,0,5.8799996,0,6.2999997,6.2999997
grid,29,33,48.691383,0.54914707,0,5.8799996,0,6.2999997,6.2999997
grid,29,34,49.537773,0.55859756,0,5.8799996,0,6.2999997,6.2999997
grid,29,35,50.355827,0.5681659,0,5.8799996,0,6.2999997,6.2999997
grid,29,36,51.146626,0.5778462,0,5.8799996,0,6.2999997,6.2999997
grid,29,37,51.91123,0.587633,0,5.8799996,0,6.2999997,6.2999997
grid,29,38,52.65065,0.59752095,0,5.8799996,0,6.2999997,6.2999997
grid,29,39,53.365887,0.6075052,0,5.8799996,0,6.2999997,6.2999997
grid,29,40,54.057888,0.61758095,0,5.8799996,0,6.2999997,6.2999997
grid,29,41,54.727577,0.627744,0,5.8799996,0,6.2999997,6.2999997
grid,29,42,55.375843,0.63799,0,5.8799996,0,6.2999997,6.2999997
grid,29,43,56.003544,0.64831513,0,5.8799996,0,6.2999997,6.2999997
grid,29,44,56.61149,0.6587156,0,5.8799996,0,6.2999997,6.2999997
grid,29,45,57.20047,0.66918796,0,5.8799996,0,6.2999997,6.2999997
grid,29,46,57.771244,0.6797288,0,5.8799996,0,6.2999997,6.2999997
grid,29,47,58.324528,0.69033504,0,5.8799996,0,6.2999997,6.2999997
grid,29,48,58.861027,0.70100373,0,5.8799996,0,6.2999997,6.2999997
grid,29,49,59.381393,0.7117321,0,5.8799996,0,6.2999997,6.2999997
grid,29,50,59.886265,0.7225173,0,5.8799996,0,6.2999997,6.2999997
grid,29,51,60.37625,0.733357,0,5.8799996,0,6.2999997,6.2999997
grid,29,52,60.851925,0.74424875,0,5.8799996,0,6.2999997,6.2999997
grid,29,53,61.31385,0.75519043,0,5.8799996,0,6.2999997,6.2999997
grid,29,54,61.762554,0.7661797,0,5.8799996,0,6.2999997,6.2999997
grid,29,55,62.19854,0.7772146,0,5.8799996,0,6.2999997,6.2999997
grid,29,56,62.622295,0.78829324,0,5.8799996,0,6.2999997,6.2999997
grid,29,57,63.034286,0.7994138,0,5.8799996,0,6.2999997,6.2999997
grid,29,58,63.43495,0.81057465,0,5.8799996,0,6.2999997,6.2999997
grid,29,59,63.82471,0.821774,0,5.8799996,0,6.2999997,6.2999997
grid,29,60,64.20397,0.8330104,0,5.8799996,0,6.2999997,6.2999997
grid,29,61,64.57313,0.8442822,0,5.8799996,0,6.2999997,6.2999997
grid,29,62,64.93253,0.85558826,0,5.8799996,0,6.2999997,6.2999997
grid,29,63,65.28256,0.8669271,0,5.8799996,0,6.2999997,6.2999997
grid,29,64,65.62353,0.8782974,0,5.8799996,0,6.2999997,6.2999997
grid,29,65,65.95578,0.88969797,0,5.8799996,0,6.2999997,6.2999997
grid,29,66,66.2796,0.90112776,0,5.8799996,0,6.2999997,6.2999997
grid,29,67,66.59531,0.91258556,0,5.8799996,0,6.2999997,6.2999997
grid,29,68,66.903175,0.9240705,0,5.8799996,0,6.2999997,6.2999997
grid,29,69,67.20348,0.9355814,0,5.8799996,0,6.2999997,6.2999997
grid,29,70,67.49647,0.9471173,0,5.8799996,0,6.2999997,6.2999997
grid,29,71,67.78241,0.9586775,0,5.8799996,0,6.2999997,6.2999997
grid,29,72,68.061516,0.97026086,0,5.8799996,0,6.2999997,6.2999997
grid,29,73,68.334045,0.98186684,0,5.8799996,0,6.2999997,6.2999997
grid,29,74,68.6002,0.99349445,0,5.8799996,0,6.2999997,6.2999997
grid,30,-74,292.0679,0.9981232,0,5.8799996,0,6.2999997,6.2999997
grid,30,-73,292.34064,0.9865502,0,5.8799996,0,6.2999997,6.2999997
grid,30,-72,292.61987,0.97499996,0,5.8799996,0,6.2999997,6.2999997
grid,30,-71,292.9058,0.96347356,0,5.8799996,0,6.2999997,6.2999997
grid,30,-70,293.1986,0.95197165,0,5.8799996,0,6.2999997,6.2999997
grid,30,-69,293.4986,0.9404952,0,5.8799996,0,6.2999997,6.2999997
grid,30,-68,293.80594,0.9290452,0,5.8799996,0,6.2999997,6.2999997
grid,30,-67,294.121,0.91762257,0,5.8799996,0,6.2999997,6.2999997
grid,30,-66,294.44397,0.9062284,0,5.8799996,0,6.2999997,6.2999997
grid,30,-65,294.77515,0.89486384,0,5.8799996,0,6.2999997,6.2999997
grid,30,-64,295.11487,0.8835299,0,5.8799996,0,6.2999997,6.2999997
grid,30,-63,295.46335,0.8722278,0,5.8799996,0,6.2999997,6.2999997
grid,30,-62,295.821,0.86095876,0,5.8799996,0,6.2999997,6.2999997
grid,30,-61,296.1881,0.84972423,0,5.8799996,0,6.2999997,6.2999997
grid,30,-60,296.56506,0.8385255,0,5.8799996,0,6.2999997,6.2999997
grid,30,-59,296.9522,0.827364,0,5.8799996,0,6.2999997,6.2999997
grid,30,-58,297.34988,0.81624144,0,5.8799996,0,6.2999997,6.2999997
grid,30,-57,297.75854,0.80515915,0,5.8799996,0,6.2999997,6.2999997
grid,30,-56,298.17862,0.794119,0,5.8799996,0,6.2999997,6.2999997
grid,30,-55,298.61047,0.7831228,0,5.8799996,0,6.2999997,6.2999997
grid,30,-54,299.05463,0.7721723,0,5.8799996,0,6.2999997,6.2999997
grid,30,-53,299.5115,0.76126957,0,5.8799996,0,6.2999997,6.2999997
grid,30,-52,299.98163,0.7504165,0,5.8799996,0,6.2999997,6.2999997
grid,30,-51,300.46555,0.7396156,0,5.8799996,0,6.2999997,6.2999997
grid,30,-50,300.96378,0.72886896,0,5.8799996,0,6.2999997,6.2999997
grid,30,-49,301.47684,0.71817917,0,5.8799996,0,6.2999997,6.2999997
grid,30,-48,302.0054,0.7075486,0,5.8799996,0,6.2999997,6.2999997
grid,30,-47,302.55002,0.69698006,0,5.8799996,0,6.2999997,6.2999997
grid,30,-46,303.11136,0.6864765,0,5.8799996,0,6.2999997,6.2999997
grid,30,-45,303.69006,0.6760409,0,5.8799996,0,6.2999997,6.2999997
grid,30,-44,304.2869,0.66567636,0,5.8799996,0,6.2999997,6.2999997
grid,30,-43,304.90253,0.6553863,0,5.8799996,0,6.2999997,6.2999997
grid,30,-42,305.5377,0.6451744,0,5.8799996,0,6.2999997,6.2999997
grid,30,-41,306.19324,0.6350443,0,5.8799996,0,6.2999997,6.2999997
grid,30,-40,306.8699,0.625,0,5.8799996,0,6.2999997,6.2999997
grid,30,-39,307.5686,0.6150457,0,5.8799996,0,6.2999997,6.2999997
grid,30,-38,308.2902,0.6051859,0,5.8799996,0,6.2999997,6.2999997
grid,30,-37,309.03552,0.59542525,0,5.8799996,0,6.2999997,6.2999997
grid,30,-36,309.80557,0.5857687,0,5.8799996,0,6.2999997,6.2999997
grid,30,-35,310.6013,0.5762215,0,5.8799996,0,6.2999997,6.2999997
grid,30,-34,311.42368,0.5667892,0,5.8799996,0,6.2999997,6.2999997
grid,30,-33,312.2737,0.5574776,0,5.8799996,0,6.2999997,6.2999997
grid,30,-32,313.1524,0.5482928,0,5.8799996,0,6.2999997,6.2999997
grid,30,-31,314.06082,0.5392414,0,5.8799996,0,6.2999997,6.2999997
grid,30,-30,315.00003,0.53033006,0,5.8799996,0,6.2999997,6.2999997
grid,30,-29,315.97104,0.52156615,0,5.8799996,0,6.2999997,6.2999997
grid,30,-28,316.97495,0.5129571,0,5.8799996,0,6.2999997,6.2999997
grid,30,-27,318.0128,0.50451094,0,5.8799996,0,6.2999997,6.2999997
grid,30,-26,319.08563,0.49623582,0,5.8799996,0,6.2999997,6.2999997
grid,30,-25,320.19443,0.4881406,0,5.8799996,0,6.2999997,6.2999997
grid,30,-24,321.3402,0.48023432,0,5.8799996,0,6.2999997,6.2999997
grid,30,-23,322.52383,0.47252646,0,5.8799996,0,6.2999997,6.2999997
grid,30,0,0,0.375,0,5.8799996,0,6.2999997,6.2999997
grid,30,23,37.47618,0.47252646,0,5.8799996,0,6.2999997,6.2999997
grid,30,24,38.65981,0.48023432,0,5.8799996,0,6.2999997,6.2999997
grid,30,25,39.805573,0.4881406,0,5.8799996,0,6.2999997,6.2999997
grid,30,26,40.91438,0.49623582,0,5.8799996,0,6.2999997,6.2999997
grid,30,27,41.987217,0.50451094,0,5.8799996,0,6.2999997,6.2999997
grid,30,28,43.025066,0.5129571,0,5.8799996,0,6.2999997,6.2999997
grid,30,29,44.02898,0.52156615,0,5.8799996,0,6.2999997,6.2999997
grid,30,30,45,0.53033006,0,5.8799996,0,6.2999997,6.2999997
grid,30,31,45.93919,0.5392414,0,5.8799996,0,6.2999997,6.2999997
grid,30,32,46.84761,0.5482928,0,5.8799996,0,6.2999997,6.2999997
grid,30,33,47.726315,0.5574776,0,5.8799996,0,6.2999997,6.2999997
grid,30,34,48.576332,0.5667892,0,5.8799996,0,6.2999997,6.2999997
grid,30,35,49.398705,0.5762215,0,5.8799996,0,6.2999997,6.2999997
grid,30,36,50.194427,0.5857687,0,5.8799996,0,6.2999997,6.2999997
grid,30,37,50.96449,0.59542525,0,5.8799996,0,6.2999997,6.2999997
grid,30,38,51.709835,0.6051859,0,5.8799996,0,6.2999997,6.2999997
grid,30,39,52.43141,0.6150457,0,5.8799996,0,6.2999997,6.2999997
grid,30,40,53.130104,0.625,0,5.8799996,0,6.2999997,6.2999997
grid,30,41,53.806793,0.6350443,0,5.8799996,0,6.2999997,6.2999997
grid,30,42,54.462322,0.6451744,0,5.8799996,0,6.2999997,6.2999997
grid,30,43,55.097507,0.6553863,0,5.8799996,0,6.2999997,6.2999997
grid,30,44,55.713123,0.66567636,0,5.8799996,0,6.2999997,6.2999997
grid,30,45,56.309933,0.6760409,0,5.8799996,0,6.2999997,6.2999997
grid,30,46,56.888657,0.6864765,0,5.8799996,0,6.2999997,6.2999997
grid,30,47,57.45,0.69698006,0,5.8799996,0,6.2999997,6.2999997
grid,30,48,57.994617,0.7075486,0,5.8799996,0,6.2999997,6.2999997
grid,30,49,58.52316,0.71817917,0,5.8799996,0,6.2999997,6.2999997
grid,30,50,59.036243,0.72886896,0,5.8799996,0,6.2999997,6.2999997
grid,30,51,59.53446,0.7396156,0,5.8799996,0,6.2999997,6.2999997
grid,30,52,60.01836,0.7504165,0,5.8799996,0,6.2999997,6.2999997
grid,30,53,60.488503,0.76126957,0,5.8799996,0,6.2999997,6.2999997
grid,30,54,60.945396,0.7721723,0,5.8799996,0,6.2999997,6.2999997
grid,30,55,61.38954,0.7831228,0,5.8799996,0,6.2999997,6.2999997
grid,30,56,61.821407,0.794119,0,5.8799996,0,6.2999997,6.2999997
grid,30,57,62.24146,0.80515915,0,5.8799996,0,6.2999997,6.2999997
grid,30,58,62.650124,0.81624144,0,5.8799996,0,6.2999997,6.2999997
grid,30,59,63.047825,0.827364,0,5.8799996,0,6.2999997,6.2999997
grid,30,60,63.43495,0.8385255,0,5.8799996,0,6.2999997,6.2999997
grid,30,61,63.81189,0.84972423,0,5.8799996,0,6.2999997,6.2999997
grid,30,62,64.17901,0.86095876,0,5.8799996,0,6.2999997,6.2999997
grid,30,63,64.53665,0.8722278,0,5.8799996,0,6.2999997,6.2999997
grid,30,64,64.88516,0.8835299,0,5.8799996,0,6.2999997,6.2999997
grid,30,65,65.22486,0.89486384,0,5.8799996,0,6.2999997,6.2999997
grid,30,66,65.556046,0.9062284,0,5.8799996,0,6.2999997,6.2999997
grid,30,67,65.87902,0.91762257,0,5.8799996,0,6.2999997,6.2999997
grid,30,68,66.19405,0.9290452,0,5.8799996,0,6.2999997,6.2999997
grid,30,69,66.501434,0.9404952,0,5.8799996,0,6.2999997,6.2999997
grid,30,70,66.80141,0.95197165,0,5.8799996,0,6.2999997,6.2999997
grid,30,71,67.09423,0.96347356,0,5.8799996,0,6.2999997,6.2999997
grid,30,72,67.380135,0.97499996,0,5.8799996,0,6.2999997,6.2999997
grid,30,73,67.659355,0.9865502,0,5.8799996,0,6.2999997,6.2999997
grid,30,74,67.9321,0.9981232,0,5.8799996,0,6.2999997,6.2999997
grid,31,-73,293.00888,0.991369,0,5.8799996,0,6.2999997,6.2999997
grid,31,-72,293.2946,0.9798756,0,5.8799996,0,6.2999997,6.2999997
grid,31,-71,293.58707,0.9684072,0,5.8799996,0,6.2999997,6.2999997
grid,31,-70,293.8865,0.9569646,0,5.8799996,0,6.2999997,6.2999997
grid,31,-69,294.1932,0.9455488,0,5.8799996,0,6.2999997,6.2999997
grid,31,-68,294.50745,0.9341607,0,5.8799996,0,6.2999997,6.2999997
grid,31,-67,294.82935,0.92280143,0,5.8799996,0,6.2999997,6.2999997
grid,31,-66,295.1593,0.911472,0,5.8799996,0,6.2999997,6.2999997
grid,31,-65,295.49756,0.9001736,0,5.8799996,0,6.2999997,6.2999997
grid,31,-64,295.8444,0.8889074,0,5.8799996,0,6.2999997,6.2999997
grid,31,-63,296.2001,0.8776745,0,5.8799996,0,6.2999997,6.2999997
grid,31,-62,296.56506,0.86647636,0,5.8799996,0,6.2999997,6.2999997
grid,31,-61,296.9395,0.85531425,0,5.8799996,0,6.2999997,6.2999997
grid,31,-60,297.3239,0.8441897,0,5.8799996,0,6.2999997,6.2999997
grid,31,-59,297.71854,0.83310413,0,5.8799996,0,6.2999997,6.2999997
grid,31,-58,298.12375,0.8220592,0,5.8799996,0,6.2999997,6.2999997
grid,31,-57,298.54,0.8110564,0,5.8799996,0,6.2999997,6.2999997
grid,31,-56,298.96768,0.80009764,0,5.8799996,0,6.2999997,6.2999997
grid,31,-55,299.4072,0.7891847,0,5.8799996,0,6.2999997,6.2999997
grid,31,-54,299.859,0.77831954,0,5.8799996,0,6.2999997,6.2999997
grid,31,-53,300.3236,0.7675041,0,5.8799996,0,6.2999997,6.2999997
grid,31,-52,300.80145,0.7567405,0,5.8799996,0,6.2999997,6.2999997
grid,31,-51,301.29306,0.74603117,0,5.8799996,0,6.2999997,6.2999997
grid,31,-50,301.79892,0.7353783,0,5.8799996,0,6.2999997,6.2999997
grid,31,-49,302.31964,0.72478443,0,5.8799996,0,6.2999997,6.2999997
grid,31,-48,302.8557,0.71425223,0,5.8799996,0,6.2999997,6.2999997
grid,31,-47,303.40784,0.7037844,0,5.8799996,0,6.2999997,6.2999997
grid,31,-46,303.97656,0.69338393,0,5.8799996,0,6.2999997,6.2999997
grid,31,-45,304.56253,0.6830538,0,5.8799996,0,6.2999997,6.2999997
grid,31,-44,305.16647,0.6727973,0,5.8799996,0,6.2999997,6.2999997
grid,31,-43,305.789,0.6626179,0,5.8799996,0,6.2999997,6.2999997
grid,31,-42,306.43088,0.6525191,0,5.8799996,0,6.2999997,6.2999997
grid,31,-41,307.09283,0.6425049,0,5.8799996,0,6.2999997,6.2999997
grid,31,-40,307.7757,0.632579,0,5.8799996,0,6.2999997,6.2999997
grid,31,-39,308.4802,0.62274593,0,5.8799996,0,6.2999997,6.2999997
grid,31,-38,309.2072,0.61301,0,5.8799996,0,6.2999997,6.2999997
grid,31,-37,309.95758,0.6033759,0,5.8799996,0,6.2999997,6.2999997
grid,31,-36,310.73212,0.59384865,0,5.8799996,0,6.2999997,6.2999997
grid,31,-35,311.5318,0.5844335,0,5.8799996,0,6.2999997,6.2999997
grid,31,-34,312.35748,0.5751358,0,5.8799996,0,6.2999997,6.2999997
grid,31,-33,313.2101,0.5659616,0,5.8799996,0,6.2999997,6.2999997
grid,31,-32,314.09064,0.5569167,0,5.8799996,0,6.2999997,6.2999997
grid,31,-31,315.00003,0.5480077,0,5.8799996,0,6.2999997,6.2999997
grid,31,-30,315.9392,0.5392414,0,5.8799996,0,6.2999997,6.2999997
grid,31,-29,316.90918,0.5306246,0,5.8799996,0,6.2999997,6.2999997
grid,31,-28,317.91086,0.52216494,0,5.8799996,0,6.2999997,6.2999997
grid,31,-27,318.9452,0.5138701,0,5.8799996,0,6.2999997,6.2999997
grid,31,-26,320.01312,0.5057482,0,5.8799996,0,6.2999997,6.2999997
grid,31,-25,321.11554,0.49780768,0,5.8799996,0,6.2999997,6.2999997
grid,31,-24,322.2532,0.49005738,0,5.8799996,0,6.2999997,6.2999997
grid,31,-23,323.42697,0.48250648,0,5.8799996,0,6.2999997,6.2999997
grid,31,0,0,0.3875,0,5.8799996,0,6.2999997,6.2999997
grid,31,23,36.57303,0.48250648,0,5.8799996,0,6.2999997,6.2999997
grid,31,24,37.746807,0.49005738,0,5.8799996,0,6.2999997,6.2999997
grid,31,25,38.884495,0.49780768,0,5.8799996,0,6.2999997,6.2999997
grid,31,26,39.986885,0.5057482,0,5.8799996,0,6.2999997,6.2999997
grid,31,27,41.054817,0.5138701,0,5.8799996,0,6.2999997,6.2999997
grid,31,28,42.089165,0.52216494,0,5.8799996,0,6.2999997,6.2999997
grid,31,29,43.09085,0.5306246,0,5.8799996,0,6.2999997,6.2999997
grid,31,30,44.06081,0.5392414,0,5.8799996,0,6.2999997,6.2999997
grid,31,31,45,0.5480077,0,5.8799996,0,6.2999997,6.2999997
grid,31,32,45.90938,0.5569167,0,5.8799996,0,6.2999997,6.2999997
grid,31,33,46.789913,0.5659616,0,5.8799996,0,6.2999997,6.2999997
grid,31,34,47.642548,0.5751358,0,5.8799996,0,6.2999997,6.2999997
grid,31,35,48.468227,0.5844335,0,5.8799996,0,6.2999997,6.2999997
grid,31,36,49.267895,0.59384865,0,5.8799996,0,6.2999997,6.2999997
grid,31,37,50.042454,0.6033759,0,5.8799996,0,6.2999997,6.2999997
grid,31,38,50.792797,0.61301,0,5.8799996,0,6.2999997,6.2999997
grid,31,39,51.519802,0.62274593,0,5.8799996,0,6.2999997,6.2999997
grid,31,40,52.224316,0.632579,0,5.8799996,0,6.2999997,6.2999997
grid,31,41,52.907166,0.6425049,0,5.8799996,0,6.2999997,6.2999997
grid,31,42,53.569145,0.6525191,0,5.8799996,0,6.2999997,6.2999997
grid,31,43,54.21103,0.6626179,0,5.8799996,0,6.2999997,6.2999997
grid,31,44,54.833565,0.6727973,0,5.8799996,0,6.2999997,6.2999997
grid,31,45,55.437477,0.6830538,0,5.8799996,0,6.2999997,6.2999997
grid,31,46,56.023457,0.69338393,0,5.8799996,0,6.2999997,6.2999997
grid,31,47,56.592175,0.7037844,0,5.8799996,0,6.2999997,6.2999997
grid,31,48,57.14428,0.71425223,0,5.8799996,0,6.2999997,6.2999997
grid,31,49,57.68039,0.72478443,0,5.8799996,0,6.2999997,6.2999997
grid,31,50,58.201088,0.7353783,0,5.8799996,0,6.2999997,6.2999997
grid,31,51,58.70696,0.74603117,0,5.8799996,0,6.2999997,6.2999997
grid,31,52,59.198555,0.7567405,0,5.8799996,0,6.2999997,6.2999997
grid,31,53,59.676395,0.7675041,0,5.8799996,0,6.2999997,6.2999997
grid,31,54,60.140984,0.77831954,0,5.8799996,0,6.2999997,6.2999997
grid,31,55,60.592815,0.7891847,0,5.8799996,0,6.2999997,6.2999997
grid,31,56,61.032337,0.80009764,0,5.8799996,0,6.2999997,6.2999997
grid,31,57,61.46002,0.8110564,0,5.8799996,0,6.2999997,6.2999997
grid,31,58,61.87627,0.8220592,0,5.8799996,0,6.2999997,6.2999997
grid,31,59,62.281498,0.83310413,0,5.8799996,0,6.2999997,6.2999997
grid,31,60,62.676113,0.8441897,0,5.8799996,0,6.2999997,6.2999997
grid,31,61,63.060474,0.85531425,0,5.8799996,0,6.2999997,6.2999997
grid,31,62,63.43495,0.86647636,0,5.8799996,0,6.2999997,6.2999997
grid,31,63,63.79989,0.8776745,0,5.8799996,0,6.2999997,6.2999997
grid,31,64,64.15561,0.8889074,0,5.8799996,0,6.2999997,6.2999997
grid,31,65,64.50245,0.9001736,0,5.8799996,0,6.2999997,6.2999997
grid,31,66,64.8407,0.911472,0,5.8799996,0,6.2999997,6.2999997
grid,31,67,65.170654,0.92280143,0,5.8799996,0,6.2999997,6.2999997
grid,31,68,65.49259,0.9341607,0,5.8799996,0,6.2999997,6.2999997
grid,31,69,65.80679,0.9455488,0,5.8799996,0,6.2999997,6.2999997
grid,31,70,66.1135,0.9569646,0,5.8799996,0,6.2999997,6.2999997
grid,31,71,66.41297,0.9684072,0,5.8799996,0,6.2999997,6.2999997
grid,31,72,66.70544,0.9798756,0,5.8799996,0,6.2999997,6.2999997
grid,31,73,66.991135,0.991369,0,5.8799996,0,6.2999997,6.2999997
grid,32,-73,293.67053,0.9963214,0,5.8799996,0,6.2999997,6.2999997
grid,32,-72,293.9625,0.98488575,0,5.8799996,0,6.2999997,6.2999997
grid,32,-71,294.2613,0.9734764,0,5.8799996,0,6.2999997,6.2999997
grid,32,-70,294.56717,0.96209407,0,5.8799996,0,6.2999997,6.2999997
grid,32,-69,294.8804,0.95073986,0,5.8799996,0,6.2999997,6.2999997
grid,32,-68,295.20114,0.93941474,0,5.8799996,0,6.2999997,6.2999997
grid,32,-67,295.52972,0.9281197,0,5.8799996,0,6.2999997,6.2999997
grid,32,-66,295.86636,0.91685605,0,5.8799996,0,6.2999997,6.2999997
grid,32,-65,296.2114,0.9056248,0,5.8799996,0,6.2999997,6.2999997
grid,32,-64,296.56506,0.89442724,0,5.8799996,0,6.2999997,6.2999997
grid,32,-63,296.9277,0.8832646,0,5.8799996,0,6.2999997,6.2999997
grid,32,-62,297.2996,0.8721382,0,5.8799996,0,6.2999997,6.2999997
grid,32,-61,297.68106,0.86104953,0,5.8799996,0,6.2999997,6.2999997
grid,32,-60,298.07248,0.85,0,5.8799996,0,6.2999997,6.2999997
grid,32,-59,298.4742,0.8389912,0,5.8799996,0,6.2999997,6.2999997
grid,32,-58,298.8866,0.8280248,0,5.8799996,0,6.2999997,6.2999997
grid,32,-57,299.31,0.8171024,0,5.8799996,0,6.2999997,6.2999997
grid,32,-56,299.7449,0.8062258,0,5.8799996,0,6.2999997,6.2999997
grid,32,-55,300.19162,0.7953969,0,5.8799996,0,6.2999997,6.2999997
grid,32,-54,300.65067,0.7846178,0,5.8799996,0,6.2999997,6.2999997
grid,32,-53,301.1225,0.7738904,0,5.8799996,0,6.2999997,6.2999997
grid,32,-52,301.6075,0.76321685,0,5.8799996,0,6.2999997,6.2999997
grid,32,-51,302.10626,0.75259966,0,5.8799996,0,6.2999997,6.2999997
grid,32,-50,302.61926,0.7420411,0,5.8799996,0,6.2999997,6.2999997
grid,32,-49,303.14703,0.7315437,0,5.8799996,0,6.2999997,6.2999997
grid,32,-48,303.69006,0.7211103,0,5.8799996,0,6.2999997,6.2999997
grid,32,-47,304.24905,0.7107434,0,5.8799996,0,6.2999997,6.2999997
grid,32,-46,304.82452,0.7004463,0,5.8799996,0,6.2999997,6.2999997
grid,32,-45,305.41708,0.6902219,0,5.8799996,0,6.2999997,6.2999997
grid,32,-44,306.0274,0.68007356,0,5.8799996,0,6.2999997,6.2999997
grid,32,-43,306.65613,0.6700047,0,5.8799996,0,6.2999997,6.2999997
grid,32,-42,307.30396,0.6600189,0,5.8799996,0,6.2999997,6.2999997
grid,32,-41,307.97162,0.6501202,0,5.8799996,0,6.2999997,6.2999997
grid,32,-40,308.65982,0.64031243,0,5.8799996,0,6.2999997,6.2999997
grid,32,-39,309.36932,0.6305999,0,5.8799996,0,6.2999997,6.2999997
grid,32,-38,310.10092,0.6209871,0,5.8799996,0,6.2999997,6.2999997
grid,32,-37,310.85538,0.61147875,0,5.8799996,0,6.2999997,6.2999997
grid,32,-36,311.63354,0.60207975,0,5.8799996,0,6.2999997,6.2999997
grid,32,-35,312.43625,0.5927953,0,5.8799996,0,6.2999997,6.2999997
grid,32,-34,313.2643,0.5836309,0,5.8799996,0,6.2999997,6.2999997
grid,32,-33,314.1186,0.57459223,0,5.8799996,0,6.2999997,6.2999997
grid,32,-32,315.00003,0.56568545,0,5.8799996,0,6.2999997,6.2999997
grid,32,-31,315.9094,0.5569167,0,5.8799996,0,6.2999997,6.2999997
grid,32,-30,316.84763,0.5482928,0,5.8799996,0,6.2999997,6.2999997
grid,32,-29,317.81555,0.5398206,0,5.8799996,0,6.2999997,6.2999997
grid,32,-28,318.8141,0.5315073,0,5.8799996,0,6.2999997,6.2999997
grid,32,-27,319.84402,0.52336055,0,5.8799996,0,6.2999997,6.2999997
grid,32,-26,320.90616,0.5153882,0,5.8799996,0,6.2999997,6.2999997
grid,32,-25,322.00128,0.5075985,0,5.8799996,0,6.2999997,6.2999997
grid,32,-24,323.1301,0.5,0,5.8799996,0,6.2999997,6.2999997
grid,32,-23,324.2933,0.4926015,0,5.8799996,0,6.2999997,6.2999997
grid,32,0,0,0.4,0,5.8799996,0,6.2999997,6.2999997
grid,32,23,35.70669,0.4926015,0,5.8799996,0,6.2999997,6.2999997
grid,32,24,36.869896,0.5,0,5.8799996,0,6.2999997,6.2999997
grid,32,25,37.998734,0.5075985,0,5.8799996,0,6.2999997,6.2999997
grid,32,26,39.093857,0.5153882,0,5.8799996,0,6.2999997,6.2999997
grid,32,27,40.156002,0.52336055,0,5.8799996,0,6.2999997,6.2999997
grid,32,28,41.185925,0.5315073,0,5.8799996,0,6.2999997,6.2999997
grid,32,29,42.184444,0.5398206,0,5.8799996,0,6.2999997,6.2999997
grid,32,30,43.15239,0.5482928,0,5.8799996,0,6.2999997,6.2999997
grid,32,31,44.09062,0.5569167,0,5.8799996,0,6.2999997,6.2999997
grid,32,32,45,0.56568545,0,5.8799996,0,6.2999997,6.2999997
grid,32,33,45.881405,0.57459223,0,5.8799996,0,6.2999997,6.2999997
grid,32,34,46.735706,0.5836309,0,5.8799996,0,6.2999997,6.2999997
grid,32,35,47.56377,0.5927953,0,5.8799996,0,6.2999997,6.2999997
grid,32,36,48.366463,0.60207975,0,5.8799996,0,6.2999997,6.2999997
grid,32,37,49.144627,0.61147875,0,5.8799996,0,6.2999997,6.2999997
grid,32,38,49.89909,0.6209871,0,5.8799996,0,6.2999997,6.2999997
grid,32,39,50.630684,0.6305999,0,5.8799996,0,6.2999997,6.2999997
grid,32,40,51.340195,0.64031243,0,5.8799996,0,6.2999997,6.2999997
grid,32,41,52.028397,0.6501202,0,5.8799996,0,6.2999997,6.2999997
grid,32,42,52.696053,0.6600189,0,5.8799996,0,6.2999997,6.2999997
grid,32,43,53.34389,0.6700047,0,5.8799996,0,6.2999997,6.2999997
grid,32,44,53.972626,0.68007356,0,5.8799996,0,6.2999997,6.2999997
grid,32,45,54.582947,0.6902219,0,5.8799996,0,6.2999997,6.2999997
grid,32,46,55.17551,0.7004463,0,5.8799996,0,6.2999997,6.2999997
grid,32,47,55.750965,0.7107434,0,5.8799996,0,6.2999997,6.2999997
grid,32,48,56.309933,0.7211103,0,5.8799996,0,6.2999997,6.2999997
grid,32,49,56.853004,0.7315437,0,5.8799996,0,6.2999997,6.2999997
grid,32,50,57.380756,0.7420411,0,5.8799996,0,6.2999997,6.2999997
grid,32,51,57.89374,0.75259966,0,5.8799996,0,6.2999997,6.2999997
grid,32,52,58.392498,0.76321685,0,5.8799996,0,6.2999997,6.2999997
grid,32,53,58.87753,0.7738904,0,5.8799996,0,6.2999997,6.2999997
grid,32,54,59.34933,0.7846178,0,5.8799996,0,6.2999997,6.2999997
grid,32,55,59.808376,0.7953969,0,5.8799996,0,6.2999997,6.2999997
grid,32,56,60.255116,0.8062258,0,5.8799996,0,6.2999997,6.2999997
grid,32,57,60.689995,0.8171024,0,5.8799996,0,6.2999997,6.2999997
grid,32,58,61.11342,0.8280248,0,5.8799996,0,6.2999997,6.2999997
grid,32,59,61.5258,0.8389912,0,5.8799996,0,6.2999997,6.2999997
grid,32,60,61.927517,0.85,0,5.8799996,0,6.2999997,6.2999997
grid,32,61,62.31894,0.86104953,0,5.8799996,0,6.2999997,6.2999997
grid,32,62,62.700428,0.8721382,0,5.8799996,0,6.2999997,6.2999997
grid,32,63,63.072323,0.8832646,0,5.8799996,0,6.2999997,6.2999997
grid,32,64,63.43495,0.89442724,0,5.8799996,0,6.2999997,6.2999997
grid,32,65,63.78862,0.9056248,0,5.8799996,0,6.2999997,6.2999997
grid,32,66,64.133644,0.91685605,0,5.8799996,0,6.2999997,6.2999997
grid,32,67,64.4703,0.9281197,0,5.8799996,0,6.2999997,6.2999997
grid,32,68,64.79888,0.93941474,0,5.8799996,0,6.2999997,6.2999997
grid,32,69,65.11963,0.95073986,0,5.8799996,0,6.2999997,6.2999997
grid,32,70,65.43283,0.96209407,0,5.8799996,0,6.2999997,6.2999997
grid,32,71,65.73871,0.9734764,0,5.8799996,0,6.2999997,6.2999997
grid,32,72,66.03751,0.98488575,0,5.8799996,0,6.2999997,6.2999997
grid,32,73,66.32946,0.9963214,0,5.8799996,0,6.2999997,6.2999997
grid,33,-72,294.62357,0.9900284,0,5.8799996,0,6.2999997,6.2999997
grid,33,-71,294.9285,0.97867894,0,5.8799996,0,6.2999997,6.2999997
grid,33,-70,295.24057,0.9673579,0,5.8799996,0,6.2999997,6.2999997
grid,33,-69,295.56,0.95606613,0,5.8799996,0,6.2999997,6.2999997
grid,33,-68,295.88702,0.9448049,0,5.8799996,0,6.2999997,6.2999997
grid,33,-67,296.222,0.9335751,0,5.8799996,0,6.2999997,6.2999997
grid,33,-66,296.56506,0.922378,0,5.8799996,0,6.2999997,6.2999997
grid,33,-65,296.91656,0.9112148,0,5.8799996,0,6.2999997,6.2999997
grid,33,-64,297.27676,0.9000868,0,5.8799996,0,6.2999997,6.2999997
grid,33,-63,297.646,0.88899523,0,5.8799996,0,6.2999997,6.2999997
grid,33,-62,298.0245,0.8779415,0,5.8799996,0,6.2999997,6.2999997
grid,33,-61,298.41266,0.866927,0,5.8799996,0,6.2999997,6.2999997
grid,33,-60,298.81082,0.8559534,0,5.8799996,0,6.2999997,6.2999997
grid,33,-59,299.21924,0.8450222,0,5.8799996,0,6.2999997,6.2999997
grid,33,-58,299.63837,0.83413506,0,5.8799996,0,6.2999997,6.2999997
grid,33,-57,300.0686,0.8232937,0,5.8799996,0,6.2999997,6.2999997
grid,33,-56,300.51025,0.8125,0,5.8799996,0,6.2999997,6.2999997
grid,33,-55,300.96378,0.8017559,0,5.8799996,0,6.2999997,6.2999997
grid,33,-54,301.4296,0.79106337,0,5.8799996,0,6.2999997,6.2999997
grid,33,-53,301.90814,0.7804246,0,5.8799996,0,6.2999997,6.2999997
grid,33,-52,302.39984,0.7698417,0,5.8799996,0,6.2999997,6.2999997
grid,33,-51,302.90527,0.7593171,0,5.8799996,0,6.2999997,6.2999997
grid,33,-50,303.4248,0.74885327,0,5.8799996,0,6.2999997,6.2999997
grid,33,-49,303.95908,0.7384528,0,5.8799996,0,6.2999997,6.2999997
grid,33,-48,304.5085,0.7281183,0,5.8799996,0,6.2999997,6.2999997
grid,33,-47,305.07376,0.71785265,0,5.8799996,0,6.2999997,6.2999997
grid,33,-46,305.65533,0.707659,0,5.8799996,0,6.2999997,6.2999997
grid,33,-45,306.25385,0.69754034,0,5.8799996,0,6.2999997,6.2999997
grid,33,-44,306.8699,0.6875,0,5.8799996,0,6.2999997,6.2999997
grid,33,-43,307.50415,0.6775415,0,5.8799996,0,6.2999997,6.2999997
grid,33,-42,308.15723,0.66766846,0,5.8799996,0,6.2999997,6.2999997
grid,33,-41,308.82983,0.65788484,0,5.8799996,0,6.2999997,6.2999997
grid,33,-40,309.52264,0.6481946,0,5.8799996,0,6.2999997,6.2999997
grid,33,-39,310.2364,0.638602,0,5.8799996,0,6.2999997,6.2999997
grid,33,-38,310.97174,0.62911147,0,5.8799996,0,6.2999997,6.2999997
grid,33,-37,311.72952,0.6197278,0,5.8799996,0,6.2999997,6.2999997
grid,33,-36,312.51044,0.61045575,0,5.8799996,0,6.2999997,6.2999997
grid,33,-35,313.3153,0.60130066,0,5.8799996,0,6.2999997,6.2999997
grid,33,-34,314.1449,0.5922679,0,5.8799996,0,6.2999997,6.2999997
grid,33,-33,315.00003,0.58336306,0,5.8799996,0,6.2999997,6.2999997
grid,33,-32,315.8814,0.57459223,0,5.8799996,0,6.2999997,6.2999997
grid,33,-31,316.78992,0.5659616,0,5.8799996,0,6.2999997,6.2999997
grid,33,-30,317.72635,0.5574776,0,5.8799996,0,6.2999997,6.2999997
grid,33,-29,318.69138,0.54914707,0,5.8799996,0,6.2999997,6.2999997
grid,33,-28,319.6859,0.5409771,0,5.8799996,0,6.2999997,6.2999997
grid,33,-27,320.7106,0.53297514,0,5.8799996,0,6.2999997,6.2999997
grid,33,-26,321.7662,0.52514875,0,5.8799996,0,6.2999997,6.2999997
grid,33,-25,322.85333,0.517506,0,5.8799996,0,6.2999997,6.2999997
grid,33,-24,323.97266,0.5100551,0,5.8799996,0,6.2999997,6.2999997
grid,33,-23,325.1247,0.50280464,0,5.8799996,0,6.2999997,6.2999997
grid,33,0,0,0.4125,0,5.8799996,0,6.2999997,6.2999997
grid,33,23,34.875328,0.50280464,0,5.8799996,0,6.2999997,6.2999997
grid,33,24,36.027374,0.5100551,0,5.8799996,0,6.2999997,6.2999997
grid,33,25,37.146687,0.517506,0,5.8799996,0,6.2999997,6.2999997
grid,33,26,38.233826,0.52514875,0,5.8799996,0,6.2999997,6.2999997
grid,33,27,39.28941,0.53297514,0,5.8799996,0,6.2999997,6.2999997
grid,33,28,40.314102,0.5409771,0,5.8799996,0,6.2999997,6.2999997
grid,33,29,41.308617,0.54914707,0,5.8799996,0,6.2999997,6.2999997
grid,33,30,42.27369,0.5574776,0,5.8799996,0,6.2999997,6.2999997
grid,33,31,43.21009,0.5659616,0,5.8799996,0,6.2999997,6.2999997
grid,33,32,44.118595,0.57459223,0,5.8799996,0,6.2999997,6.2999997
grid,33,33,45,0.58336306,0,5.8799996,0,6.2999997,6.2999997
grid,33,34,45.8551,0.5922679,0,5.8799996,0,6.2999997,6.2999997
grid,33,35,46.684685,0.60130066,0,5.8799996,0,6.2999997,6.2999997
grid,33,36,47.489555,0.61045575,0,5.8799996,0,6.2999997,6.2999997
grid,33,37,48.27049,0.6197278,0,5.8799996,0,6.2999997,6.2999997
grid,33,38,49.028263,0.62911147,0,5.8799996,0,6.2999997,6.2999997
grid,33,39,49.76364,0.638602,0,5.8799996,0,6.2999997,6.2999997
grid,33,40,50.47737,0.6481946,0,5.8799996,0,6.2999997,6.2999997
grid,33,41,51.170177,0.65788484,0,5.8799996,0,6.2999997,6.2999997
grid,33,42,51.842773,0.66766846,0,5.8799996,0,6.2999997,6.2999997
grid,33,43,52.49586,0.6775415,0,5.8799996,0,6.2999997,6.2999997
grid,33,44,53.130104,0.6875,0,5.8799996,0,6.2999997,6.2999997
grid,33,45,53.746162,0.69754034,0,5.8799996,0,6.2999997,6.2999997
grid,33,46,54.34467,0.707659,0,5.8799996,0,6.2999997,6.2999997
grid,33,47,54.926243,0.71785265,0,5.8799996,0,6.2999997,6.2999997
grid,33,48,55.491478,0.7281183,0,5.8799996,0,6.2999997,6.2999997
grid,33,49,56.04094,0.7384528,0,5.8799996,0,6.2999997,6.2999997
grid,33,50,56.575188,0.74885327,0,5.8799996,0,6.2999997,6.2999997
grid,33,51,57.094757,0.7593171,0,5.8799996,0,6.2999997,6.2999997
grid,33,52,57.600163,0.7698417,0,5.8799996,0,6.2999997,6.2999997
grid,33,53,58.091892,0.7804246,0,5.8799996,0,6.2999997,6.2999997
grid,33,54,58.57044,0.79106337,0,5.8799996,0,6.2999997,6.2999997
grid,33,55,59.036243,0.8017559,0,5.8799996,0,6.2999997,6.2999997
grid,33,56,59.489765,0.8125,0,5.8799996,0,6.2999997,6.2999997
grid,33,57,59.93142,0.8232937,0,5.8799996,0,6.2999997,6.2999997
grid,33,58,60.361618,0.83413506,0,5.8799996,0,6.2999997,6.2999997
grid,33,59,60.780754,0.8450222,0,5.8799996,0,6.2999997,6.2999997
grid,33,60,61.189205,0.8559534,0,5.8799996,0,6.2999997,6.2999997
grid,33,61,61.587337,0.866927,0,5.8799996,0,6.2999997,6.2999997
grid,33,62,61.9755,0.8779415,0,5.8799996,0,6.2999997,6.2999997
grid,33,63,62.354027,0.88899523,0,5.8799996,0,6.2999997,6.2999997
grid,33,64,62.72324,0.9000868,0,5.8799996,0,6.2999997,6.2999997
grid,33,65,63.083443,0.9112148,0,5.8799996,0,6.2999997,6.2999997
grid,33,66,63.43495,0.922378,0,5.8799996,0,6.2999997,6.2999997
grid,33,67,63.778034,0.9335751,0,5.8799996,0,6.2999997,6.2999997
grid,33,68,64.112976,0.9448049,0,5.8799996,0,6.2999997,6.2999997
grid,33,69,64.44003,0.95606613,0,5.8799996,0,6.2999997,6.2999997
grid,33,70,64.75947,0.9673579,0,5.8799996,0,6.2999997,6.2999997
grid,33,71,65.071526,0.97867894,0,5.8799996,0,6.2999997,6.2999997
grid,33,72,65.376434,0.9900284,0,5.8799996,0,6.2999997,6.2999997
grid,34,-72,295.27774,0.9953014,0,5.8799996,0,6.2999997,6.2999997
grid,34,-71,295.5885,0.98401284,0,5.8799996,0,6.2999997,6.2999997
grid,34,-70,295.90652,0.9727538,0,5.8799996,0,6.2999997,6.2999997
grid,34,-69,296.23193,0.9615255,0,5.8799996,0,6.2999997,6.2999997
grid,34,-68,296.56506,0.9503289,0,5.8799996,0,6.2999997,6.2999997
grid,34,-67,296.90613,0.9391652,0,5.8799996,0,6.2999997,6.2999997
grid,34,-66,297.25534,0.92803556,0,5.8799996,0,6.2999997,6.2999997
grid,34,-65,297.61304,0.9169413,0,5.8799996,0,6.2999997,6.2999997
grid,34,-64,297.9795,0.9058836,0,5.8799996,0,6.2999997,6.2999997
grid,34,-63,298.35495,0.89486384,0,5.8799996,0,6.2999997,6.2999997
grid,34,-62,298.7398,0.8838835,0,5.8799996,0,6.2999997,6.2999997
grid,34,-61,299.1343,0.872944,0,5.8799996,0,6.2999997,6.2999997
grid,34,-60,299.5388,0.862047,0,5.8799996,0,6.2999997,6.2999997
grid,34,-59,299.9536,0.851194,0,5.8799996,0,6.2999997,6.2999997
grid,34,-58,300.37915,0.84038687,0,5.8799996,0,6.2999997,6.2999997
grid,34,-57,300.8157,0.82962716,0,5.8799996,0,6.2999997,6.2999997
grid,34,-56,301.26373,0.818917,0,5.8799996,0,6.2999997,6.2999997
grid,34,-55,301.7236,0.8082582,0,5.8799996,0,6.2999997,6.2999997
grid,34,-54,302.19574,0.79765284,0,5.8799996,0,6.2999997,6.2999997
grid,34,-53,302.68057,0.7871031,0,5.8799996,0,6.2999997,6.2999997
grid,34,-52,303.17853,0.7766112,0,5.8799996,0,6.2999997,6.2999997
grid,34,-51,303.69006,0.7661796,0,5.8799996,0,6.2999997,6.2999997
grid,34,-50,304.21573,0.75581086,0,5.8799996,0,6.2999997,6.2999997
grid,34,-49,304.75595,0.74550736,0,5.8799996,0,6.2999997,6.2999997
grid,34,-48,305.31125,0.7352721,0,5.8799996,0,6.2999997,6.2999997
grid,34,-47,305.88217,0.7251077,0,5.8799996,0,6.2999997,6.2999997
grid,34,-46,306.46924,0.7150175,0,5.8799996,0,6.2999997,6.2999997
grid,34,-45,307.0731,0.70500445,0,5.8799996,0,6.2999997,6.2999997
grid,34,-44,307.69427,0.69507194,0,5.8799996,0,6.2999997,6.2999997
grid,34,-43,308.33334,0.6852235,0,5.8799996,0,6.2999997,6.2999997
grid,34,-42,308.99103,0.6754628,0,5.8799996,0,6.2999997,6.2999997
grid,34,-41,309.66785,0.66579366,0,5.8799996,0,6.2999997,6.2999997
grid,34,-40,310.36456,0.65622026,0,5.8799996,0,6.2999997,6.2999997
grid,34,-39,311.08176,0.6467467,0,5.8799996,0,6.2999997,6.2999997
grid,34,-38,311.8202,0.63737744,0,5.8799996,0,6.2999997,6.2999997
grid,34,-37,312.5805,0.6281172,0,5.8799996,0,6.2999997,6.2999997
grid,34,-36,313.36343,0.61897093,0,5.8799996,0,6.2999997,6.2999997
grid,34,-35,314.16968,0.6099437,0,5.8799996,0,6.2999997,6.2999997
grid,34,-34,315.00003,0.6010408,0,5.8799996,0,6.2999997,6.2999997
grid,34,-33,315.8551,0.5922679,0,5.8799996,0,6.2999997,6.2999997
grid,34,-32,316.73572,0.5836309,0,5.8799996,0,6.2999997,6.2999997
grid,34,-31,317.64258,0.5751358,0,5.8799996,0,6.2999997,6.2999997
grid,34,-30,318.57635,0.5667892,0,5.8799996,0,6.2999997,6.2999997
grid,34,-29,319.53778,0.55859756,0,5.8799996,0,6.2999997,6.2999997
grid,34,-28,320.52756,0.55056787,0,5.8799996,0,6.2999997,6.2999997
grid,34,-27,321.5463,0.5427073,0,5.8799996,0,6.2999997,6.2999997
grid,34,-26,322.59464,0.53502333,0,5.8799996,0,6.2999997,6.2999997
grid,34,-25,323.6732,0.5275237,0,5.8799996,0,6.2999997,6.2999997
grid,34,-24,324.7824,0.5202163,0,5.8799996,0,6.2999997,6.2999997
grid,34,-23,325.92282,0.5131094,0,5.8799996,0,6.2999997,6.2999997
grid,34,0,0,0.425,0,5.8799996,0,6.2999997,6.2999997
grid,34,23,34.077194,0.5131094,0,5.8799996,0,6.2999997,6.2999997
grid,34,24,35.217594,0.5202163,0,5.8799996,0,6.2999997,6.2999997
grid,34,25,36.326824,0.5275237,0,5.8799996,0,6.2999997,6.2999997
grid,34,26,37.405354,0.53502333,0,5.8799996,0,6.2999997,6.2999997
grid,34,27,38.45371,0.5427073,0,5.8799996,0,6.2999997,6.2999997
grid,34,28,39.472458,0.55056787,0,5.8799996,0,6.2999997,6.2999997
grid,34,29,40.46223,0.55859756,0,5.8799996,0,6.2999997,6.2999997
grid,34,30,41.423664,0.5667892,0,5.8799996,0,6.2999997,6.2999997
grid,34,31,42.357452,0.5751358,0,5.8799996,0,6.2999997,6.2999997
grid,34,32,43.264297,0.5836309,0,5.8799996,0,6.2999997,6.2999997
grid,34,33,44.1449,0.5922679,0,5.8799996,0,6.2999997,6.2999997
grid,34,34,45,0.6010408,0,5.8799996,0,6.2999997,6.2999997
grid,34,35,45.83032,0.6099437,0,5.8799996,0,6.2999997,6.2999997
grid,34,36,46.636578,0.61897093,0,5.8799996,0,6.2999997,6.2999997
grid,34,37,47.419506,0.6281172,0,5.8799996,0,6.2999997,6.2999997
grid,34,38,48.17983,0.63737744,0,5.8799996,0,6.2999997,6.2999997
grid,34,39,48.918247,0.6467467,0,5.8799996,0,6.2999997,6.2999997
grid,34,40,49.635464,0.65622026,0,5.8799996,0,6.2999997,6.2999997
grid,34,41,50.33216,0.66579366,0,5.8799996,0,6.2999997,6.2999997
grid,34,42,51.009003,0.6754628,0,5.8799996,0,6.2999997,6.2999997
grid,34,43,51.66666,0.6852235,0,5.8799996,0,6.2999997,6.2999997
grid,34,44,52.30576,0.69507194,0,5.8799996,0,6.2999997,6.2999997
grid,34,45,52.926926,0.70500445,0,5.8799996,0,6.2999997,6.2999997
grid,34,46,53.530766,0.7150175,0,5.8799996,0,6.2999997,6.2999997
grid,34,47,54.11786,0.7251077,0,5.8799996,0,6.2999997,6.2999997
grid,34,48,54.68879,0.7352721,0,5.8799996,0,6.2999997,6.2999997
grid,34,49,55.244087,0.74550736,0,5.8799996,0,6.2999997,6.2999997
grid,34,50,55.784298,0.75581086,0,5.8799996,0,6.2999997,6.2999997
grid,34,51,56.309933,0.7661796,0,5.8799996,0,6.2999997,6.2999997
grid,34,52,56.821487,0.7766112,0,5.8799996,0,6.2999997,6.2999997
grid,34,53,57.319447,0.7871031,0,5.8799996,0,6.2999997,6.2999997
grid,34,54,57.804268,0.79765284,0,5.8799996,0,6.2999997,6.2999997
grid,34,55,58.276398,0.8082582,0,5.8799996,0,6.2999997,6.2999997
grid,34,56,58.736267,0.818917,0,5.8799996,0,6.2999997,6.2999997
grid,34,57,59.18429,0.82962716,0,5.8799996,0,6.2999997,6.2999997
grid,34,58,59.620872,0.84038687,0,5.8799996,0,6.2999997,6.2999997
grid,34,59,60.046394,0.851194,0,5.8799996,0,6.2999997,6.2999997
grid,34,60,60.461216,0.862047,0,5.8799996,0,6.2999997,6.2999997
grid,34,61,60.865707,0.872944,0,5.8799996,0,6.2999997,6.2999997
grid,34,62,61.26021,0.8838835,0,5.8799996,0,6.2999997,6.2999997
grid,34,63,61.64504,0.89486384,0,5.8799996,0,6.2999997,6.2999997
grid,34,64,62.02053,0.9058836,0,5.8799996,0,6.2999997,6.2999997
grid,34,65,62.38697,0.9169413,0,5.8799996,0,6.2999997,6.2999997
grid,34,66,62.744675,0.92803556,0,5.8799996,0,6.2999997,6.2999997
grid,34,67,63.093906,0.9391652,0,5.8799996,0,6.2999997,6.2999997
grid,34,68,63.43495,0.9503289,0,5.8799996,0,6.2999997,6.2999997
grid,34,69,63.768063,0.9615255,0,5.8799996,0,6.2999997,6.2999997
grid,34,70,64.09349,0.9727538,0,5.8799996,0,6.2999997,6.2999997
grid,34,71,64.41148,0.98401284,0,5.8799996,0,6.2999997,6.2999997
grid,34,72,64.72228,0.9953014,0,5.8799996,0,6.2999997,6.2999997
grid,35,-71,296.24136,0.98947585,0,5.8799996,0,6.2999997,6.2999997
grid,35,-70,296.56506,0.97827977,0,5.8799996,0,6.2999997,6.2999997
grid,35,-69,296.89624,0.9671156,0,5.8799996,0,6.2999997,6.2999997
grid,35,-68,297.23517,0.9559845,0,5.8799996,0,6.2999997,6.2999997
grid,35,-67,297.58206,0.9448875,0,5.8799996,0,6.2999997,6.2999997
grid,35,-66,297.93716,0.9338261,0,5.8799996,0,6.2999997,6.2999997
grid,35,-65,298.30075,0.92280143,0,5.8799996,0,6.2999997,6.2999997
grid,35,-64,298.67316,0.9118148,0,5.8799996,0,6.2999997,6.2999997
grid,35,-63,299.05463,0.90086764,0,5.8799996,0,6.2999997,6.2999997
grid,35,-62,299.44543,0.88996136,0,5.8799996,0,6.2999997,6.2999997
grid,35,-61,299.84595,0.8790975,0,5.8799996,0,6.2999997,6.2999997
grid,35,-60,300.25647,0.8682777,0,5.8799996,0,6.2999997,6.2999997
grid,35,-59,300.67728,0.85750365,0,5.8799996,0,6.2999997,6.2999997
grid,35,-58,301.10883,0.846777,0,5.8799996,0,6.2999997,6.2999997
grid,35,-57,301.55142,0.83609957,0,5.8799996,0,6.2999997,6.2999997
grid,35,-56,302.0054,0.82547337,0,5.8799996,0,6.2999997,6.2999997
grid,35,-55,302.47122,0.8149003,0,5.8799996,0,6.2999997,6.2999997
grid,35,-54,302.94922,0.80438256,0,5.8799996,0,6.2999997,6.2999997
grid,35,-53,303.43988,0.79392225,0,5.8799996,0,6.2999997,6.2999997
grid,35,-52,303.9436,0.78352165,0,5.8799996,0,6.2999997,6.2999997
grid,35,-51,304.46082,0.77318335,0,5.8799996,0,6.2999997,6.2999997
grid,35,-50,304.99203,0.7629097,0,5.8799996,0,6.2999997,6.2999997
grid,35,-49,305.5377,0.7527035,0,5.8799996,0,6.2999997,6.2999997
grid,35,-48,306.0983,0.74256736,0,5.8799996,0,6.2999997,6.2999997
grid,35,-47,306.67435,0.73250425,0,5.8799996,0,6.2999997,6.2999997
grid,35,-46,307.26642,0.7225173,0,5.8799996,0,6.2999997,6.2999997
grid,35,-45,307.875,0.71260965,0,5.8799996,0,6.2999997,6.2999997
grid,35,-44,308.50067,0.70278466,0,5.8799996,0,6.2999997,6.2999997
grid,35,-43,309.14398,0.69304585,0,5.8799996,0,6.2999997,6.2999997
grid,35,-42,309.80557,0.6833968,0,5.8799996,0,6.2999997,6.2999997
grid,35,-41,310.48602,0.6738416,0,5.8799996,0,6.2999997,6.2999997
grid,35,-40,311.18594,0.6643841,0,5.8799996,0,6.2999997,6.2999997
grid,35,-39,311.90594,0.65502864,0,5.8799996,0,6.2999997,6.2999997
grid,35,-38,312.64673,0.64577955,0,5.8799996,0,6.2999997,6.2999997
grid,35,-37,313.40887,0.63664156,0,5.8799996,0,6.2999997,6.2999997
grid,35,-36,314.19308,0.6276195,0,5.8799996,0,6.2999997,6.2999997
grid,35,-35,315.00003,0.61871845,0,5.8799996,0,6.2999997,6.2999997
grid,35,-34,315.83032,0.6099437,0,5.8799996,0,6.2999997,6.2999997
grid,35,-33,316.6847,0.60130066,0,5.8799996,0,6.2999997,6.2999997
grid,35,-32,317.56378,0.5927953,0,5.8799996,0,6.2999997,6.2999997
grid,35,-31,318.46826,0.5844335,0,5.8799996,0,6.2999997,6.2999997
grid,35,-30,319.3987,0.5762215,0,5.8799996,0,6.2999997,6.2999997
grid,35,-29,320.35583,0.5681659,0,5.8799996,0,6.2999997,6.2999997
grid,35,-28,321.3402,0.56027335,0,5.8799996,0,6.2999997,6.2999997
grid,35,-27,322.3524,0.5525509,0,5.8799996,0,6.2999997,6.2999997
grid,35,-26,323.39294,0.54500574,0,5.8799996,0,6.2999997,6.2999997
grid,35,-25,324.46234,0.53764534,0,5.8799996,0,6.2999997,6.2999997
grid,35,-24,325.56104,0.5304774,0,5.8799996,0,6.2999997,6.2999997
grid,35,-23,326.68936,0.5235098,0,5.8799996,0,6.2999997,6.2999997
grid,35,0,0,0.4375,0,5.8799996,0,6.2999997,6.2999997
grid,35,23,33.310627,0.5235098,0,5.8799996,0,6.2999997,6.2999997
grid,35,24,34.438988,0.5304774,0,5.8799996,0,6.2999997,6.2999997
grid,35,25,35.537678,0.53764534,0,5.8799996,0,6.2999997,6.2999997
grid,35,26,36.60707,0.54500574,0,5.8799996,0,6.2999997,6.2999997
grid,35,27,37.64762,0.5525509,0,5.8799996,0,6.2999997,6.2999997
grid,35,28,38.65981,0.56027335,0,5.8799996,0,6.2999997,6.2999997
grid,35,29,39.644176,0.5681659,0,5.8799996,0,6.2999997,6.2999997
grid,35,30,40.601295,0.5762215,0,5.8799996,0,6.2999997,6.2999997
grid,35,31,41.53177,0.5844335,0,5.8799996,0,6.2999997,6.2999997
grid,35,32,42.43623,0.5927953,0,5.8799996,0,6.2999997,6.2999997
grid,35,33,43.315315,0.60130066,0,5.8799996,0,6.2999997,6.2999997
grid,35,34,44.169685,0.6099437,0,5.8799996,0,6.2999997,6.2999997
grid,35,35,45,0.61871845,0,5.8799996,0,6.2999997,6.2999997
grid,35,36,45.806927,0.6276195,0,5.8799996,0,6.2999997,6.2999997
grid,35,37,46.59114,0.63664156,0,5.8799996,0,6.2999997,6.2999997
grid,35,38,47.353294,0.64577955,0,5.8799996,0,6.2999997,6.2999997
grid,35,39,48.094055,0.65502864,0,5.8799996,0,6.2999997,6.2999997
grid,35,40,48.814075,0.6643841,0,5.8799996,0,6.2999997,6.2999997
grid,35,41,49.51399,0.6738416,0,5.8799996,0,6.2999997,6.2999997
grid,35,42,50.194427,0.6833968,0,5.8799996,0,6.2999997,6.2999997
grid,35,43,50.856018,0.69304585,0,5.8799996,0,6.2999997,6.2999997
grid,35,44,51.499348,0.70278466,0,5.8799996,0,6.2999997,6.2999997
grid,35,45,52.125015,0.71260965,0,5.8799996,0,6.2999997,6.2999997
grid,35,46,52.733597,0.7225173,0,5.8799996,0,6.2999997,6.2999997
grid,35,47,53.32565,0.73250425,0,5.8799996,0,6.2999997,6.2999997
grid,35,48,53.901714,0.74256736,0,5.8799996,0,6.2999997,6.2999997
grid,35,49,54.462322,0.7527035,0,5.8799996,0,6.2999997,6.2999997
grid,35,50,55.00798,0.7629097,0,5.8799996,0,6.2999997,6.2999997
grid,35,51,55.539185,0.77318335,0,5.8799996,0,6.2999997,6.2999997
grid,35,52,56.05641,0.78352165,0,5.8799996,0,6.2999997,6.2999997
grid,35,53,56.560135,0.79392225,0,5.8799996,0,6.2999997,6.2999997
grid,35,54,57.050785,0.80438256,0,5.8799996,0,6.2999997,6.2999997
grid,35,55,57.528805,0.8149003,0,5.8799996,0,6.2999997,6.2999997
grid,35,56,57.994617,0.82547337,0,5.8799996,0,6.2999997,6.2999997
grid,35,57,58.448612,0.83609957,0,5.8799996,0,6.2999997,6.2999997
grid,35,58,58.89119,0.846777,0,5.8799996,0,6.2999997,6.2999997
grid,35,59,59.32272,0.85750365,0,5.8799996,0,6.2999997,6.2999997
grid,35,60,59.743565,0.8682777,0,5.8799996,0,6.2999997,6.2999997
grid,35,61,60.15407,0.8790975,0,5.8799996,0,6.2999997,6.2999997
grid,35,62,60.554573,0.88996136,0,5.8799996,0,6.2999997,6.2999997
grid,35,63,60.945396,0.90086764,0,5.8799996,0,6.2999997,6.2999997
grid,35,64,61.326855,0.9118148,0,5.8799996,0,6.2999997,6.2999997
grid,35,65,61.699245,0.92280143,0,5.8799996,0,6.2999997,6.2999997
grid,35,66,62.062855,0.9338261,0,5.8799996,0,6.2999997,6.2999997
grid,35,67,62.417973,0.9448875,0,5.8799996,0,6.2999997,6.2999997
grid,35,68,62.764854,0.9559845,0,5.8799996,0,6.2999997,6.2999997
grid,35,69,63.103764,0.9671156,0,5.8799996,0,6.2999997,6.2999997
grid,35,70,63.43495,0.97827977,0,5.8799996,0,6.2999997,6.2999997
grid,35,71,63.758648,0.98947585,0,5.8799996,0,6.2999997,6.2999997
grid,36,-71,296.88696,0.9950659,0,5.8799996,0,6.2999997,6.2999997
grid,36,-70,297.21613,0.98393345,0,5.8799996,0,6.2999997,6.2999997
grid,36,-69,297.55283,0.9728341,0,5.8799996,0,6.2999997,6.2999997
grid,36,-68,297.89728,0.9617692,0,5.8799996,0,6.2999997,6.2999997
grid,36,-67,298.24976,0.9507398,0,5.8799996,0,6.2999997,6.2999997
grid,36,-66,298.61047,0.9397473,0,5.8799996,0,6.2999997,6.2999997
grid,36,-65,298.97974,0.9287929,0,5.8799996,0,6.2999997,6.2999997
grid,36,-64,299.35776,0.91787803,0,5.8799996,0,6.2999997,6.2999997
grid,36,-63,299.74487,0.907004,0,5.8799996,0,6.2999997,6.2999997
grid,36,-62,300.14142,0.8961724,0,5.8799996,0,6.2999997,6.2999997
grid,36,-61,300.54758,0.8853848,0,5.8799996,0,6.2999997,6.2999997
grid,36,-60,300.96378,0.8746428,0,5.8799996,0,6.2999997,6.2999997
grid,36,-59,301.3903,0.86394805,0,5.8799996,0,6.2999997,6.2999997
grid,36,-58,301.82745,0.8533024,0,5.8799996,0,6.2999997,6.2999997
grid,36,-57,302.27567,0.84270763,0,5.8799996,0,6.2999997,6.2999997
grid,36,-56,302.73523,0.83216584,0,5.8799996,0,6.2999997,6.2999997
grid,36,-55,303.20657,0.82167894,0,5.8799996,0,6.2999997,6.2999997
grid,36,-54,303.69006,0.8112491,0,5.8799996,0,6.2999997,6.2999997
grid,36,-53,304.18613,0.80087847,0,5.8799996,0,6.2999997,6.2999997
grid,36,-52,304.6952,0.79056937,0,5.8799996,0,6.2999997,6.2999997
grid,36,-51,305.21762,0.7803244,0,5.8799996,0,6.2999997,6.2999997
grid,36,-50,305.7539,0.7701461,0,5.8799996,0,6.2999997,6.2999997
grid,36,-49,306.3045,0.760037,0,5.8799996,0,6.2999997,6.2999997
grid,36,-48,306.8699,0.75,0,5.8799996,0,6.2999997,6.2999997
grid,36,-47,307.4506,0.740038,0,5.8799996,0,6.2999997,6.2999997
grid,36,-46,308.04706,0.7301541,0,5.8799996,0,6.2999997,6.2999997
grid,36,-45,308.65982,0.72035146,0,5.8799996,0,6.2999997,6.2999997
grid,36,-44,309.2894,0.7106335,0,5.8799996,0,6.2999997,6.2999997
grid,36,-43,309.9364,0.70100373,0,5.8799996,0,6.2999997,6.2999997
grid,36,-42,310.6013,0.6914658,0,5.8799996,0,6.2999997,6.2999997
grid,36,-41,311.28473,0.68202364,0,5.8799996,0,6.2999997,6.2999997
grid,36,-40,311.9872,0.6726812,0,5.8799996,0,6.2999997,6.2999997
grid,36,-39,312.70938,0.66344273,0,5.8799996,0,6.2999997,6.2999997
grid,36,-38,313.45187,0.6543126,0,5.8799996,0,6.2999997,6.2999997
grid,36,-37,314.21518,0.64529544,0,5.8799996,0,6.2999997,6.2999997
grid,36,-36,315.00003,0.6363961,0,5.8799996,0,6.2999997,6.2999997
grid,36,-35,315.80695,0.6276195,0,5.8799996,0,6.2999997,6.2999997
grid,36,-34,316.6366,0.61897093,0,5.8799996,0,6.2999997,6.2999997
grid,36,-33,317.48956,0.61045575,0,5.8799996,0,6.2999997,6.2999997
grid,36,-32,318.3665,0.60207975,0,5.8799996,0,6.2999997,6.2999997
grid,36,-31,319.2679,0.59384865,0,5.8799996,0,6.2999997,6.2999997
grid,36,-30,320.19443,0.5857687,0,5.8799996,0,6.2999997,6.2999997
grid,36,-29,321.14664,0.5778462,0,5.8799996,0,6.2999997,6.2999997
grid,36,-28,322.12503,0.57008773,0,5.8799996,0,6.2999997,6.2999997
grid,36,-27,323.1301,0.5625,0,5.8799996,0,6.2999997,6.2999997
grid,36,-26,324.16235,0.55509007,0,5.8799996,0,6.2999997,6.2999997
grid,36,-25,325.2222,0.54786515,0,5.8799996,0,6.2999997,6.2999997
grid,36,-24,326.30994,0.5408327,0,5.8799996,0,6.2999997,6.2999997
grid,36,-23,327.42596,0.5340002,0,5.8799996,0,6.2999997,6.2999997
grid,36,0,0,0.45,0,5.8799996,0,6.2999997,6.2999997
grid,36,23,32.57406,0.5340002,0,5.8799996,0,6.2999997,6.2999997
grid,36,24,33.690067,0.5408327,0,5.8799996,0,6.2999997,6.2999997
grid,36,25,34.777836,0.54786515,0,5.8799996,0,6.2999997,6.2999997
grid,36,26,35.83765,0.55509007,0,5.8799996,0,6.2999997,6.2999997
grid,36,27,36.8699,0.5625,0,5.8799996,0,6.2999997,6.2999997
grid,36,28,37.874985,0.57008773,0,5.8799996,0,6.2999997,6.2999997
grid,36,29,38.853374,0.5778462,0,5.8799996,0,6.2999997,6.2999997
grid,36,30,39.805576,0.5857687,0,5.8799996,0,6.2999997,6.2999997
grid,36,31,40.732105,0.59384865,0,5.8799996,0,6.2999997,6.2999997
grid,36,32,41.63354,0.60207975,0,5.8799996,0,6.2999997,6.2999997
grid,36,33,42.51045,0.61045575,0,5.8799996,0,6.2999997,6.2999997
grid,36,34,43.363422,0.61897093,0,5.8799996,0,6.2999997,6.2999997
grid,36,35,44.193073,0.6276195,0,5.8799996,0,6.2999997,6.2999997
grid,36,36,45,0.6363961,0,5.8799996,0,6.2999997,6.2999997
grid,36,37,45.784824,0.64529544,0,5.8799996,0,6.2999997,6.2999997
grid,36,38,46.54816,0.6543126,0,5.8799996,0,6.2999997,6.2999997
grid,36,39,47.29061,0.66344273,0,5.8799996,0,6.2999997,6.2999997
grid,36,40,48.012787,0.6726812,0,5.8799996,0,6.2999997,6.2999997
grid,36,41,48.71529,0.68202364,0,5.8799996,0,6.2999997,6.2999997
grid,36,42,49.398705,0.6914658,0,5.8799996,0,6.2999997,6.2999997
grid,36,43,50.06362,0.70100373,0,5.8799996,0,6.2999997,6.2999997
grid,36,44,50.710598,0.7106335,0,5.8799996,0,6.2999997,6.2999997
grid,36,45,51.340195,0.72035146,0,5.8799996,0,6.2999997,6.2999997
grid,36,46,51.952957,0.7301541,0,5.8799996,0,6.2999997,6.2999997
grid,36,47,52.549423,0.740038,0,5.8799996,0,6.2999997,6.2999997
grid,36,48,53.130104,0.75,0,5.8799996,0,6.2999997,6.2999997
grid,36,49,53.695507,0.760037,0,5.8799996,0,6.2999997,6.2999997
grid,36,50,54.246113,0.7701461,0,5.8799996,0,6.2999997,6.2999997
grid,36,51,54.782406,0.7803244,0,5.8799996,0,6.2999997,6.2999997
grid,36,52,55.304848,0.79056937,0,5.8799996,0,6.2999997,6.2999997
grid,36,53,55.813877,0.80087847,0,5.8799996,0,6.2999997,6.2999997
grid,36,54,56.309933,0.8112491,0,5.8799996,0,6.2999997,6.2999997
grid,36,55,56.79343,0.82167894,0,5.8799996,0,6.2999997,6.2999997
grid,36,56,57.264774,0.83216584,0,5.8799996,0,6.2999997,6.2999997
grid,36,57,57.724354,0.84270763,0,5.8799996,0,6.2999997,6.2999997
grid,36,58,58.172558,0.8533024,0,5.8799996,0,6.2999997,6.2999997
grid,36,59,58.60973,0.86394805,0,5.8799996,0,6.2999997,6.2999997
grid,36,60,59.036243,0.8746428,0,5.8799996,0,6.2999997,6.2999997
grid,36,61,59.452427,0.8853848,0,5.8799996,0,6.2999997,6.2999997
grid,36,62,59.858616,0.8961724,0,5.8799996,0,6.2999997,6.2999997
grid,36,63,60.255123,0.907004,0,5.8799996,0,6.2999997,6.2999997
grid,36,64,60.64225,0.91787803,0,5.8799996,0,6.2999997,6.2999997
grid,36,65,61.020294,0.9287929,0,5.8799996,0,6.2999997,6.2999997
grid,36,66,61.38954,0.9397473,0,5.8799996,0,6.2999997,6.2999997
grid,36,67,61.750267,0.9507398,0,5.8799996,0,6.2999997,6.2999997
grid,36,68,62.10273,0.9617692,0,5.8799996,0,6.2999997,6.2999997
grid,36,69,62.44719,0.9728341,0,5.8799996,0,6.2999997,6.2999997
grid,36,70,62.783894,0.98393345,0,5.8799996,0,6.2999997,6.2999997
grid,36,71,63.113068,0.9950659,0,5.8799996,0,6.2999997,6.2999997
grid,37,-70,297.85965,0.9897127,0,5.8799996,0,6.2999997,6.2999997
grid,37,-69,298.20163,0.978679,0,5.8799996,0,6.2999997,6.2999997
grid,37,-68,298.5514,0.9676809,0,5.8799996,0,6.2999997,6.2999997
grid,37,-67,298.90918,0.95671964,0,5.8799996,0,6.2999997,6.2999997
grid,37,-66,299.27527,0.9457966,0,5.8799996,0,6.2999997,6.2999997
grid,37,-65,299.64987,0.9349131,0,5.8799996,0,6.2999997,6.2999997
grid,37,-64,300.0333,0.9240705,0,5.8799996,0,6.2999997,6.2999997
grid,37,-63,300.42578,0.91327024,0,5.8799996,0,6.2999997,6.2999997
grid,37,-62,300.82767,0.9025138,0,5.8799996,0,6.2999997,6.2999997
grid,37,-61,301.23923,0.89180297,0,5.8799996,0,6.2999997,6.2999997
grid,37,-60,301.66077,0.8811392,0,5.8799996,0,6.2999997,6.2999997
grid,37,-59,302.0926,0.8705243,0,5.8799996,0,6.2999997,6.2999997
grid,37,-58,302.5351,0.85996,0,5.8799996,0,6.2999997,6.2999997
grid,37,-57,302.98853,0.8494484,0,5.8799996,0,6.2999997,6.2999997
grid,37,-56,303.4533,0.8389912,0,5.8799996,0,6.2999997,6.2999997
grid,37,-55,303.9298,0.8285907,0,5.8799996,0,6.2999997,6.2999997
grid,37,-54,304.41837,0.8182489,0,5.8799996,0,6.2999997,6.2999997
grid,37,-53,304.91943,0.80796814,0,5.8799996,0,6.2999997,6.2999997
grid,37,-52,305.43332,0.7977507,0,5.8799996,0,6.2999997,6.2999997
grid,37,-51,305.96054,0.78759915,0,5.8799996,0,6.2999997,6.2999997
grid,37,-50,306.50146,0.7775161,0,5.8799996,0,6.2999997,6.2999997
grid,37,-49,307.05655,0.7675041,0,5.8799996,0,6.2999997,6.2999997
grid,37,-48,307.62625,0.75756603,0,5.8799996,0,6.2999997,6.2999997
grid,37,-47,308.21103,0.7477048,0,5.8799996,0,6.2999997,6.2999997
grid,37,-46,308.8114,0.73792356,0,5.8799996,0,6.2999997,6.2999997
grid,37,-45,309.42783,0.7282256,0,5.8799996,0,6.2999997,6.2999997
grid,37,-44,310.06082,0.71861416,0,5.8799996,0,6.2999997,6.2999997
grid,37,-43,310.71085,0.70909274,0,5.8799996,0,6.2999997,6.2999997
grid,37,-42,311.3785,0.69966507,0,5.8799996,0,6.2999997,6.2999997
grid,37,-41,312.06436,0.69033504,0,5.8799996,0,6.2999997,6.2999997
grid,37,-40,312.76886,0.6811066,0,5.8799996,0,6.2999997,6.2999997
grid,37,-39,313.49258,0.671984,0,5.8799996,0,6.2999997,6.2999997
grid,37,-38,314.2361,0.66297156,0,5.8799996,0,6.2999997,6.2999997
grid,37,-37,315.00003,0.6540738,0,5.8799996,0,6.2999997,6.2999997
grid,37,-36,315.78485,0.64529544,0,5.8799996,0,6.2999997,6.2999997
grid,37,-35,316.59116,0.63664156,0,5.8799996,0,6.2999997,6.2999997
grid,37,-34,317.41953,0.6281172,0,5.8799996,0,6.2999997,6.2999997
grid,37,-33,318.2705,0.6197278,0,5.8799996,0,6.2999997,6.2999997
grid,37,-32,319.14462,0.61147875,0,5.8799996,0,6.2999997,6.2999997
grid,37,-31,320.04245,0.6033759,0,5.8799996,0,6.2999997,6.2999997
grid,37,-30,320.9645,0.59542525,0,5.8799996,0,6.2999997,6.2999997
grid,37,-29,321.91125,0.587633,0,5.8799996,0,6.2999997,6.2999997
grid,37,-28,322.88315,0.5800054,0,5.8799996,0,6.2999997,6.2999997
grid,37,-27,323.88068,0.57254916,0,5.8799996,0,6.2999997,6.2999997
grid,37,-26,324.9042,0.56527096,0,5.8799996,0,6.2999997,6.2999997
grid,37,-25,325.95407,0.5581778,0,5.8799996,0,6.2999997,6.2999997
grid,37,-24,327.0306,0.5512769,0,5.8799996,0,6.2999997,6.2999997
grid,37,-23,328.13403,0.5445755,0,5.8799996,0,6.2999997,6.2999997
grid,37,0,0,0.4625,0,5.8799996,0,6.2999997,6.2999997
grid,37,23,31.865978,0.5445755,0,5.8799996,0,6.2999997,6.2999997
grid,37,24,32.969406,0.5512769,0,5.8799996,0,6.2999997,6.2999997
grid,37,25,34.04594,0.5581778,0,5.8799996,0,6.2999997,6.2999997
grid,37,26,35.095814,0.56527096,0,5.8799996,0,6.2999997,6.2999997
grid,37,27,36.119343,0.57254916,0,5.8799996,0,6.2999997,6.2999997
grid,37,28,37.11686,0.5800054,0,5.8799996,0,6.2999997,6.2999997
grid,37,29,38.08877,0.587633,0,5.8799996,0,6.2999997,6.2999997
grid,37,30,39.03551,0.59542525,0,5.8799996,0,6.2999997,6.2999997
grid,37,31,39.95755,0.6033759,0,5.8799996,0,6.2999997,6.2999997
grid,37,32,40.855377,0.61147875,0,5.8799996,0,6.2999997,6.2999997
grid,37,33,41.72951,0.6197278,0,5.8799996,0,6.2999997,6.2999997
grid,37,34,42.580494,0.6281172,0,5.8799996,0,6.2999997,6.2999997
grid,37,35,43.40886,0.63664156,0,5.8799996,0,6.2999997,6.2999997
grid,37,36,44.215176,0.64529544,0,5.8799996,0,6.2999997,6.2999997
grid,37,37,45,0.6540738,0,5.8799996,0,6.2999997,6.2999997
grid,37,38,45.763897,0.66297156,0,5.8799996,0,6.2999997,6.2999997
grid,37,39,46.507435,0.671984,0,5.8799996,0,6.2999997,6.2999997
grid,37,40,47.231174,0.6811066,0,5.8799996,0,6.2999997,6.2999997
grid,37,41,47.935673,0.69033504,0,5.8799996,0,6.2999997,6.2999997
grid,37,42,48.621483,0.69966507,0,5.8799996,0,6.2999997,6.2999997
grid,37,43,49.289154,0.70909274,0,5.8799996,0,6.2999997,6.2999997
grid,37,44,49.939217,0.71861416,0,5.8799996,0,6.2999997,6.2999997
grid,37,45,50.572197,0.7282256,0,5.8799996,0,6.2999997,6.2999997
grid,37,46,51.188614,0.73792356,0,5.8799996,0,6.2999997,6.2999997
grid,37,47,51.788975,0.7477048,0,5.8799996,0,6.2999997,6.2999997
grid,37,48,52.373768,0.75756603,0,5.8799996,0,6.2999997,6.2999997
grid,37,49,52.943474,0.7675041,0,5.8799996,0,6.2999997,6.2999997
grid,37,50,53.49856,0.7775161,0,5.8799996,0,6.2999997,6.2999997
grid,37,51,54.039486,0.78759915,0,5.8799996,0,6.2999997,6.2999997
grid,37,52,54.566685,0.7977507,0,5.8799996,0,6.2999997,6.2999997
grid,37,53,55.0806,0.80796814,0,5.8799996,0,6.2999997,6.2999997
grid,37,54,55.581635,0.8182489,0,5.8799996,0,6.2999997,6.2999997
grid,37,55,56.0702,0.8285907,0,5.8799996,0,6.2999997,6.2999997
grid,37,56,56.546688,0.8389912,0,5.8799996,0,6.2999997,6.2999997
grid,37,57,57.01148,0.8494484,0,5.8799996,0,6.2999997,6.2999997
grid,37,58,57.464935,0.85996,0,5.8799996,0,6.2999997,6.2999997
grid,37,59,57.90741,0.8705243,0,5.8799996,0,6.2999997,6.2999997
grid,37,60,58.33925,0.8811392,0,5.8799996,0,6.2999997,6.2999997
grid,37,61,58.760788,0.89180297,0,5.8799996,0,6.2999997,6.2999997
grid,37,62,59.17234,0.9025138,0,5.8799996,0,6.2999997,6.2999997
grid,37,63,59.574215,0.91327024,0,5.8799996,0,6.2999997,6.2999997
grid,37,64,59.96672,0.9240705,0,5.8799996,0,6.2999997,6.2999997
grid,37,65,60.35014,0.9349131,0,5.8799996,0,6.2999997,6.2999997
grid,37,66,60.724747,0.9457966,0,5.8799996,0,6.2999997,6.2999997
grid,37,67,61.090816,0.95671964,0,5.8799996,0,6.2999997,6.2999997
grid,37,68,61.448612,0.9676809,0,5.8799996,0,6.2999997,6.2999997
grid,37,69,61.79837,0.978679,0,5.8799996,0,6.2999997,6.2999997
grid,37,70,62.14035,0.9897127,0,5.8799996,0,6.2999997,6.2999997
grid,38,-70,298.49567,0.99561536,0,5.8799996,0,6.2999997,6.2999997
grid,38,-69,298.84265,0.98464775,0,5.8799996,0,6.2999997,6.2999997
grid,38,-68,299.1975,0.9737171,0,5.8799996,0,6.2999997,6.2999997
grid,38,-67,299.56036,0.9628246,0,5.8799996,0,6.2999997,6.2999997
grid,38,-66,299.93152,0.9519716,0,5.8799996,0,6.2999997,6.2999997
grid,38,-65,300.31125,0.9411595,0,5.8799996,0,6.2999997,6.2999997
grid,38,-64,300.69974,0.9303897,0,5.8799996,0,6.2999997,6.2999997
grid,38,-63,301.09732,0.91966367,0,5.8799996,0,6.2999997,6.2999997
grid,38,-62,301.50427,0.90898293,0,5.8799996,0,6.2999997,6.2999997
grid,38,-61,301.9209,0.89834917,0,5.8799996,0,6.2999997,6.2999997
grid,38,-60,302.34744,0.88776404,0,5.8799996,0,6.2999997,6.2999997
grid,38,-59,302.78427,0.8772293,0,5.8799996,0,6.2999997,6.2999997
grid,38,-58,303.23172,0.8667468,0,5.8799996,0,6.2999997,6.2999997
grid,38,-57,303.69006,0.8563184,0,5.8799996,0,6.2999997,6.2999997
grid,38,-56,304.15973,0.8459462,0,5.8799996,0,6.2999997,6.2999997
grid,38,-55,304.64096,0.8356322,0,5.8799996,0,6.2999997,6.2999997
grid,38,-54,305.1342,0.8253787,0,5.8799996,0,6.2999997,6.2999997
grid,38,-53,305.63983,0.8151879,0,5.8799996,0,6.2999997,6.2999997
grid,38,-52,306.1582,0.80506206,0,5.8799996,0,6.2999997,6.2999997
grid,38,-51,306.68973,0.7950039,0,5.8799996,0,6.2999997,6.2999997
grid,38,-50,307.23486,0.7850159,0,5.8799996,0,6.2999997,6.2999997
grid,38,-49,307.79395,0.7751008,0,5.8799996,0,6.2999997,6.2999997
grid,38,-48,308.3675,0.7652614,0,5.8799996,0,6.2999997,6.2999997
grid,38,-47,308.95593,0.7555007,0,5.8799996,0,6.2999997,6.2999997
grid,38,-46,309.5597,0.74582165,0,5.8799996,0,6.2999997,6.2999997
grid,38,-45,310.17926,0.7362277,0,5.8799996,0,6.2999997,6.2999997
grid,38,-44,310.8151,0.72672206,0,5.8799996,0,6.2999997,6.2999997
grid,38,-43,311.4677,0.71730834,0,5.8799996,0,6.2999997,6.2999997
grid,38,-42,312.1376,0.7079901,0,5.8799996,0,6.2999997,6.2999997
grid,38,-41,312.82526,0.69877124,0,5.8799996,0,6.2999997,6.2999997
grid,38,-40,313.5312,0.6896557,0,5.8799996,0,6.2999997,6.2999997
grid,38,-39,314.25598,0.6806477,0,5.8799996,0,6.2999997,6.2999997
grid,38,-38,315.00003,0.67175144,0,5.8799996,0,6.2999997,6.2999997
grid,38,-37,315.76392,0.66297156,0,5.8799996,0,6.2999997,6.2999997
grid,38,-36,316.5482,0.6543126,0,5.8799996,0,6.2999997,6.2999997
grid,38,-35,317.35333,0.64577955,0,5.8799996,0,6.2999997,6.2999997
grid,38,-34,318.17984,0.63737744,0,5.8799996,0,6.2999997,6.2999997
grid,38,-33,319.0283,0.62911147,0,5.8799996,0,6.2999997,6.2999997
grid,38,-32,319.8991,0.6209871,0,5.8799996,0,6.2999997,6.2999997
grid,38,-31,320.79282,0.61301,0,5.8799996,0,6.2999997,6.2999997
grid,38,-30,321.70984,0.6051859,0,5.8799996,0,6.2999997,6.2999997
grid,38,-29,322.65067,0.59752095,0,5.8799996,0,6.2999997,6.2999997
grid,38,-28,323.61566,0.5900212,0,5.8799996,0,6.2999997,6.2999997
grid,38,-27,324.6052,0.5826931,0,5.8799996,0,6.2999997,6.2999997
grid,38,-26,325.61966,0.5755432,0,5.8799996,0,6.2999997,6.2999997
grid,38,-25,326.65933,0.56857824,0,5.8799996,0,6.2999997,6.2999997
grid,38,-24,327.72437,0.5618051,0,5.8799996,0,6.2999997,6.2999997
grid,38,-23,328.81503,0.5552308,0,5.8799996,0,6.2999997,6.2999997
grid,38,0,0,0.475,0,5.8799996,0,6.2999997,6.2999997
grid,38,23,31.184975,0.5552308,0,5.8799996,0,6.2999997,6.2999997
grid,38,24,32.275646,0.5618051,0,5.8799996,0,6.2999997,6.2999997
grid,38,25,33.34071,0.56857824,0,5.8799996,0,6.2999997,6.2999997
grid,38,26,34.380344,0.5755432,0,5.8799996,0,6.2999997,6.2999997
grid,38,27,35.3948,0.5826931,0,5.8799996,0,6.2999997,6.2999997
grid,38,28,36.384354,0.5900212,0,5.8799996,0,6.2999997,6.2999997
grid,38,29,37.34935,0.59752095,0,5.8799996,0,6.2999997,6.2999997
grid,38,30,38.290165,0.6051859,0,5.8799996,0,6.2999997,6.2999997
grid,38,31,39.207203,0.61301,0,5.8799996,0,6.2999997,6.2999997
grid,38,32,40.10091,0.6209871,0,5.8799996,0,6.2999997,6.2999997
grid,38,33,40.971737,0.62911147,0,5.8799996,0,6.2999997,6.2999997
grid,38,34,41.82017,0.63737744,0,5.8799996,0,6.2999997,6.2999997
grid,38,35,42.646706,0.64577955,0,5.8799996,0,6.2999997,6.2999997
grid,38,36,43.45184,0.6543126,0,5.8799996,0,6.2999997,6.2999997
grid,38,37,44.236103,0.66297156,0,5.8799996,0,6.2999997,6.2999997
grid,38,38,45,0.67175144,0,5.8799996,0,6.2999997,6.2999997
grid,38,39,45.74406,0.6806477,0,5.8799996,0,6.2999997,6.2999997
grid,38,40,46.468803,0.6896557,0,5.8799996,0,6.2999997,6.2999997
grid,38,41,47.174744,0.69877124,0,5.8799996,0,6.2999997,6.2999997
grid,38,42,47.862404,0.7079901,0,5.8799996,0,6.2999997,6.2999997
grid,38,43,48.5323,0.71730834,0,5.8799996,0,6.2999997,6.2999997
grid,38,44,49.184917,0.72672206,0,5.8799996,0,6.2999997,6.2999997
grid,38,45,49.820766,0.7362277,0,5.8799996,0,6.2999997,6.2999997
grid,38,46,50.440334,0.74582165,0,5.8799996,0,6.2999997,6.2999997
grid,38,47,51.04409,0.7555007,0,5.8799996,0,6.2999997,6.2999997
grid,38,48,51.632515,0.7652614,0,5.8799996,0,6.2999997,6.2999997
grid,38,49,52.20606,0.7751008,0,5.8799996,0,6.2999997,6.2999997
grid,38,50,52.765167,0.7850159,0,5.8799996,0,6.2999997,6.2999997
grid,38,51,53.31028,0.7950039,0,5.8799996,0,6.2999997,6.2999997
grid,38,52,53.841816,0.80506206,0,5.8799996,0,6.2999997,6.2999997
grid,38,53,54.36019,0.8151879,0,5.8799996,0,6.2999997,6.2999997
grid,38,54,54.865807,0.8253787,0,5.8799996,0,6.2999997,6.2999997
grid,38,55,55.359055,0.8356322,0,5.8799996,0,6.2999997,6.2999997
grid,38,56,55.840305,0.8459462,0,5.8799996,0,6.2999997,6.2999997
grid,38,57,56.309933,0.8563184,0,5.8799996,0,6.2999997,6.2999997
grid,38,58,56.76829,0.8667468,0,5.8799996,0,6.2999997,6.2999997
grid,38,59,57.21572,0.8772293,0,5.8799996,0,6.2999997,6.2999997
grid,38,60,57.652554,0.88776404,0,5.8799996,0,6.2999997,6.2999997
grid,38,61,58.07912,0.89834917,0,5.8799996,0,6.2999997,6.2999997
grid,38,62,58.495735,0.90898293,0,5.8799996,0,6.2999997,6.2999997
grid,38,63,58.90269,0.91966367,0,5.8799996,0,6.2999997,6.2999997
grid,38,64,59.300278,0.9303897,0,5.8799996,0,6.2999997,6.2999997
grid,38,65,59.688786,0.9411595,0,5.8799996,0,6.2999997,6.2999997
grid,38,66,60.06849,0.9519716,0,5.8799996,0,6.2999997,6.2999997
grid,38,67,60.439648,0.9628246,0,5.8799996,0,6.2999997,6.2999997
grid,38,68,60.802517,0.9737171,0,5.8799996,0,6.2999997,6.2999997
grid,38,69,61.157345,0.98464775,0,5.8799996,0,6.2999997,6.2999997
grid,38,70,61.504364,0.99561536,0,5.8799996,0,6.2999997,6.2999997
grid,39,-69,299.4759,0.99073833,0,5.8799996,0,6.2999997,6.2999997
grid,39,-68,299.83554,0.9798757,0,5.8799996,0,6.2999997,6.2999997
grid,39,-67,300.20328,0.9690524,0,5.8799996,0,6.2999997,6.2999997
grid,39,-66,300.57925,0.9582699,0,5.8799996,0,6.2999997,6.2999997
grid,39,-65,300.96378,0.9475297,0,5.8799996,0,6.2999997,6.2999997
grid,39,-64,301.35712,0.93683314,0,5.8799996,0,6.2999997,6.2999997
grid,39,-63,301.75952,0.9261817,0,5.8799996,0,6.2999997,6.2999997
grid,39,-62,302.17123,0.915577,0,5.8799996,0,6.2999997,6.2999997
grid,39,-61,302.5926,0.9050207,0,5.8799996,0,6.2999997,6.2999997
grid,39,-60,303.0239,0.8945145,0,5.8799996,0,6.2999997,6.2999997
grid,39,-59,303.4654,0.88406026,0,5.8799996,0,6.2999997,6.2999997
grid,39,-58,303.91745,0.87365973,0,5.8799996,0,6.2999997,6.2999997
grid,39,-57,304.38037,0.8633148,0,5.8799996,0,6.2999997,6.2999997
grid,39,-56,304.85446,0.8530277,0,5.8799996,0,6.2999997,6.2999997
grid,39,-55,305.34012,0.8428004,0,5.8799996,0,6.2999997,6.2999997
grid,39,-54,305.83768,0.83263516,0,5.8799996,0,6.2999997,6.2999997
grid,39,-53,306.34747,0.8225342,0,5.8799996,0,6.2999997,6.2999997
grid,39,-52,306.8699,0.8125,0,5.8799996,0,6.2999997,6.2999997
grid,39,-51,307.40536,0.80253506,0,5.8799996,0,6.2999997,6.2999997
grid,39,-50,307.95425,0.79264194,0,5.8799996,0,6.2999997,6.2999997
grid,39,-49,308.51694,0.78282344,0,5.8799996,0,6.2999997,6.2999997
grid,39,-48,309.09387,0.7730823,0,5.8799996,0,6.2999997,6.2999997
grid,39,-47,309.6855,0.7634216,0,5.8799996,0,6.2999997,6.2999997
grid,39,-46,310.29218,0.7538443,0,5.8799996,0,6.2999997,6.2999997
grid,39,-45,310.9144,0.7443537,0,5.8799996,0,6.2999997,6.2999997
grid,39,-44,311.55264,0.7349532,0,5.8799996,0,6.2999997,6.2999997
grid,39,-43,312.20734,0.7256463,0,5.8799996,0,6.2999997,6.2999997
grid,39,-42,312.8789,0.7164365,0,5.8799996,0,6.2999997,6.2999997
grid,39,-41,313.56793,0.7073277,0,5.8799996,0,6.2999997,6.2999997
grid,39,-40,314.27478,0.6983239,0,5.8799996,0,6.2999997,6.2999997
grid,39,-39,315.00003,0.68942916,0,5.8799996,0,6.2999997,6.2999997
grid,39,-38,315.74408,0.6806477,0,5.8799996,0,6.2999997,6.2999997
grid,39,-37,316.50745,0.671984,0,5.8799996,0,6.2999997,6.2999997
grid,39,-36,317.29062,0.66344273,0,5.8799996,0,6.2999997,6.2999997
grid,39,-35,318.0941,0.65502864,0,5.8799996,0,6.2999997,6.2999997
grid,39,-34,318.91824,0.6467467,0,5.8799996,0,6.2999997,6.2999997
grid,39,-33,319.76367,0.638602,0,5.8799996,0,6.2999997,6.2999997
grid,39,-32,320.6307,0.6305999,0,5.8799996,0,6.2999997,6.2999997
grid,39,-31,321.5198,0.62274593,0,5.8799996,0,6.2999997,6.2999997
grid,39,-30,322.43143,0.6150457,0,5.8799996,0,6.2999997,6.2999997
grid,39,-29,323.3659,0.6075052,0,5.8799996,0,6.2999997,6.2999997
grid,39,-28,324.3236,0.6001302,0,5.8799996,0,6.2999997,6.2999997
grid,39,-27,325.30487,0.5929271,0,5.8799996,0,6.2999997,6.2999997
grid,39,-26,326.30994,0.5859021,0,5.8799996,0,6.2999997,6.2999997
grid,39,-25,327.3391,0.57906175,0,5.8799996,0,6.2999997,6.2999997
grid,39,-24,328.39252,0.57241267,0,5.8799996,0,6.2999997,6.2999997
grid,39,-23,329.4703,0.5659616,0,5.8799996,0,6.2999997,6.2999997
grid,39,0,0,0.4875,0,5.8799996,0,6.2999997,6.2999997
grid,39,23,30.529707,0.5659616,0,5.8799996,0,6.2999997,6.2999997
grid,39,24,31.607504,0.57241267,0,5.8799996,0,6.2999997,6.2999997
grid,39,25,32.66091,0.57906175,0,5.8799996,0,6.2999997,6.2999997
grid,39,26,33.690067,0.5859021,0,5.8799996,0,6.2999997,6.2999997
grid,39,27,34.695156,0.5929271,0,5.8799996,0,6.2999997,6.2999997
grid,39,28,35.676407,0.6001302,0,5.8799996,0,6.2999997,6.2999997
grid,39,29,36.634117,0.6075052,0,5.8799996,0,6.2999997,6.2999997
grid,39,30,37.568592,0.6150457,0,5.8799996,0,6.2999997,6.2999997
grid,39,31,38.480198,0.62274593,0,5.8799996,0,6.2999997,6.2999997
grid,39,32,39.369316,0.6305999,0,5.8799996,0,6.2999997,6.2999997
grid,39,33,40.23636,0.638602,0,5.8799996,0,6.2999997,6.2999997
grid,39,34,41.081753,0.6467467,0,5.8799996,0,6.2999997,6.2999997
grid,39,35,41.905945,0.65502864,0,5.8799996,0,6.2999997,6.2999997
grid,39,36,42.70939,0.66344273,0,5.8799996,0,6.2999997,6.2999997
grid,39,37,43.492565,0.671984,0,5.8799996,0,6.2999997,6.2999997
grid,39,38,44.25594,0.6806477,0,5.8799996,0,6.2999997,6.2999997
grid,39,39,45,0.68942916,0,5.8799996,0,6.2999997,6.2999997
grid,39,40,45.725224,0.6983239,0,5.8799996,0,6.2999997,6.2999997
grid,39,41,46.4321,0.7073277,0,5.8799996,0,6.2999997,6.2999997
grid,39,42,47.121098,0.7164365,0,5.8799996,0,6.2999997,6.2999997
grid,39,43,47.7927,0.7256463,0,5.8799996,0,6.2999997,6.2999997
grid,39,44,48.447388,0.7349532,0,5.8799996,0,6.2999997,6.2999997
grid,39,45,49.085617,0.7443537,0,5.8799996,0,6.2999997,6.2999997
grid,39,46,49.70785,0.7538443,0,5.8799996,0,6.2999997,6.2999997
grid,39,47,50.314545,0.7634216,0,5.8799996,0,6.2999997,6.2999997
grid,39,48,50.906143,0.7730823,0,5.8799996,0,6.2999997,6.2999997
grid,39,49,51.483074,0.78282344,0,5.8799996,0,6.2999997,6.2999997
grid,39,50,52.04577,0.79264194,0,5.8799996,0,6.2999997,6.2999997
grid,39,51,52.594643,0.80253506,0,5.8799996,0,6.2999997,6.2999997
grid,39,52,53.130104,0.8125,0,5.8799996,0,6.2999997,6.2999997
grid,39,53,53.652542,0.8225342,0,5.8799996,0,6.2999997,6.2999997
grid,39,54,54.16235,0.83263516,0,5.8799996,0,6.2999997,6.2999997
grid,39,55,54.659893,0.8428004,0,5.8799996,0,6.2999997,6.2999997
grid,39,56,55.145546,0.8530277,0,5.8799996,0,6.2999997,6.2999997
grid,39,57,55.619656,0.8633148,0,5.8799996,0,6.2999997,6.2999997
grid,39,58,56.082573,0.87365973,0,5.8799996,0,6.2999997,6.2999997
grid,39,59,56.534622,0.88406026,0,5.8799996,0,6.2999997,6.2999997
grid,39,60,56.97613,0.8945145,0,5.8799996,0,6.2999997,6.2999997
grid,39,61,57.40742,0.9050207,0,5.8799996,0,6.2999997,6.2999997
grid,39,62,57.82878,0.915577,0,5.8799996,0,6.2999997,6.2999997
grid,39,63,58.240517,0.9261817,0,5.8799996,0,6.2999997,6.2999997
grid,39,64,58.642918,0.93683314,0,5.8799996,0,6.2999997,6.2999997
grid,39,65,59.036243,0.9475297,0,5.8799996,0,6.2999997,6.2999997
grid,39,66,59.420776,0.9582699,0,5.8799996,0,6.2999997,6.2999997
grid,39,67,59.796764,0.9690524,0,5.8799996,0,6.2999997,6.2999997
grid,39,68,60.16446,0.9798757,0,5.8799996,0,6.2999997,6.2999997
grid,39,69,60.52411,0.99073833,0,5.8799996,0,6.2999997,6.2999997
grid,40,-69,300.10132,0.9969485,0,5.8799996,0,6.2999997,6.2999997
grid,40,-68,300.46555,0.98615414,0,5.8799996,0,6.2999997,6.2999997
grid,40,-67,300.83783,0.9754005,0,5.8799996,0,6.2999997,6.2999997
grid,40,-66,301.2184,0.9646891,0,5.8799996,0,6.2999997,6.2999997
grid,40,-65,301.6075,0.9540211,0,5.8799996,0,6.2999997,6.2999997
grid,40,-64,302.0054,0.9433981,0,5.8799996,0,6.2999997,6.2999997
grid,40,-63,302.41232,0.9328217,0,5.8799996,0,6.2999997,6.2999997
grid,40,-62,302.82858,0.9222933,0,5.8799996,0,6.2999997,6.2999997
grid,40,-61,303.2544,0.9118148,0,5.8799996,0,6.2999997,6.2999997
grid,40,-60,303.69006,0.9013878,0,5.8799996,0,6.2999997,6.2999997
grid,40,-59,304.13596,0.89101416,0,5.8799996,0,6.2999997,6.2999997
grid,40,-58,304.5923,0.88069576,0,5.8799996,0,6.2999997,6.2999997
grid,40,-57,305.05945,0.8704345,0,5.8799996,0,6.2999997,6.2999997
grid,40,-56,305.5377,0.86023253,0,5.8799996,0,6.2999997,6.2999997
grid,40,-55,306.0274,0.85009193,0,5.8799996,0,6.2999997,6.2999997
grid,40,-54,306.52887,0.84001493,0,5.8799996,0,6.2999997,6.2999997
grid,40,-53,307.0425,0.8300038,0,5.8799996,0,6.2999997,6.2999997
grid,40,-52,307.5686,0.82006097,0,5.8799996,0,6.2999997,6.2999997
grid,40,-51,308.1076,0.810189,0,5.8799996,0,6.2999997,6.2999997
grid,40,-50,308.65982,0.80039054,0,5.8799996,0,6.2999997,6.2999997
grid,40,-49,309.2257,0.79066825,0,5.8799996,0,6.2999997,6.2999997
grid,40,-48,309.80557,0.781025,0,5.8799996,0,6.2999997,6.2999997
grid,40,-47,310.3999,0.7714637,0,5.8799996,0,6.2999997,6.2999997
grid,40,-46,311.00912,0.7619875,0,5.8799996,0,6.2999997,6.2999997
grid,40,-45,311.63354,0.75259966,0,5.8799996,0,6.2999997,6.2999997
grid,40,-44,312.2737,0.7433034,0,5.8799996,0,6.2999997,6.2999997
grid,40,-43,312.93,0.73410237,0,5.8799996,0,6.2999997,6.2999997
grid,40,-42,313.60284,0.72499996,0,5.8799996,0,6.2999997,6.2999997
grid,40,-41,314.2927,0.71600014,0,5.8799996,0,6.2999997,6.2999997
grid,40,-40,315.00003,0.70710677,0,5.8799996,0,6.2999997,6.2999997
grid,40,-39,315.72522,0.6983239,0,5.8799996,0,6.2999997,6.2999997
grid,40,-38,316.4688,0.6896557,0,5.8799996,0,6.2999997,6.2999997
grid,40,-37,317.2312,0.6811066,0,5.8799996,0,6.2999997,6.2999997
grid,40,-36,318.0128,0.6726812,0,5.8799996,0,6.2999997,6.2999997
grid,40,-35,318.8141,0.6643841,0,5.8799996,0,6.2999997,6.2999997
grid,40,-34,319.63547,0.65622026,0,5.8799996,0,6.2999997,6.2999997
grid,40,-33,320.4774,0.6481946,0,5.8799996,0,6.2999997,6.2999997
grid,40,-32,321.3402,0.64031243,0,5.8799996,0,6.2999997,6.2999997
grid,40,-31,322.22433,0.632579,0,5.8799996,0,6.2999997,6.2999997
grid,40,-30,323.1301,0.625,0,5.8799996,0,6.2999997,6.2999997
grid,40,-29,324.0579,0.61758095,0,5.8799996,0,6.2999997,6.2999997
grid,40,-28,325.008,0.6103278,0,5.8799996,0,6.2999997,6.2999997
grid,40,-27,325.98068,0.60324645,0,5.8799996,0,6.2999997,6.2999997
grid,40,-26,326.97617,0.596343,0,5.8799996,0,6.2999997,6.2999997
grid,40,-25,327.99463,0.5896238,0,5.8799996,0,6.2999997,6.2999997
grid,40,-24,329.03625,0.5830952,0,5.8799996,0,6.2999997,6.2999997
grid,40,-23,330.1011,0.57676363,0,5.8799996,0,6.2999997,6.2999997
grid,40,0,0,0.5,0,5.8799996,0,6.2999997,6.2999997
grid,40,23,29.898901,0.57676363,0,5.8799996,0,6.2999997,6.2999997
grid,40,24,30.963758,0.5830952,0,5.8799996,0,6.2999997,6.2999997
grid,40,25,32.005383,0.5896238,0,5.8799996,0,6.2999997,6.2999997
grid,40,26,33.023865,0.596343,0,5.8799996,0,6.2999997,6.2999997
grid,40,27,34.019352,0.60324645,0,5.8799996,0,6.2999997,6.2999997
grid,40,28,34.99202,0.6103278,0,5.8799996,0,6.2999997,6.2999997
grid,40,29,35.942112,0.61758095,0,5.8799996,0,6.2999997,6.2999997
grid,40,30,36.869896,0.625,0,5.8799996,0,6.2999997,6.2999997
grid,40,31,37.775684,0.632579,0,5.8799996,0,6.2999997,6.2999997
grid,40,32,38.65981,0.64031243,0,5.8799996,0,6.2999997,6.2999997
grid,40,33,39.52263,0.6481946,0,5.8799996,0,6.2999997,6.2999997
grid,40,34,40.364536,0.65622026,0,5.8799996,0,6.2999997,6.2999997
grid,40,35,41.185925,0.6643841,0,5.8799996,0,6.2999997,6.2999997
grid,40,36,41.987213,0.6726812,0,5.8799996,0,6.2999997,6.2999997
grid,40,37,42.768826,0.6811066,0,5.8799996,0,6.2999997,6.2999997
grid,40,38,43.5312,0.6896557,0,5.8799996,0,6.2999997,6.2999997
grid,40,39,44.274776,0.6983239,0,5.8799996,0,6.2999997,6.2999997
grid,40,40,45,0.70710677,0,5.8799996,0,6.2999997,6.2999997
grid,40,41,45.707317,0.71600014,0,5.8799996,0,6.2999997,6.2999997
grid,40,42,46.397182,0.72499996,0,5.8799996,0,6.2999997,6.2999997
grid,40,43,47.070034,0.73410237,0,5.8799996,0,6.2999997,6.2999997
grid,40,44,47.726315,0.7433034,0,5.8799996,0,6.2999997,6.2999997
grid,40,45,48.366463,0.75259966,0,5.8799996,0,6.2999997,6.2999997
grid,40,46,48.990913,0.7619875,0,5.8799996,0,6.2999997,6.2999997
grid,40,47,49.600098,0.7714637,0,5.8799996,0,6.2999997,6.2999997
grid,40,48,50.194427,0.781025,0,5.8799996,0,6.2999997,6.2999997
grid,40,49,50.774326,0.79066825,0,5.8799996,0,6.2999997,6.2999997
grid,40,50,51.340195,0.80039054,0,5.8799996,0,6.2999997,6.2999997
grid,40,51,51.892426,0.810189,0,5.8799996,0,6.2999997,6.2999997
grid,40,52,52.431408,0.82006097,0,5.8799996,0,6.2999997,6.2999997
grid,40,53,52.957527,0.8300038,0,5.8799996,0,6.2999997,6.2999997
grid,40,54,53.471146,0.84001493,0,5.8799996,0,6.2999997,6.2999997
grid,40,55,53.972626,0.85009193,0,5.8799996,0,6.2999997,6.2999997
grid,40,56,54.462322,0.86023253,0,5.8799996,0,6.2999997,6.2999997
grid,40,57,54.940575,0.8704345,0,5.8799996,0,6.2999997,6.2999997
grid,40,58,55.407715,0.88069576,0,5.8799996,0,6.2999997,6.2999997
grid,40,59,55.86406,0.89101416,0,5.8799996,0,6.2999997,6.2999997
grid,40,60,56.309933,0.9013878,0,5.8799996,0,6.2999997,6.2999997
grid,40,61,56.745632,0.9118148,0,5.8799996,0,6.2999997,6.2999997
grid,40,62,57.171455,0.9222933,0,5.8799996,0,6.2999997,6.2999997
grid,40,63,57.587696,0.9328217,0,5.8799996,0,6.2999997,6.2999997
grid,40,64,57.994617,0.9433981,0,5.8799996,0,6.2999997,6.2999997
grid,40,65,58.392498,0.9540211,0,5.8799996,0,6.2999997,6.2999997
grid,40,66,58.7816,0.9646891,0,5.8799996,0,6.2999997,6.2999997
grid,40,67,59.16217,0.9754005,0,5.8799996,0,6.2999997,6.2999997
grid,40,68,59.53446,0.98615414,0,5.8799996,0,6.2999997,6.2999997
grid,40,69,59.898697,0.9969485,0,5.8799996,0,6.2999997,6.2999997
grid,41,-68,301.08752,0.9925504,0,5.8799996,0,6.2999997,6.2999997
grid,41,-67,301.46417,0.98186684,0,5.8799996,0,6.2999997,6.2999997
grid,41,-66,301.84906,0.97122663,0,5.8799996,0,6.2999997,6.2999997
grid,41,-65,302.2425,0.9606313,0,5.8799996,0,6.2999997,6.2999997
grid,41,-64,302.64465,0.95008224,0,5.8799996,0,6.2999997,6.2999997
grid,41,-63,303.05582,0.93958104,0,5.8799996,0,6.2999997,6.2999997
grid,41,-62,303.4763,0.9291293,0,5.8799996,0,6.2999997,6.2999997
grid,41,-61,303.90628,0.9187287,0,5.8799996,0,6.2999997,6.2999997
grid,41,-60,304.3461,0.9083811,0,5.8799996,0,6.2999997,6.2999997
grid,41,-59,304.79605,0.8980883,0,5.8799996,0,6.2999997,6.2999997
grid,41,-58,305.25638,0.8878521,0,5.8799996,0,6.2999997,6.2999997
grid,41,-57,305.72742,0.87767446,0,5.8799996,0,6.2999997,6.2999997
grid,41,-56,306.20947,0.86755764,0,5.8799996,0,6.2999997,6.2999997
grid,41,-55,306.70288,0.8575036,0,5.8799996,0,6.2999997,6.2999997
grid,41,-54,307.20792,0.84751475,0,5.8799996,0,6.2999997,6.2999997
grid,41,-53,307.725,0.8375933,0,5.8799996,0,6.2999997,6.2999997
grid,41,-52,308.25446,0.8277416,0,5.8799996,0,6.2999997,6.2999997
grid,41,-51,308.79657,0.8179624,0,5.8799996,0,6.2999997,6.2999997
grid,41,-50,309.35175,0.8082581,0,5.8799996,0,6.2999997,6.2999997
grid,41,-49,309.9204,0.79863167,0,5.8799996,0,6.2999997,6.2999997
grid,41,-48,310.50287,0.7890857,0,5.8799996,0,6.2999997,6.2999997
grid,41,-47,311.09952,0.77962327,0,5.8799996,0,6.2999997,6.2999997
grid,41,-46,311.71075,0.7702475,0,5.8799996,0,6.2999997,6.2999997
grid,41,-45,312.337,0.76096153,0,5.8799996,0,6.2999997,6.2999997
grid,41,-44,312.97864,0.7517687,0,5.8799996,0,6.2999997,6.2999997
grid,41,-43,313.63608,0.74267256,0,5.8799996,0,6.2999997,6.2999997
grid,41,-42,314.30972,0.7336765,0,5.8799996,0,6.2999997,6.2999997
grid,41,-41,315.00003,0.72478443,0,5.8799996,0,6.2999997,6.2999997
grid,41,-40,315.70734,0.71600014,0,5.8799996,0,6.2999997,6.2999997
grid,41,-39,316.43213,0.7073277,0,5.8799996,0,6.2999997,6.2999997
grid,41,-38,317.17474,0.69877124,0,5.8799996,0,6.2999997,6.2999997
grid,41,-37,317.9357,0.69033504,0,5.8799996,0,6.2999997,6.2999997
grid,41,-36,318.71533,0.68202364,0,5.8799996,0,6.2999997,6.2999997
grid,41,-35,319.514,0.6738416,0,5.8799996,0,6.2999997,6.2999997
grid,41,-34,320.33215,0.66579366,0,5.8799996,0,6.2999997,6.2999997
grid,41,-33,321.1702,0.65788484,0,5.8799996,0,6.2999997,6.2999997
grid,41,-32,322.0284,0.6501202,0,5.8799996,0,6.2999997,6.2999997
grid,41,-31,322.90717,0.6425049,0,5.8799996,0,6.2999997,6.2999997
grid,41,-30,323.80682,0.6350443,0,5.8799996,0,6.2999997,6.2999997
grid,41,-29,324.72757,0.627744,0,5.8799996,0,6.2999997,6.2999997
grid,41,-28,325.6698,0.6206096,0,5.8799996,0,6.2999997,6.2999997
grid,41,-27,326.63364,0.61364686,0,5.8799996,0,6.2999997,6.2999997
grid,41,-26,327.61935,0.6068618,0,5.8799996,0,6.2999997,6.2999997
grid,41,-25,328.627,0.6002604,0,5.8799996,0,6.2999997,6.2999997
grid,41,-24,329.65677,0.59384865,0,5.8799996,0,6.2999997,6.2999997
grid,41,-23,330.70865,0.58763295,0,5.8799996,0,6.2999997,6.2999997
grid,41,0,0,0.5125,0,5.8799996,0,6.2999997,6.2999997
grid,41,23,29.291363,0.58763295,0,5.8799996,0,6.2999997,6.2999997
grid,41,24,30.343252,0.59384865,0,5.8799996,0,6.2999997,6.2999997
grid,41,25,31.373005,0.6002604,0,5.8799996,0,6.2999997,6.2999997
grid,41,26,32.380676,0.6068618,0,5.8799996,0,6.2999997,6.2999997
grid,41,27,33.366367,0.61364686,0,5.8799996,0,6.2999997,6.2999997
grid,41,28,34.33022,0.6206096,0,5.8799996,0,6.2999997,6.2999997
grid,41,29,35.272423,0.627744,0,5.8799996,0,6.2999997,6.2999997
grid,41,30,36.193207,0.6350443,0,5.8799996,0,6.2999997,6.2999997
grid,41,31,37.09284,0.6425049,0,5.8799996,0,6.2999997,6.2999997
grid,41,32,37.971603,0.6501202,0,5.8799996,0,6.2999997,6.2999997
grid,41,33,38.829823,0.65788484,0,5.8799996,0,6.2999997,6.2999997
grid,41,34,39.667843,0.66579366,0,5.8799996,0,6.2999997,6.2999997
grid,41,35,40.48601,0.6738416,0,5.8799996,0,6.2999997,6.2999997
grid,41,36,41.28471,0.68202364,0,5.8799996,0,6.2999997,6.2999997
grid,41,37,42.064327,0.69033504,0,5.8799996,0,6.2999997,6.2999997
grid,41,38,42.825256,0.69877124,0,5.8799996,0,6.2999997,6.2999997
grid,41,39,43.567905,0.7073277,0,5.8799996,0,6.2999997,6.2999997
grid,41,40,44.292683,0.71600014,0,5.8799996,0,6.2999997,6.2999997
grid,41,41,45,0.72478443,0,5.8799996,0,6.2999997,6.2999997
grid,41,42,45.690277,0.7336765,0,5.8799996,0,6.2999997,6.2999997
grid,41,43,46.36393,0.74267256,0,5.8799996,0,6.2999997,6.2999997
grid,41,44,47.021366,0.7517687,0,5.8799996,0,6.2999997,6.2999997
grid,41,45,47.663002,0.76096153,0,5.8799996,0,6.2999997,6.2999997
grid,41,46,48.28924,0.7702475,0,5.8799996,0,6.2999997,6.2999997
grid,41,47,48.900494,0.77962327,0,5.8799996,0,6.2999997,6.2999997
grid,41,48,49.497154,0.7890857,0,5.8799996,0,6.2999997,6.2999997
grid,41,49,50.07961,0.79863167,0,5.8799996,0,6.2999997,6.2999997
grid,41,50,50.648247,0.8082581,0,5.8799996,0,6.2999997,6.2999997
grid,41,51,51.20345,0.8179624,0,5.8799996,0,6.2999997,6.2999997
grid,41,52,51.74558,0.8277416,0,5.8799996,0,6.2999997,6.2999997
grid,41,53,52.275005,0.8375933,0,5.8799996,0,6.2999997,6.2999997
grid,41,54,52.79208,0.84751475,0,5.8799996,0,6.2999997,6.2999997
grid,41,55,53.297146,0.8575036,0,5.8799996,0,6.2999997,6.2999997
grid,41,56,53.790543,0.86755764,0,5.8799996,0,6.2999997,6.2999997
grid,41,57,54.272602,0.87767446,0,5.8799996,0,6.2999997,6.2999997
grid,41,58,54.74364,0.8878521,0,5.8799996,0,6.2999997,6.2999997
grid,41,59,55.203976,0.8980883,0,5.8799996,0,6.2999997,6.2999997
grid,41,60,55.653904,0.9083811,0,5.8799996,0,6.2999997,6.2999997
grid,41,61,56.093723,0.9187287,0,5.8799996,0,6.2999997,6.2999997
grid,41,62,56.523724,0.9291293,0,5.8799996,0,6.2999997,6.2999997
grid,41,63,56.94418,0.93958104,0,5.8799996,0,6.2999997,6.2999997
grid,41,64,57.35536,0.95008224,0,5.8799996,0,6.2999997,6.2999997
grid,41,65,57.757534,0.9606313,0,5.8799996,0,6.2999997,6.2999997
grid,41,66,58.150948,0.97122663,0,5.8799996,0,6.2999997,6.2999997
grid,41,67,58.535854,0.98186684,0,5.8799996,0,6.2999997,6.2999997
grid,41,68,58.9125,0.9925504,0,5.8799996,0,6.2999997,6.2999997
grid,42,-68,301.70142,0.99906206,0,5.8799996,0,6.2999997,6.2999997
grid,42,-67,302.08218,0.98844886,0,5.8799996,0,6.2999997,6.2999997
grid,42,-66,302.47122,0.97788036,0,5.8799996,0,6.2999997,6.2999997
grid,42,-65,302.86868,0.9673579,0,5.8799996,0,6.2999997,6.2999997
grid,42,-64,303.2749,0.95688295,0,5.8799996,0,6.2999997,6.2999997
grid,42,-63,303.69006,0.9464572,0,5.8799996,0,6.2999997,6.2999997
grid,42,-62,304.11447,0.9360822,0,5.8799996,0,6.2999997,6.2999997
grid,42,-61,304.54837,0.9257598,0,5.8799996,0,6.2999997,6.2999997
grid,42,-60,304.99203,0.91549164,0,5.8799996,0,6.2999997,6.2999997
grid,42,-59,305.44574,0.90527964,0,5.8799996,0,6.2999997,6.2999997
grid,42,-58,305.90973,0.8951257,0,5.8799996,0,6.2999997,6.2999997
grid,42,-57,306.38437,0.88503176,0,5.8799996,0,6.2999997,6.2999997
grid,42,-56,306.8699,0.87499994,0,5.8799996,0,6.2999997,6.2999997
grid,42,-55,307.3667,0.8650325,0,5.8799996,0,6.2999997,6.2999997
grid,42,-54,307.875,0.85513157,0,5.8799996,0,6.2999997,6.2999997
grid,42,-53,308.39517,0.8452995,0,5.8799996,0,6.2999997,6.2999997
grid,42,-52,308.92755,0.8355387,0,5.8799996,0,6.2999997,6.2999997
grid,42,-51,309.47247,0.8258518,0,5.8799996,0,6.2999997,6.2999997
grid,42,-50,310.03027,0.8162414,0,5.8799996,0,6.2999997,6.2999997
grid,42,-49,310.6013,0.8067101,0,5.8799996,0,6.2999997,6.2999997
grid,42,-48,311.18594,0.79726094,0,5.8799996,0,6.2999997,6.2999997
grid,42,-47,311.78455,0.7878967,0,5.8799996,0,6.2999997,6.2999997
grid,42,-46,312.39746,0.77862054,0,5.8799996,0,6.2999997,6.2999997
grid,42,-45,313.0251,0.76943564,0,5.8799996,0,6.2999997,6.2999997
grid,42,-44,313.6678,0.76034534,0,5.8799996,0,6.2999997,6.2999997
grid,42,-43,314.32596,0.7513529,0,5.8799996,0,6.2999997,6.2999997
grid,42,-42,315.00003,0.74246204,0,5.8799996,0,6.2999997,6.2999997
grid,42,-41,315.69028,0.7336765,0,5.8799996,0,6.2999997,6.2999997
grid,42,-40,316.39722,0.72499996,0,5.8799996,0,6.2999997,6.2999997
grid,42,-39,317.1211,0.7164365,0,5.8799996,0,6.2999997,6.2999997
grid,42,-38,317.86243,0.7079901,0,5.8799996,0,6.2999997,6.2999997
grid,42,-37,318.6215,0.69966507,0,5.8799996,0,6.2999997,6.2999997
grid,42,-36,319.3987,0.6914658,0,5.8799996,0,6.2999997,6.2999997
grid,42,-35,320.19443,0.6833968,0,5.8799996,0,6.2999997,6.2999997
grid,42,-34,321.009,0.6754628,0,5.8799996,0,6.2999997,6.2999997
grid,42,-33,321.84277,0.66766846,0,5.8799996,0,6.2999997,6.2999997
grid,42,-32,322.69608,0.6600189,0,5.8799996,0,6.2999997,6.2999997
grid,42,-31,323.56915,0.6525191,0,5.8799996,0,6.2999997,6.2999997
grid,42,-30,324.46234,0.6451744,0,5.8799996,0,6.2999997,6.2999997
grid,42,-29,325.37585,0.63799,0,5.8799996,0,6.2999997,6.2999997
grid,42,-28,326.30994,0.63097143,0,5.8799996,0,6.2999997,6.2999997
grid,42,-27,327.26477,0.62412435,0,5.8799996,0,6.2999997,6.2999997
grid,42,-26,328.24054,0.6174544,0,5.8799996,0,6.2999997,6.2999997
grid,42,-25,329.2373,0.61096746,0,5.8799996,0,6.2999997,6.2999997
grid,42,-24,330.25513,0.6046693,0,5.8799996,0,6.2999997,6.2999997
grid,42,-23,331.29407,0.59856594,0,5.8799996,0,6.2999997,6.2999997
grid,42,0,0,0.525,0,5.8799996,0,6.2999997,6.2999997
grid,42,23,28.705954,0.59856594,0,5.8799996,0,6.2999997,6.2999997
grid,42,24,29.744883,0.6046693,0,5.8799996,0,6.2999997,6.2999997
grid,42,25,30.762722,0.61096746,0,5.8799996,0,6.2999997,6.2999997
grid,42,26,31.759481,0.6174544,0,5.8799996,0,6.2999997,6.2999997
grid,42,27,32.73523,0.62412435,0,5.8799996,0,6.2999997,6.2999997
grid,42,28,33.690067,0.63097143,0,5.8799996,0,6.2999997,6.2999997
grid,42,29,34.624157,0.63799,0,5.8799996,0,6.2999997,6.2999997
grid,42,30,35.537678,0.6451744,0,5.8799996,0,6.2999997,6.2999997
grid,42,31,36.430855,0.6525191,0,5.8799996,0,6.2999997,6.2999997
grid,42,32,37.30395,0.6600189,0,5.8799996,0,6.2999997,6.2999997
grid,42,33,38.157227,0.66766846,0,5.8799996,0,6.2999997,6.2999997
grid,42,34,38.990997,0.6754628,0,5.8799996,0,6.2999997,6.2999997
grid,42,35,39.805576,0.6833968,0,5.8799996,0,6.2999997,6.2999997
grid,42,36,40.601295,0.6914658,0,5.8799996,0,6.2999997,6.2999997
grid,42,37,41.378517,0.69966507,0,5.8799996,0,6.2999997,6.2999997
grid,42,38,42.137596,0.7079901,0,5.8799996,0,6.2999997,6.2999997
grid,42,39,42.878906,0.7164365,0,5.8799996,0,6.2999997,6.2999997
grid,42,40,43.60282,0.72499996,0,5.8799996,0,6.2999997,6.2999997
grid,42,41,44.309727,0.7336765,0,5.8799996,0,6.2999997,6.2999997
grid,42,42,45,0.74246204,0,5.8799996,0,6.2999997,6.2999997
grid,42,43,45.67404,0.7513529,0,5.8799996,0,6.2999997,6.2999997
grid,42,44,46.332222,0.76034534,0,5.8799996,0,6.2999997,6.2999997
grid,42,45,46.974937,0.76943564,0,5.8799996,0,6.2999997,6.2999997
grid,42,46,47.602562,0.77862054,0,5.8799996,0,6.2999997,6.2999997
grid,42,47,48.215485,0.7878967,0,5.8799996,0,6.2999997,6.2999997
grid,42,48,48.814075,0.79726094,0,5.8799996,0,6.2999997,6.2999997
grid,42,49,49.39871,0.8067101,0,5.8799996,0,6.2999997,6.2999997
grid,42,50,49.96974,0.8162414,0,5.8799996,0,6.2999997,6.2999997
grid,42,51,50.527542,0.8258518,0,5.8799996,0,6.2999997,6.2999997
grid,42,52,51.072456,0.8355387,0,5.8799996,0,6.2999997,6.2999997
grid,42,53,51.60484,0.8452995,0,5.8799996,0,6.2999997,6.2999997
grid,42,54,52.12502,0.85513157,0,5.8799996,0,6.2999997,6.2999997
grid,42,55,52.63333,0.8650325,0,5.8799996,0,6.2999997,6.2999997
grid,42,56,53.130104,0.87499994,0,5.8799996,0,6.2999997,6.2999997
grid,42,57,53.61565,0.88503176,0,5.8799996,0,6.2999997,6.2999997
grid,42,58,54.09028,0.8951257,0,5.8799996,0,6.2999997,6.2999997
grid,42,59,54.55429,0.90527964,0,5.8799996,0,6.2999997,6.2999997
grid,42,60,55.00798,0.91549164,0,5.8799996,0,6.2999997,6.2999997
grid,42,61,55.451637,0.9257598,0,5.8799996,0,6.2999997,6.2999997
grid,42,62,55.88553,0.9360822,0,5.8799996,0,6.2999997,6.2999997
grid,42,63,56.309933,0.9464572,0,5.8799996,0,6.2999997,6.2999997
grid,42,64,56.725113,0.95688295,0,5.8799996,0,6.2999997,6.2999997
grid,42,65,57.131325,0.9673579,0,5.8799996,0,6.2999997,6.2999997
grid,42,66,57.528812,0.97788036,0,5.8799996,0,6.2999997,6.2999997
grid,42,67,57.917812,0.98844886,0,5.8799996,0,6.2999997,6.2999997
grid,42,68,58.298576,0.99906206,0,5.8799996,0,6.2999997,6.2999997
grid,43,-67,302.692,0.9951444,0,5.8799996,0,6.2999997,6.2999997
grid,43,-66,303.08487,0.98464775,0,5.8799996,0,6.2999997,6.2999997
grid,43,-65,303.48618,0.9741984,0,5.8799996,0,6.2999997,6.2999997
grid,43,-64,303.89618,0.96379787,0,5.8799996,0,6.2999997,6.2999997
grid,43,-63,304.3151,0.9534477,0,5.8799996,0,6.2999997,6.2999997
grid,43,-62,304.7432,0.9431496,0,5.8799996,0,6.2999997,6.2999997
grid,43,-61,305.18073,0.93290544,0,5.8799996,0,6.2999997,6.2999997
grid,43,-60,305.6279,0.9227168,0,5.8799996,0,6.2999997,6.2999997
grid,43,-59,306.08508,0.9125856,0,5.8799996,0,6.2999997,6.2999997
grid,43,-58,306.5525,0.9025139,0,5.8799996,0,6.2999997,6.2999997
grid,43,-57,307.0304,0.8925035,0,5.8799996,0,6.2999997,6.2999997
grid,43,-56,307.51913,0.8825566,0,5.8799996,0,6.2999997,6.2999997
grid,43,-55,308.01898,0.8726755,0,5.8799996,0,6.2999997,6.2999997
grid,43,-54,308.53018,0.8628622,0,5.8799996,0,6.2999997,6.2999997
grid,43,-53,309.05313,0.8531193,0,5.8799996,0,6.2999997,6.2999997
grid,43,-52,309.58813,0.843449,0,5.8799996,0,6.2999997,6.2999997
grid,43,-51,310.1355,0.833854,0,5.8799996,0,6.2999997,6.2999997
grid,43,-50,310.69556,0.8243369,0,5.8799996,0,6.2999997,6.2999997
grid,43,-49,311.26862,0.8149003,0,5.8799996,0,6.2999997,6.2999997
grid,43,-48,311.85504,0.8055472,0,5.8799996,0,6.2999997,6.2999997
grid,43,-47,312.4552,0.79628044,0,5.8799996,0,6.2999997,6.2999997
grid,43,-46,313.06943,0.7871031,0,5.8799996,0,6.2999997,6.2999997
grid,43,-45,313.69806,0.77801836,0,5.8799996,0,6.2999997,6.2999997
grid,43,-44,314.3415,0.76902944,0,5.8799996,0,6.2999997,6.2999997
grid,43,-43,315.00003,0.7601398,0,5.8799996,0,6.2999997,6.2999997
grid,43,-42,315.67404,0.7513529,0,5.8799996,0,6.2999997,6.2999997
grid,43,-41,316.36392,0.74267256,0,5.8799996,0,6.2999997,6.2999997
grid,43,-40,317.07004,0.73410237,0,5.8799996,0,6.2999997,6.2999997
grid,43,-39,317.79272,0.7256463,0,5.8799996,0,6.2999997,6.2999997
grid,43,-38,318.53232,0.71730834,0,5.8799996,0,6.2999997,6.2999997
grid,43,-37,319.28915,0.70909274,0,5.8799996,0,6.2999997,6.2999997
grid,43,-36,320.06363,0.70100373,0,5.8799996,0,6.2999997,6.2999997
grid,43,-35,320.85605,0.69304585,0,5.8799996,0,6.2999997,6.2999997
grid,43,-34,321.66666,0.6852235,0,5.8799996,0,6.2999997,6.2999997
grid,43,-33,322.49588,0.6775415,0,5.8799996,0,6.2999997,6.2999997
grid,43,-32,323.3439,0.6700047,0,5.8799996,0,6.2999997,6.2999997
grid,43,-31,324.21106,0.6626179,0,5.8799996,0,6.2999997,6.2999997
grid,43,-30,325.09753,0.6553863,0,5.8799996,0,6.2999997,6.2999997
grid,43,-29,326.00357,0.64831513,0,5.8799996,0,6.2999997,6.2999997
grid,43,-28,326.92932,0.6414096,0,5.8799996,0,6.2999997,6.2999997
grid,43,-27,327.875,0.63467515,0,5.8799996,0,6.2999997,6.2999997
grid,43,-26,328.84073,0.6281172,0,5.8799996,0,6.2999997,6.2999997
grid,43,-25,329.8265,0.62174153,0,5.8799996,0,6.2999997,6.2999997
grid,43,-24,330.8324,0.6155536,0,5.8799996,0,6.2999997,6.2999997
grid,43,-23,331.8584,0.6095593,0,5.8799996,0,6.2999997,6.2999997
grid,43,0,0,0.5375,0,5.8799996,0,6.2999997,6.2999997
grid,43,23,28.1416,0.6095593,0,5.8799996,0,6.2999997,6.2999997
grid,43,24,29.167612,0.6155536,0,5.8799996,0,6.2999997,6.2999997
grid,43,25,30.17352,0.62174153,0,5.8799996,0,6.2999997,6.2999997
grid,43,26,31.159304,0.6281172,0,5.8799996,0,6.2999997,6.2999997
grid,43,27,32.125,0.63467515,0,5.8799996,0,6.2999997,6.2999997
grid,43,28,33.070675,0.6414096,0,5.8799996,0,6.2999997,6.2999997
grid,43,29,33.996456,0.64831513,0,5.8799996,0,6.2999997,6.2999997
grid,43,30,34.902496,0.6553863,0,5.8799996,0,6.2999997,6.2999997
grid,43,31,35.78897,0.6626179,0,5.8799996,0,6.2999997,6.2999997
grid,43,32,36.65611,0.6700047,0,5.8799996,0,6.2999997,6.2999997
grid,43,33,37.504143,0.6775415,0,5.8799996,0,6.2999997,6.2999997
grid,43,34,38.333336,0.6852235,0,5.8799996,0,6.2999997,6.2999997
grid,43,35,39.143986,0.69304585,0,5.8799996,0,6.2999997,6.2999997
grid,43,36,39.93638,0.70100373,0,5.8799996,0,6.2999997,6.2999997
grid,43,37,40.710846,0.70909274,0,5.8799996,0,6.2999997,6.2999997
grid,43,38,41.467705,0.71730834,0,5.8799996,0,6.2999997,6.2999997
grid,43,39,42.2073,0.7256463,0,5.8799996,0,6.2999997,6.2999997
grid,43,40,42.92997,0.73410237,0,5.8799996,0,6.2999997,6.2999997
grid,43,41,43.63607,0.74267256,0,5.8799996,0,6.2999997,6.2999997
grid,43,42,44.325962,0.7513529,0,5.8799996,0,6.2999997,6.2999997
grid,43,43,45,0.7601398,0,5.8799996,0,6.2999997,6.2999997
grid,43,44,45.658546,0.76902944,0,5.8799996,0,6.2999997,6.2999997
grid,43,45,46.301952,0.77801836,0,5.8799996,0,6.2999997,6.2999997
grid,43,46,46.930584,0.7871031,0,5.8799996,0,6.2999997,6.2999997
grid,43,47,47.544804,0.79628044,0,5.8799996,0,6.2999997,6.2999997
grid,43,48,48.144955,0.8055472,0,5.8799996,0,6.2999997,6.2999997
grid,43,49,48.731396,0.8149003,0,5.8799996,0,6.2999997,6.2999997
grid,43,50,49.30447,0.8243369,0,5.8799996,0,6.2999997,6.2999997
grid,43,51,49.864513,0.833854,0,5.8799996,0,6.2999997,6.2999997
grid,43,52,50.41187,0.843449,0,5.8799996,0,6.2999997,6.2999997
grid,43,53,50.94686,0.8531193,0,5.8799996,0,6.2999997,6.2999997
grid,43,54,51.46982,0.8628622,0,5.8799996,0,6.2999997,6.2999997
grid,43,55,51.981056,0.8726755,0,5.8799996,0,6.2999997,6.2999997
grid,43,56,52.480885,0.8825566,0,5.8799996,0,6.2999997,6.2999997
grid,43,57,52.96961,0.8925035,0,5.8799996,0,6.2999997,6.2999997
grid,43,58,53.447525,0.9025139,0,5.8799996,0,6.2999997,6.2999997
grid,43,59,53.914925,0.9125856,0,5.8799996,0,6.2999997,6.2999997
grid,43,60,54.372093,0.9227168,0,5.8799996,0,6.2999997,6.2999997
grid,43,61,54.8193,0.93290544,0,5.8799996,0,6.2999997,6.2999997
grid,43,62,55.256817,0.9431496,0,5.8799996,0,6.2999997,6.2999997
grid,43,63,55.684914,0.9534477,0,5.8799996,0,6.2999997,6.2999997
grid,43,64,56.103832,0.96379787,0,5.8799996,0,6.2999997,6.2999997
grid,43,65,56.51383,0.9741984,0,5.8799996,0,6.2999997,6.2999997
grid,43,66,56.915146,0.98464775,0,5.8799996,0,6.2999997,6.2999997
grid,43,67,57.308014,0.9951444,0,5.8799996,0,6.2999997,6.2999997
grid,44,-66,303.69006,0.9915266,0,5.8799996,0,6.2999997,6.2999997
grid,44,-65,304.095,0.98115045,0,5.8799996,0,6.2999997,6.2999997
grid,44,-64,304.5085,0.9708244,0,5.8799996,0,6.2999997,6.2999997
grid,44,-63,304.93097,0.96055,0,5.8799996,0,6.2999997,6.2999997
grid,44,-62,305.36246,0.9503289,0,5.8799996,0,6.2999997,6.2999997
grid,44,-61,305.80338,0.9401629,0,5.8799996,0,6.2999997,6.2999997
grid,44,-60,306.25385,0.9300538,0,5.8799996,0,6.2999997,6.2999997
grid,44,-59,306.7142,0.9200034,0,5.8799996,0,6.2999997,6.2999997
grid,44,-58,307.18472,0.9100138,0,5.8799996,0,6.2999997,6.2999997
grid,44,-57,307.66562,0.90008676,0,5.8799996,0,6.2999997,6.2999997
grid,44,-56,308.15723,0.8902247,0,5.8799996,0,6.2999997,6.2999997
grid,44,-55,308.65982,0.88042957,0,5.8799996,0,6.2999997,6.2999997
grid,44,-54,309.17368,0.87070376,0,5.8799996,0,6.2999997,6.2999997
grid,44,-53,309.6991,0.86104953,0,5.8799996,0,6.2999997,6.2999997
grid,44,-52,310.2364,0.8514693,0,5.8799996,0,6.2999997,6.2999997
grid,44,-51,310.78586,0.8419657,0,5.8799996,0,6.2999997,6.2999997
grid,44,-50,311.34778,0.8325413,0,5.8799996,0,6.2999997,6.2999997
grid,44,-49,311.92255,0.8231988,0,5.8799996,0,6.2999997,6.2999997
grid,44,-48,312.51044,0.81394106,0,5.8799996,0,6.2999997,6.2999997
grid,44,-47,313.11182,0.8047709,0,5.8799996,0,6.2999997,6.2999997
grid,44,-46,313.727,0.79569155,0,5.8799996,0,6.2999997,6.2999997
grid,44,-45,314.35626,0.786706,0,5.8799996,0,6.2999997,6.2999997
grid,44,-44,315.00003,0.7778175,0,5.8799996,0,6.2999997,6.2999997
grid,44,-43,315.65857,0.76902944,0,5.8799996,0,6.2999997,6.2999997
grid,44,-42,316.33224,0.76034534,0,5.8799996,0,6.2999997,6.2999997
grid,44,-41,317.02136,0.7517687,0,5.8799996,0,6.2999997,6.2999997
grid,44,-40,317.72635,0.7433034,0,5.8799996,0,6.2999997,6.2999997
grid,44,-39,318.44742,0.7349532,0,5.8799996,0,6.2999997,6.2999997
grid,44,-38,319.18494,0.72672206,0,5.8799996,0,6.2999997,6.2999997
grid,44,-37,319.93924,0.71861416,0,5.8799996,0,6.2999997,6.2999997
grid,44,-36,320.7106,0.7106335,0,5.8799996,0,6.2999997,6.2999997
grid,44,-35,321.49936,0.70278466,0,5.8799996,0,6.2999997,6.2999997
grid,44,-34,322.3058,0.69507194,0,5.8799996,0,6.2999997,6.2999997
grid,44,-33,323.1301,0.6875,0,5.8799996,0,6.2999997,6.2999997
grid,44,-32,323.97266,0.68007356,0,5.8799996,0,6.2999997,6.2999997
grid,44,-31,324.8336,0.6727973,0,5.8799996,0,6.2999997,6.2999997
grid,44,-30,325.71313,0.66567636,0,5.8799996,0,6.2999997,6.2999997
grid,44,-29,326.6115,0.6587156,0,5.8799996,0,6.2999997,6.2999997
grid,44,-28,327.52884,0.65192026,0,5.8799996,0,6.2999997,6.2999997
grid,44,-27,328.4652,0.6452955,0,5.8799996,0,6.2999997,6.2999997
grid,44,-26,329.4208,0.6388466,0,5.8799996,0,6.2999997,6.2999997
grid,44,-25,330.39557,0.632579,0,5.8799996,0,6.2999997,6.2999997
grid,44,-24,331.38956,0.6264982,0,5.8799996,0,6.2999997,6.2999997
grid,44,-23,332.4027,0.6206096,0,5.8799996,0,6.2999997,6.2999997
grid,44,0,0,0.55,0,5.8799996,0,6.2999997,6.2999997
grid,44,23,27.597296,0.6206096,0,5.8799996,0,6.2999997,6.2999997
grid,44,24,28.61046,0.6264982,0,5.8799996,0,6.2999997,6.2999997
grid,44,25,29.604452,0.632579,0,5.8799996,0,6.2999997,6.2999997
grid,44,26,30.579226,0.6388466,0,5.8799996,0,6.2999997,6.2999997
grid,44,27,31.534792,0.6452955,0,5.8799996,0,6.2999997,6.2999997
grid,44,28,32.47119,0.65192026,0,5.8799996,0,6.2999997,6.2999997
grid,44,29,33.388515,0.6587156,0,5.8799996,0,6.2999997,6.2999997
grid,44,30,34.286877,0.66567636,0,5.8799996,0,6.2999997,6.2999997
grid,44,31,35.166435,0.6727973,0,5.8799996,0,6.2999997,6.2999997
grid,44,32,36.027374,0.68007356,0,5.8799996,0,6.2999997,6.2999997
grid,44,33,36.869896,0.6875,0,5.8799996,0,6.2999997,6.2999997
grid,44,34,37.69424,0.69507194,0,5.8799996,0,6.2999997,6.2999997
grid,44,35,38.500652,0.70278466,0,5.8799996,0,6.2999997,6.2999997
grid,44,36,39.289402,0.7106335,0,5.8799996,0,6.2999997,6.2999997
grid,44,37,40.060783,0.71861416,0,5.8799996,0,6.2999997,6.2999997
grid,44,38,40.815083,0.72672206,0,5.8799996,0,6.2999997,6.2999997
grid,44,39,41.552612,0.7349532,0,5.8799996,0,6.2999997,6.2999997
grid,44,40,42.273685,0.7433034,0,5.8799996,0,6.2999997,6.2999997
grid,44,41,42.978634,0.7517687,0,5.8799996,0,6.2999997,6.2999997
grid,44,42,43.667778,0.76034534,0,5.8799996,0,6.2999997,6.2999997
grid,44,43,44.341457,0.76902944,0,5.8799996,0,6.2999997,6.2999997
grid,44,44,45,0.7778175,0,5.8799996,0,6.2999997,6.2999997
grid,44,45,45.643745,0.786706,0,5.8799996,0,6.2999997,6.2999997
grid,44,46,46.27303,0.79569155,0,5.8799996,0,6.2999997,6.2999997
grid,44,47,46.888187,0.8047709,0,5.8799996,0,6.2999997,6.2999997
grid,44,48,47.489555,0.81394106,0,5.8799996,0,6.2999997,6.2999997
grid,44,49,48.077457,0.8231988,0,5.8799996,0,6.2999997,6.2999997
grid,44,50,48.65222,0.8325413,0,5.8799996,0,6.2999997,6.2999997
grid,44,51,49.214176,0.8419657,0,5.8799996,0,6.2999997,6.2999997
grid,44,52,49.76364,0.8514693,0,5.8799996,0,6.2999997,6.2999997
grid,44,53,50.30093,0.86104953,0,5.8799996,0,6.2999997,6.2999997
grid,44,54,50.826344,0.87070376,0,5.8799996,0,6.2999997,6.2999997
grid,44,55,51.340195,0.88042957,0,5.8799996,0,6.2999997,6.2999997
grid,44,56,51.842773,0.8902247,0,5.8799996,0,6.2999997,6.2999997
grid,44,57,52.334377,0.90008676,0,5.8799996,0,6.2999997,6.2999997
grid,44,58,52.815296,0.9100138,0,5.8799996,0,6.2999997,6.2999997
grid,44,59,53.2858,0.9200034,0,5.8799996,0,6.2999997,6.2999997
grid,44,60,53.746162,0.9300538,0,5.8799996,0,6.2999997,6.2999997
grid,44,61,54.196655,0.9401629,0,5.8799996,0,6.2999997,6.2999997
grid,44,62,54.63754,0.9503289,0,5.8799996,0,6.2999997,6.2999997
grid,44,63,55.069065,0.96055,0,5.8799996,0,6.2999997,6.2999997
grid,44,64,55.491478,0.9708244,0,5.8799996,0,6.2999997,6.2999997
grid,44,65,55.905025,0.98115045,0,5.8799996,0,6.2999997,6.2999997
grid,44,66,56.309933,0.9915266,0,5.8799996,0,6.2999997,6.2999997
grid,45,-66,304.2869,0.9985145,0,5.8799996,0,6.2999997,6.2999997
grid,45,-65,304.6952,0.98821175,0,5.8799996,0,6.2999997,6.2999997
grid,45,-64,305.112,0.9779603,0,5.8799996,0,6.2999997,6.2999997
grid,45,-63,305.5377,0.96776164,0,5.8799996,0,6.2999997,6.2999997
grid,45,-62,305.9724,0.95761746,0,5.8799996,0,6.2999997,6.2999997
grid,45,-61,306.41638,0.9475297,0,5.8799996,0,6.2999997,6.2999997
grid,45,-60,306.8699,0.9375,0,5.8799996,0,6.2999997,6.2999997
grid,45,-59,307.33322,0.92753035,0,5.8799996,0,6.2999997,6.2999997
grid,45,-58,307.80655,0.9176226,0,5.8799996,0,6.2999997,6.2999997
grid,45,-57,308.2902,0.90777886,0,5.8799996,0,6.2999997,6.2999997
grid,45,-56,308.7844,0.89800125,0,5.8799996,0,6.2999997,6.2999997
grid,45,-55,309.2894,0.8882919,0,5.8799996,0,6.2999997,6.2999997
grid,45,-54,309.80557,0.8786531,0,5.8799996,0,6.2999997,6.2999997
grid,45,-53,310.33316,0.8690872,0,5.8799996,0,6.2999997,6.2999997
grid,45,-52,310.87244,0.85959655,0,5.8799996,0,6.2999997,6.2999997
grid,45,-51,311.42368,0.8501838,0,5.8799996,0,6.2999997,6.2999997
grid,45,-50,311.9872,0.8408515,0,5.8799996,0,6.2999997,6.2999997
grid,45,-49,312.56335,0.8316024,0,5.8799996,0,6.2999997,6.2999997
grid,45,-48,313.1524,0.8224392,0,5.8799996,0,6.2999997,6.2999997
grid,45,-47,313.75467,0.81336486,0,5.8799996,0,6.2999997,6.2999997
grid,45,-46,314.37042,0.8043825,0,5.8799996,0,6.2999997,6.2999997
grid,45,-45,315.00003,0.79549515,0,5.8799996,0,6.2999997,6.2999997
grid,45,-44,315.64377,0.786706,0,5.8799996,0,6.2999997,6.2999997
grid,45,-43,316.30197,0.77801836,0,5.8799996,0,6.2999997,6.2999997
grid,45,-42,316.97495,0.76943564,0,5.8799996,0,6.2999997,6.2999997
grid,45,-41,317.663,0.76096153,0,5.8799996,0,6.2999997,6.2999997
grid,45,-40,318.3665,0.75259966,0,5.8799996,0,6.2999997,6.2999997
grid,45,-39,319.08563,0.7443537,0,5.8799996,0,6.2999997,6.2999997
grid,45,-38,319.82077,0.7362277,0,5.8799996,0,6.2999997,6.2999997
grid,45,-37,320.5722,0.7282256,0,5.8799996,0,6.2999997,6.2999997
grid,45,-36,321.3402,0.72035146,0,5.8799996,0,6.2999997,6.2999997
grid,45,-35,322.12503,0.71260965,0,5.8799996,0,6.2999997,6.2999997
grid,45,-34,322.92694,0.70500445,0,5.8799996,0,6.2999997,6.2999997
grid,45,-33,323.74615,0.69754034,0,5.8799996,0,6.2999997,6.2999997
grid,45,-32,324.58298,0.6902219,0,5.8799996,0,6.2999997,6.2999997
grid,45,-31,325.43747,0.6830538,0,5.8799996,0,6.2999997,6.2999997
grid,45,-30,326.30994,0.6760409,0,5.8799996,0,6.2999997,6.2999997
grid,45,-29,327.2005,0.66918796,0,5.8799996,0,6.2999997,6.2999997
grid,45,-28,328.10922,0.6625,0,5.8799996,0,6.2999997,6.2999997
grid,45,-27,329.03625,0.6559821,0,5.8799996,0,6.2999997,6.2999997
grid,45,-26,329.98163,0.6496393,0,5.8799996,0,6.2999997,6.2999997
grid,45,-25,330.9454,0.6434769,0,5.8799996,0,6.2999997,6.2999997
grid,45,-24,331.92752,0.6375,0,5.8799996,0,6.2999997,6.2999997
grid,45,-23,332.92792,0.6317139,0,5.8799996,0,6.2999997,6.2999997
grid,45,0,0,0.5625,0,5.8799996,0,6.2999997,6.2999997
grid,45,23,27.072079,0.6317139,0,5.8799996,0,6.2999997,6.2999997
grid,45,24,28.072489,0.6375,0,5.8799996,0,6.2999997,6.2999997
grid,45,25,29.054604,0.6434769,0,5.8799996,0,6.2999997,6.2999997
grid,45,26,30.018368,0.6496393,0,5.8799996,0,6.2999997,6.2999997
grid,45,27,30.963758,0.6559821,0,5.8799996,0,6.2999997,6.2999997
grid,45,28,31.890793,0.6625,0,5.8799996,0,6.2999997,6.2999997
grid,45,29,32.79953,0.66918796,0,5.8799996,0,6.2999997,6.2999997
grid,45,30,33.690067,0.6760409,0,5.8799996,0,6.2999997,6.2999997
grid,45,31,34.562523,0.6830538,0,5.8799996,0,6.2999997,6.2999997
grid,45,32,35.417053,0.6902219,0,5.8799996,0,6.2999997,6.2999997
grid,45,33,36.253838,0.69754034,0,5.8799996,0,6.2999997,6.2999997
grid,45,34,37.073074,0.70500445,0,5.8799996,0,6.2999997,6.2999997
grid,45,35,37.874985,0.71260965,0,5.8799996,0,6.2999997,6.2999997
grid,45,36,38.659805,0.72035146,0,5.8799996,0,6.2999997,6.2999997
grid,45,37,39.427803,0.7282256,0,5.8799996,0,6.2999997,6.2999997
grid,45,38,40.179234,0.7362277,0,5.8799996,0,6.2999997,6.2999997
grid,45,39,40.914383,0.7443537,0,5.8799996,0,6.2999997,6.2999997
grid,45,40,41.63354,0.75259966,0,5.8799996,0,6.2999997,6.2999997
grid,45,41,42.336998,0.76096153,0,5.8799996,0,6.2999997,6.2999997
grid,45,42,43.025066,0.76943564,0,5.8799996,0,6.2999997,6.2999997
grid,45,43,43.698048,0.77801836,0,5.8799996,0,6.2999997,6.2999997
grid,45,44,44.356255,0.786706,0,5.8799996,0,6.2999997,6.2999997
grid,45,45,45,0.79549515,0,5.8799996,0,6.2999997,6.2999997
grid,45,46,45.629597,0.8043825,0,5.8799996,0,6.2999997,6.2999997
grid,45,47,46.245365,0.81336486,0,5.8799996,0,6.2999997,6.2999997
grid,45,48,46.84761,0.8224392,0,5.8799996,0,6.2999997,6.2999997
grid,45,49,47.43665,0.8316024,0,5.8799996,0,6.2999997,6.2999997
grid,45,50,48.012787,0.8408515,0,5.8799996,0,6.2999997,6.2999997
grid,45,51,48.576332,0.8501838,0,5.8799996,0,6.2999997,6.2999997
grid,45,52,49.12759,0.85959655,0,5.8799996,0,6.2999997,6.2999997
grid,45,53,49.66686,0.8690872,0,5.8799996,0,6.2999997,6.2999997
grid,45,54,50.194427,0.8786531,0,5.8799996,0,6.2999997,6.2999997
grid,45,55,50.710594,0.8882919,0,5.8799996,0,6.2999997,6.2999997
grid,45,56,51.215633,0.89800125,0,5.8799996,0,6.2999997,6.2999997
grid,45,57,51.709835,0.90777886,0,5.8799996,0,6.2999997,6.2999997
grid,45,58,52.19347,0.9176226,0,5.8799996,0,6.2999997,6.2999997
grid,45,59,52.666805,0.92753035,0,5.8799996,0,6.2999997,6.2999997
grid,45,60,53.130104,0.9375,0,5.8799996,0,6.2999997,6.2999997
grid,45,61,53.583622,0.9475297,0,5.8799996,0,6.2999997,6.2999997
grid,45,62,54.027615,0.95761746,0,5.8799996,0,6.2999997,6.2999997
grid,45,63,54.462322,0.96776164,0,5.8799996,0,6.2999997,6.2999997
grid,45,64,54.887993,0.9779603,0,5.8799996,0,6.2999997,6.2999997
grid,45,65,55.304848,0.98821175,0,5.8799996,0,6.2999997,6.2999997
grid,45,66,55.713123,0.9985145,0,5.8799996,0,6.2999997,6.2999997
grid,46,-65,305.28674,0.9953799,0,5.8799996,0,6.2999997,6.2999997
grid,46,-64,305.7067,0.985203,0,5.8799996,0,6.2999997,6.2999997
grid,46,-63,306.1354,0.97508013,0,5.8799996,0,6.2999997,6.2999997
grid,46,-62,306.57306,0.96501297,0,5.8799996,0,6.2999997,6.2999997
grid,46,-61,307.0199,0.95500326,0,5.8799996,0,6.2999997,6.2999997
grid,46,-60,307.4762,0.9450529,0,5.8799996,0,6.2999997,6.2999997
grid,46,-59,307.94217,0.93516374,0,5.8799996,0,6.2999997,6.2999997
grid,46,-58,308.41806,0.9253378,0,5.8799996,0,6.2999997,6.2999997
grid,46,-57,308.90417,0.915577,0,5.8799996,0,6.2999997,6.2999997
grid,46,-56,309.4007,0.9058835,0,5.8799996,0,6.2999997,6.2999997
grid,46,-55,309.9079,0.8962596,0,5.8799996,0,6.2999997,6.2999997
grid,46,-54,310.4261,0.88670737,0,5.8799996,0,6.2999997,6.2999997
grid,46,-53,310.9555,0.8772293,0,5.8799996,0,6.2999997,6.2999997
grid,46,-52,311.4965,0.8678277,0,5.8799996,0,6.2999997,6.2999997
grid,46,-51,312.04926,0.85850525,0,5.8799996,0,6.2999997,6.2999997
grid,46,-50,312.61407,0.8492644,0,5.8799996,0,6.2999997,6.2999997
grid,46,-49,313.19128,0.84010786,0,5.8799996,0,6.2999997,6.2999997
grid,46,-48,313.78113,0.83103853,0,5.8799996,0,6.2999997,6.2999997
grid,46,-47,314.38394,0.82205915,0,5.8799996,0,6.2999997,6.2999997
grid,46,-46,315.00003,0.8131728,0,5.8799996,0,6.2999997,6.2999997
grid,46,-45,315.6296,0.8043825,0,5.8799996,0,6.2999997,6.2999997
grid,46,-44,316.27304,0.79569155,0,5.8799996,0,6.2999997,6.2999997
grid,46,-43,316.9306,0.7871031,0,5.8799996,0,6.2999997,6.2999997
grid,46,-42,317.60257,0.77862054,0,5.8799996,0,6.2999997,6.2999997
grid,46,-41,318.28925,0.7702475,0,5.8799996,0,6.2999997,6.2999997
grid,46,-40,318.99094,0.7619875,0,5.8799996,0,6.2999997,6.2999997
grid,46,-39,319.70786,0.7538443,0,5.8799996,0,6.2999997,6.2999997
grid,46,-38,320.44034,0.74582165,0,5.8799996,0,6.2999997,6.2999997
grid,46,-37,321.18863,0.73792356,0,5.8799996,0,6.2999997,6.2999997
grid,46,-36,321.95297,0.7301541,0,5.8799996,0,6.2999997,6.2999997
grid,46,-35,322.7336,0.7225173,0,5.8799996,0,6.2999997,6.2999997
grid,46,-34,323.53076,0.7150175,0,5.8799996,0,6.2999997,6.2999997
grid,46,-33,324.34467,0.707659,0,5.8799996,0,6.2999997,6.2999997
grid,46,-32,325.17554,0.7004463,0,5.8799996,0,6.2999997,6.2999997
grid,46,-31,326.02347,0.69338393,0,5.8799996,0,6.2999997,6.2999997
grid,46,-30,326.88867,0.6864765,0,5.8799996,0,6.2999997,6.2999997
grid,46,-29,327.77124,0.6797288,0,5.8799996,0,6.2999997,6.2999997
grid,46,-28,328.67133,0.6731456,0,5.8799996,0,6.2999997,6.2999997
grid,46,-27,329.58893,0.6667318,0,5.8799996,0,6.2999997,6.2999997
grid,46,-26,330.5241,0.66049224,0,5.8799996,0,6.2999997,6.2999997
grid,46,-25,331.4769,0.654432,0,5.8799996,0,6.2999997,6.2999997
grid,46,-24,332.4472,0.6485561,0,5.8799996,0,6.2999997,6.2999997
grid,46,-23,333.43497,0.64286953,0,5.8799996,0,6.2999997,6.2999997
grid,46,0,0,0.575,0,5.8799996,0,6.2999997,6.2999997
grid,46,23,26.565052,0.64286953,0,5.8799996,0,6.2999997,6.2999997
grid,46,24,27.552814,0.6485561,0,5.8799996,0,6.2999997,6.2999997
grid,46,25,28.523117,0.654432,0,5.8799996,0,6.2999997,6.2999997
grid,46,26,29.47589,0.66049224,0,5.8799996,0,6.2999997,6.2999997
grid,46,27,30.411083,0.6667318,0,5.8799996,0,6.2999997,6.2999997
grid,46,28,31.328691,0.6731456,0,5.8799996,0,6.2999997,6.2999997
grid,46,29,32.22876,0.6797288,0,5.8799996,0,6.2999997,6.2999997
grid,46,30,33.111343,0.6864765,0,5.8799996,0,6.2999997,6.2999997
grid,46,31,33.976543,0.69338393,0,5.8799996,0,6.2999997,6.2999997
grid,46,32,34.824493,0.7004463,0,5.8799996,0,6.2999997,6.2999997
grid,46,33,35.65533,0.707659,0,5.8799996,0,6.2999997,6.2999997
grid,46,34,36.469234,0.7150175,0,5.8799996,0,6.2999997,6.2999997
grid,46,35,37.266403,0.7225173,0,5.8799996,0,6.2999997,6.2999997
grid,46,36,38.047043,0.7301541,0,5.8799996,0,6.2999997,6.2999997
grid,46,37,38.811386,0.73792356,0,5.8799996,0,6.2999997,6.2999997
grid,46,38,39.559666,0.74582165,0,5.8799996,0,6.2999997,6.2999997
grid,46,39,40.29215,0.7538443,0,5.8799996,0,6.2999997,6.2999997
grid,46,40,41.009087,0.7619875,0,5.8799996,0,6.2999997,6.2999997
grid,46,41,41.710762,0.7702475,0,5.8799996,0,6.2999997,6.2999997
grid,46,42,42.397438,0.77862054,0,5.8799996,0,6.2999997,6.2999997
grid,46,43,43.069416,0.7871031,0,5.8799996,0,6.2999997,6.2999997
grid,46,44,43.726974,0.79569155,0,5.8799996,0,6.2999997,6.2999997
grid,46,45,44.370403,0.8043825,0,5.8799996,0,6.2999997,6.2999997
grid,46,46,45,0.8131728,0,5.8799996,0,6.2999997,6.2999997
grid,46,47,45.616062,0.82205915,0,5.8799996,0,6.2999997,6.2999997
grid,46,48,46.21888,0.83103853,0,5.8799996,0,6.2999997,6.2999997
grid,46,49,46.80874,0.84010786,0,5.8799996,0,6.2999997,6.2999997
grid,46,50,47.385944,0.8492644,0,5.8799996,0,6.2999997,6.2999997
grid,46,51,47.95078,0.85850525,0,5.8799996,0,6.2999997,6.2999997
grid,46,52,48.50353,0.8678277,0,5.8799996,0,6.2999997,6.2999997
grid,46,53,49.044487,0.8772293,0,5.8799996,0,6.2999997,6.2999997
grid,46,54,49.573925,0.88670737,0,5.8799996,0,6.2999997,6.2999997
grid,46,55,50.092117,0.8962596,0,5.8799996,0,6.2999997,6.2999997
grid,46,56,50.59934,0.9058835,0,5.8799996,0,6.2999997,6.2999997
grid,46,57,51.09586,0.915577,0,5.8799996,0,6.2999997,6.2999997
grid,46,58,51.581947,0.9253378,0,5.8799996,0,6.2999997,6.2999997
grid,46,59,52.05785,0.93516374,0,5.8799996,0,6.2999997,6.2999997
grid,46,60,52.52382,0.9450529,0,5.8799996,0,6.2999997,6.2999997
grid,46,61,52.980114,0.95500326,0,5.8799996,0,6.2999997,6.2999997
grid,46,62,53.42697,0.96501297,0,5.8799996,0,6.2999997,6.2999997
grid,46,63,53.864624,0.97508013,0,5.8799996,0,6.2999997,6.2999997
grid,46,64,54.293312,0.985203,0,5.8799996,0,6.2999997,6.2999997
grid,46,65,54.713253,0.9953799,0,5.8799996,0,6.2999997,6.2999997
grid,47,-64,306.29266,0.9925504,0,5.8799996,0,6.2999997,6.2999997
grid,47,-63,306.72412,0.9825032,0,5.8799996,0,6.2999997,6.2999997
grid,47,-62,307.1645,0.97251284,0,5.8799996,0,6.2999997,6.2999997
grid,47,-61,307.61395,0.96258116,0,5.8799996,0,6.2999997,6.2999997
grid,47,-60,308.07278,0.9527099,0,5.8799996,0,6.2999997,6.2999997
grid,47,-59,308.5412,0.94290113,0,5.8799996,0,6.2999997,6.2999997
grid,47,-58,309.0194,0.9331566,0,5.8799996,0,6.2999997,6.2999997
grid,47,-57,309.5077,0.9234784,0,5.8799996,0,6.2999997,6.2999997
grid,47,-56,310.0063,0.9138688,0,5.8799996,0,6.2999997,6.2999997
grid,47,-55,310.5154,0.90432984,0,5.8799996,0,6.2999997,6.2999997
grid,47,-54,311.03534,0.89486384,0,5.8799996,0,6.2999997,6.2999997
grid,47,-53,311.56638,0.885473,0,5.8799996,0,6.2999997,6.2999997
grid,47,-52,312.10873,0.8761599,0,5.8799996,0,6.2999997,6.2999997
grid,47,-51,312.66272,0.866927,0,5.8799996,0,6.2999997,6.2999997
grid,47,-50,313.22855,0.8577769,0,5.8799996,0,6.2999997,6.2999997
grid,47,-49,313.80652,0.84871227,0,5.8799996,0,6.2999997,6.2999997
grid,47,-48,314.3969,0.8397358,0,5.8799996,0,6.2999997,6.2999997
grid,47,-47,315.00003,0.8308504,0,5.8799996,0,6.2999997,6.2999997
grid,47,-46,315.6161,0.82205915,0,5.8799996,0,6.2999997,6.2999997
grid,47,-45,316.2454,0.81336486,0,5.8799996,0,6.2999997,6.2999997
grid,47,-44,316.8882,0.8047709,0,5.8799996,0,6.2999997,6.2999997
grid,47,-43,317.5448,0.79628044,0,5.8799996,0,6.2999997,6.2999997
grid,47,-42,318.2155,0.7878967,0,5.8799996,0,6.2999997,6.2999997
grid,47,-41,318.9005,0.77962327,0,5.8799996,0,6.2999997,6.2999997
grid,47,-40,319.6001,0.7714637,0,5.8799996,0,6.2999997,6.2999997
grid,47,-39,320.31458,0.7634216,0,5.8799996,0,6.2999997,6.2999997
grid,47,-38,321.0441,0.7555007,0,5.8799996,0,6.2999997,6.2999997
grid,47,-37,321.78897,0.7477048,0,5.8799996,0,6.2999997,6.2999997
grid,47,-36,322.54944,0.740038,0,5.8799996,0,6.2999997,6.2999997
grid,47,-35,323.32565,0.73250425,0,5.8799996,0,6.2999997,6.2999997
grid,47,-34,324.1179,0.7251077,0,5.8799996,0,6.2999997,6.2999997
grid,47,-33,324.92627,0.71785265,0,5.8799996,0,6.2999997,6.2999997
grid,47,-32,325.75098,0.7107434,0,5.8799996,0,6.2999997,6.2999997
grid,47,-31,326.5922,0.7037844,0,5.8799996,0,6.2999997,6.2999997
grid,47,-30,327.45,0.69698006,0,5.8799996,0,6.2999997,6.2999997
grid,47,-29,328.32455,0.69033504,0,5.8799996,0,6.2999997,6.2999997
grid,47,-28,329.21585,0.6838539,0,5.8799996,0,6.2999997,6.2999997
grid,47,-27,330.12402,0.6775415,0,5.8799996,0,6.2999997,6.2999997
grid,47,-26,331.04904,0.67140245,0,5.8799996,0,6.2999997,6.2999997
grid,47,-25,331.9908,0.6654416,0,5.8799996,0,6.2999997,6.2999997
grid,47,-24,332.9494,0.65966374,0,5.8799996,0,6.2999997,6.2999997
grid,47,-23,333.92465,0.6540737,0,5.8799996,0,6.2999997,6.2999997
grid,47,0,0,0.5875,0,5.8799996,0,6.2999997,6.2999997
grid,47,23,26.075356,0.6540737,0,5.8799996,0,6.2999997,6.2999997
grid,47,24,27.0506,0.65966374,0,5.8799996,0,6.2999997,6.2999997
grid,47,25,28.009176,0.6654416,0,5.8799996,0,6.2999997,6.2999997
grid,47,26,28.950996,0.67140245,0,5.8799996,0,6.2999997,6.2999997
grid,47,27,29.875996,0.6775415,0,5.8799996,0,6.2999997,6.2999997
grid,47,28,30.784147,0.6838539,0,5.8799996,0,6.2999997,6.2999997
grid,47,29,31.67547,0.69033504,0,5.8799996,0,6.2999997,6.2999997
grid,47,30,32.550003,0.69698006,0,5.8799996,0,6.2999997,6.2999997
grid,47,31,33.407825,0.7037844,0,5.8799996,0,6.2999997,6.2999997
grid,47,32,34.249035,0.7107434,0,5.8799996,0,6.2999997,6.2999997
grid,47,33,35.073757,0.71785265,0,5.8799996,0,6.2999997,6.2999997
grid,47,34,35.88214,0.7251077,0,5.8799996,0,6.2999997,6.2999997
grid,47,35,36.674355,0.73250425,0,5.8799996,0,6.2999997,6.2999997
grid,47,36,37.45058,0.740038,0,5.8799996,0,6.2999997,6.2999997
grid,47,37,38.211025,0.7477048,0,5.8799996,0,6.2999997,6.2999997
grid,47,38,38.95591,0.7555007,0,5.8799996,0,6.2999997,6.2999997
grid,47,39,39.68546,0.7634216,0,5.8799996,0,6.2999997,6.2999997
grid,47,40,40.399906,0.7714637,0,5.8799996,0,6.2999997,6.2999997
grid,47,41,41.099506,0.77962327,0,5.8799996,0,6.2999997,6.2999997
grid,47,42,41.784515,0.7878967,0,5.8799996,0,6.2999997,6.2999997
grid,47,43,42.4552,0.79628044,0,5.8799996,0,6.2999997,6.2999997
grid,47,44,43.111813,0.8047709,0,5.8799996,0,6.2999997,6.2999997
grid,47,45,43.75464,0.81336486,0,5.8799996,0,6.2999997,6.2999997
grid,47,46,44.383938,0.82205915,0,5.8799996,0,6.2999997,6.2999997
grid,47,47,45,0.8308504,0,5.8799996,0,6.2999997,6.2999997
grid,47,48,45.603092,0.8397358,0,5.8799996,0,6.2999997,6.2999997
grid,47,49,46.193493,0.84871227,0,5.8799996,0,6.2999997,6.2999997
grid,47,50,46.77147,0.8577769,0,5.8799996,0,6.2999997,6.2999997
grid,47,51,47.337307,0.866927,0,5.8799996,0,6.2999997,6.2999997
grid,47,52,47.89127,0.8761599,0,5.8799996,0,6.2999997,6.2999997
grid,47,53,48.43363,0.885473,0,5.8799996,0,6.2999997,6.2999997
grid,47,54,48.964657,0.89486384,0,5.8799996,0,6.2999997,6.2999997
grid,47,55,49.484608,0.90432984,0,5.8799996,0,6.2999997,6.2999997
grid,47,56,49.993744,0.9138688,0,5.8799996,0,6.2999997,6.2999997
grid,47,57,50.492325,0.9234784,0,5.8799996,0,6.2999997,6.2999997
grid,47,58,50.980602,0.9331566,0,5.8799996,0,6.2999997,6.2999997
grid,47,59,51.45882,0.94290113,0,5.8799996,0,6.2999997,6.2999997
grid,47,60,51.92722,0.9527099,0,5.8799996,0,6.2999997,6.2999997
grid,47,61,52.386047,0.96258116,0,5.8799996,0,6.2999997,6.2999997
grid,47,62,52.835526,0.97251284,0,5.8799996,0,6.2999997,6.2999997
grid,47,63,53.275898,0.9825032,0,5.8799996,0,6.2999997,6.2999997
grid,47,64,53.707375,0.9925504,0,5.8799996,0,6.2999997,6.2999997
grid,48,-64,306.8699,1,0,5.8799996,0,6.2999997,6.2999997
grid,48,-63,307.30396,0.99002844,0,5.8799996,0,6.2999997,6.2999997
grid,48,-62,307.74683,0.98011476,0,5.8799996,0,6.2999997,6.2999997
grid,48,-61,308.1987,0.9702609,0,5.8799996,0,6.2999997,6.2999997
grid,48,-60,308.65982,0.96046865,0,5.8799996,0,6.2999997,6.2999997
grid,48,-59,309.1304,0.95073986,0,5.8799996,0,6.2999997,6.2999997
grid,48,-58,309.61072,0.9410765,0,5.8799996,0,6.2999997,6.2999997
grid,48,-57,310.10092,0.93148065,0,5.8799996,0,6.2999997,6.2999997
grid,48,-56,310.6013,0.92195445,0,5.8799996,0,6.2999997,6.2999997
grid,48,-55,311.11212,0.9125,0,5.8799996,0,6.2999997,6.2999997
grid,48,-54,311.63354,0.9031196,0,5.8799996,0,6.2999997,6.2999997
grid,48,-53,312.1659,0.8938156,0,5.8799996,0,6.2999997,6.2999997
grid,48,-52,312.70938,0.88459027,0,5.8799996,0,6.2999997,6.2999997
grid,48,-51,313.2643,0.8754463,0,5.8799996,0,6.2999997,6.2999997
grid,48,-50,313.83087,0.8663862,0,5.8799996,0,6.2999997,6.2999997
grid,48,-49,314.40936,0.8574126,0,5.8799996,0,6.2999997,6.2999997
grid,48,-48,315.00003,0.84852815,0,5.8799996,0,6.2999997,6.2999997
grid,48,-47,315.6031,0.8397358,0,5.8799996,0,6.2999997,6.2999997
grid,48,-46,316.21887,0.83103853,0,5.8799996,0,6.2999997,6.2999997
grid,48,-45,316.84763,0.8224392,0,5.8799996,0,6.2999997,6.2999997
grid,48,-44,317.48956,0.81394106,0,5.8799996,0,6.2999997,6.2999997
grid,48,-43,318.14496,0.8055472,0,5.8799996,0,6.2999997,6.2999997
grid,48,-42,318.8141,0.79726094,0,5.8799996,0,6.2999997,6.2999997
grid,48,-41,319.49716,0.7890857,0,5.8799996,0,6.2999997,6.2999997
grid,48,-40,320.19443,0.781025,0,5.8799996,0,6.2999997,6.2999997
grid,48,-39,320.90616,0.7730823,0,5.8799996,0,6.2999997,6.2999997
grid,48,-38,321.6325,0.7652614,0,5.8799996,0,6.2999997,6.2999997
grid,48,-37,322.37378,0.75756603,0,5.8799996,0,6.2999997,6.2999997
grid,48,-36,323.13013,0.75,0,5.8799996,0,6.2999997,6.2999997
grid,48,-35,323.90173,0.74256736,0,5.8799996,0,6.2999997,6.2999997
grid,48,-34,324.6888,0.7352721,0,5.8799996,0,6.2999997,6.2999997
grid,48,-33,325.4915,0.7281183,0,5.8799996,0,6.2999997,6.2999997
grid,48,-32,326.30994,0.7211103,0,5.8799996,0,6.2999997,6.2999997
grid,48,-31,327.1443,0.71425223,0,5.8799996,0,6.2999997,6.2999997
grid,48,-30,327.99463,0.7075486,0,5.8799996,0,6.2999997,6.2999997
grid,48,-29,328.86105,0.70100373,0,5.8799996,0,6.2999997,6.2999997
grid,48,-28,329.7436,0.6946222,0,5.8799996,0,6.2999997,6.2999997
grid,48,-27,330.64224,0.6884085,0,5.8799996,0,6.2999997,6.2999997
grid,48,-26,331.5571,0.6823672,0,5.8799996,0,6.2999997,6.2999997
grid,48,-25,332.488,0.67650294,0,5.8799996,0,6.2999997,6.2999997
grid,48,-24,333.43497,0.6708204,0,5.8799996,0,6.2999997,6.2999997
grid,48,-23,334.39783,0.6653242,0,5.8799996,0,6.2999997,6.2999997
grid,48,0,0,0.6,0,5.8799996,0,6.2999997,6.2999997
grid,48,23,25.602186,0.6653242,0,5.8799996,0,6.2999997,6.2999997
grid,48,24,26.565052,0.6708204,0,5.8799996,0,6.2999997,6.2999997
grid,48,25,27.512003,0.67650294,0,5.8799996,0,6.2999997,6.2999997
grid,48,26,28.442926,0.6823672,0,5.8799996,0,6.2999997,6.2999997
grid,48,27,29.357756,0.6884085,0,5.8799996,0,6.2999997,6.2999997
grid,48,28,30.256437,0.6946222,0,5.8799996,0,6.2999997,6.2999997
grid,48,29,31.138973,0.70100373,0,5.8799996,0,6.2999997,6.2999997
grid,48,30,32.005383,0.7075486,0,5.8799996,0,6.2999997,6.2999997
grid,48,31,32.85572,0.71425223,0,5.8799996,0,6.2999997,6.2999997
grid,48,32,33.690067,0.7211103,0,5.8799996,0,6.2999997,6.2999997
grid,48,33,34.508522,0.7281183,0,5.8799996,0,6.2999997,6.2999997
grid,48,34,35.311214,0.7352721,0,5.8799996,0,6.2999997,6.2999997
grid,48,35,36.098286,0.74256736,0,5.8799996,0,6.2999997,6.2999997
grid,48,36,36.869896,0.75,0,5.8799996,0,6.2999997,6.2999997
grid,48,37,37.626232,0.75756603,0,5.8799996,0,6.2999997,6.2999997
grid,48,38,38.367485,0.7652614,0,5.8799996,0,6.2999997,6.2999997
grid,48,39,39.093857,0.7730823,0,5.8799996,0,6.2999997,6.2999997
grid,48,40,39.805573,0.781025,0,5.8799996,0,6.2999997,6.2999997
grid,48,41,40.50285,0.7890857,0,5.8799996,0,6.2999997,6.2999997
grid,48,42,41.185925,0.79726094,0,5.8799996,0,6.2999997,6.2999997
grid,48,43,41.85504,0.8055472,0,5.8799996,0,6.2999997,6.2999997
grid,48,44,42.510445,0.81394106,0,5.8799996,0,6.2999997,6.2999997
grid,48,45,43.15239,0.8224392,0,5.8799996,0,6.2999997,6.2999997
grid,48,46,43.781124,0.83103853,0,5.8799996,0,6.2999997,6.2999997
grid,48,47,44.396908,0.8397358,0,5.8799996,0,6.2999997,6.2999997
grid,48,48,45,0.84852815,0,5.8799996,0,6.2999997,6.2999997
grid,48,49,45.590656,0.8574126,0,5.8799996,0,6.2999997,6.2999997
grid,48,50,46.16914,0.8663862,0,5.8799996,0,6.2999997,6.2999997
grid,48,51,46.735703,0.8754463,0,5.8799996,0,6.2999997,6.2999997
grid,48,52,47.290607,0.88459027,0,5.8799996,0,6.2999997,6.2999997
grid,48,53,47.83411,0.8938156,0,5.8799996,0,6.2999997,6.2999997
grid,48,54,48.366463,0.9031196,0,5.8799996,0,6.2999997,6.2999997
grid,48,55,48.88791,0.9125,0,5.8799996,0,6.2999997,6.2999997
grid,48,56,49.398705,0.92195445,0,5.8799996,0,6.2999997,6.2999997
grid,48,57,49.89909,0.93148065,0,5.8799996,0,6.2999997,6.2999997
grid,48,58,50.389317,0.9410765,0,5.8799996,0,6.2999997,6.2999997
grid,48,59,50.8696,0.95073986,0,5.8799996,0,6.2999997,6.2999997
grid,48,60,51.340195,0.96046865,0,5.8799996,0,6.2999997,6.2999997
grid,48,61,51.80131,0.9702609,0,5.8799996,0,6.2999997,6.2999997
grid,48,62,52.253197,0.98011476,0,5.8799996,0,6.2999997,6.2999997
grid,48,63,52.696053,0.99002844,0,5.8799996,0,6.2999997,6.2999997
grid,48,64,53.130104,1,0,5.8799996,0,6.2999997,6.2999997
grid,49,-63,307.875,0.99765354,0,5.8799996,0,6.2999997,6.2999997
grid,49,-62,308.32013,0.9878164,0,5.8799996,0,6.2999997,6.2999997
grid,49,-61,308.7742,0.97804016,0,5.8799996,0,6.2999997,6.2999997
grid,49,-60,309.2374,0.9683265,0,5.8799996,0,6.2999997,6.2999997
grid,49,-59,309.70993,0.9586775,0,5.8799996,0,6.2999997,6.2999997
grid,49,-58,310.19205,0.94909495,0,5.8799996,0,6.2999997,6.2999997
grid,49,-57,310.684,0.93958104,0,5.8799996,0,6.2999997,6.2999997
grid,49,-56,311.18594,0.93013775,0,5.8799996,0,6.2999997,6.2999997
grid,49,-55,311.69815,0.92076737,0,5.8799996,0,6.2999997,6.2999997
grid,49,-54,312.22086,0.911472,0,5.8799996,0,6.2999997,6.2999997
grid,49,-53,312.75427,0.90225416,0,5.8799996,0,6.2999997,6.2999997
grid,49,-52,313.29865,0.893116,0,5.8799996,0,6.2999997,6.2999997
grid,49,-51,313.85425,0.8840602,0,5.8799996,0,6.2999997,6.2999997
grid,49,-50,314.4213,0.8750893,0,5.8799996,0,6.2999997,6.2999997
grid,49,-49,315.00003,0.8662058,0,5.8799996,0,6.2999997,6.2999997
grid,49,-48,315.59067,0.8574126,0,5.8799996,0,6.2999997,6.2999997
grid,49,-47,316.1935,0.84871227,0,5.8799996,0,6.2999997,6.2999997
grid,49,-46,316.80878,0.84010786,0,5.8799996,0,6.2999997,6.2999997
grid,49,-45,317.43665,0.8316024,0,5.8799996,0,6.2999997,6.2999997
grid,49,-44,318.07745,0.8231988,0,5.8799996,0,6.2999997,6.2999997
grid,49,-43,318.7314,0.8149003,0,5.8799996,0,6.2999997,6.2999997
grid,49,-42,319.3987,0.8067101,0,5.8799996,0,6.2999997,6.2999997
grid,49,-41,320.07962,0.79863167,0,5.8799996,0,6.2999997,6.2999997
grid,49,-40,320.77435,0.79066825,0,5.8799996,0,6.2999997,6.2999997
grid,49,-39,321.48306,0.78282344,0,5.8799996,0,6.2999997,6.2999997
grid,49,-38,322.20605,0.7751008,0,5.8799996,0,6.2999997,6.2999997
grid,49,-37,322.94348,0.7675041,0,5.8799996,0,6.2999997,6.2999997
grid,49,-36,323.6955,0.760037,0,5.8799996,0,6.2999997,6.2999997
grid,49,-35,324.46234,0.7527035,0,5.8799996,0,6.2999997,6.2999997
grid,49,-34,325.2441,0.74550736,0,5.8799996,0,6.2999997,6.2999997
grid,49,-33,326.04095,0.7384528,0,5.8799996,0,6.2999997,6.2999997
grid,49,-32,326.85303,0.7315437,0,5.8799996,0,6.2999997,6.2999997
grid,49,-31,327.68042,0.72478443,0,5.8799996,0,6.2999997,6.2999997
grid,49,-30,328.52316,0.71817917,0,5.8799996,0,6.2999997,6.2999997
grid,49,-29,329.3814,0.7117321,0,5.8799996,0,6.2999997,6.2999997
grid,49,-28,330.25513,0.70544755,0,5.8799996,0,6.2999997,6.2999997
grid,49,-27,331.14435,0.69933003,0,5.8799996,0,6.2999997,6.2999997
grid,49,-26,332.04904,0.69338393,0,5.8799996,0,6.2999997,6.2999997
grid,49,-25,332.96915,0.6876136,0,5.8799996,0,6.2999997,6.2999997
grid,49,-24,333.9046,0.68202364,0,5.8799996,0,6.2999997,6.2999997
grid,49,-23,334.85522,0.6766184,0,5.8799996,0,6.2999997,6.2999997
grid,49,0,0,0.6125,0,5.8799996,0,6.2999997,6.2999997
grid,49,23,25.144785,0.6766184,0,5.8799996,0,6.2999997,6.2999997
grid,49,24,26.095425,0.68202364,0,5.8799996,0,6.2999997,6.2999997
grid,49,25,27.030859,0.6876136,0,5.8799996,0,6.2999997,6.2999997
grid,49,26,27.950968,0.69338393,0,5.8799996,0,6.2999997,6.2999997
grid,49,27,28.855661,0.69933003,0,5.8799996,0,6.2999997,6.2999997
grid,49,28,29.74488,0.70544755,0,5.8799996,0,6.2999997,6.2999997
grid,49,29,30.618608,0.7117321,0,5.8799996,0,6.2999997,6.2999997
grid,49,30,31.47684,0.71817917,0,5.8799996,0,6.2999997,6.2999997
grid,49,31,32.319614,0.72478443,0,5.8799996,0,6.2999997,6.2999997
grid,49,32,33.146996,0.7315437,0,5.8799996,0,6.2999997,6.2999997
grid,49,33,33.95906,0.7384528,0,5.8799996,0,6.2999997,6.2999997
grid,49,34,34.755913,0.74550736,0,5.8799996,0,6.2999997,6.2999997
grid,49,35,35.537678,0.7527035,0,5.8799996,0,6.2999997,6.2999997
grid,49,36,36.304493,0.760037,0,5.8799996,0,6.2999997,6.2999997
grid,49,37,37.05653,0.7675041,0,5.8799996,0,6.2999997,6.2999997
grid,49,38,37.793945,0.7751008,0,5.8799996,0,6.2999997,6.2999997
grid,49,39,38.516926,0.78282344,0,5.8799996,0,6.2999997,6.2999997
grid,49,40,39.225674,0.79066825,0,5.8799996,0,6.2999997,6.2999997
grid,49,41,39.92039,0.79863167,0,5.8799996,0,6.2999997,6.2999997
grid,49,42,40.601295,0.8067101,0,5.8799996,0,6.2999997,6.2999997
grid,49,43,41.268604,0.8149003,0,5.8799996,0,6.2999997,6.2999997
grid,49,44,41.922543,0.8231988,0,5.8799996,0,6.2999997,6.2999997
grid,49,45,42.56335,0.8316024,0,5.8799996,0,6.2999997,6.2999997
grid,49,46,43.19126,0.84010786,0,5.8799996,0,6.2999997,6.2999997
grid,49,47,43.80651,0.84871227,0,5.8799996,0,6.2999997,6.2999997
grid,49,48,44.409344,0.8574126,0,5.8799996,0,6.2999997,6.2999997
grid,49,49,45,0.8662058,0,5.8799996,0,6.2999997,6.2999997
grid,49,50,45.578728,0.8750893,0,5.8799996,0,6.2999997,6.2999997
grid,49,51,46.145763,0.8840602,0,5.8799996,0,6.2999997,6.2999997
grid,49,52,46.701355,0.893116,0,5.8799996,0,6.2999997,6.2999997
grid,49,53,47.24574,0.90225416,0,5.8799996,0,6.2999997,6.2999997
grid,49,54,47.779163,0.911472,0,5.8799996,0,6.2999997,6.2999997
grid,49,55,48.301865,0.92076737,0,5.8799996,0,6.2999997,6.2999997
grid,49,56,48.814075,0.93013775,0,5.8799996,0,6.2999997,6.2999997
grid,49,57,49.316025,0.93958104,0,5.8799996,0,6.2999997,6.2999997
grid,49,58,49.807957,0.94909495,0,5.8799996,0,6.2999997,6.2999997
grid,49,59,50.29008,0.9586775,0,5.8799996,0,6.2999997,6.2999997
grid,49,60,50.762634,0.9683265,0,5.8799996,0,6.2999997,6.2999997
grid,49,61,51.22583,0.97804016,0,5.8799996,0,6.2999997,6.2999997
grid,49,62,51.679886,0.9878164,0,5.8799996,0,6.2999997,6.2999997
grid,49,63,52.125015,0.99765354,0,5.8799996,0,6.2999997,6.2999997
grid,50,-62,308.88452,0.99561536,0,5.8799996,0,6.2999997,6.2999997
grid,50,-61,309.3405,0.98591644,0,5.8799996,0,6.2999997,6.2999997
grid,50,-60,309.80557,0.9762812,0,5.8799996,0,6.2999997,6.2999997
grid,50,-59,310.27988,0.9667116,0,5.8799996,0,6.2999997,6.2999997
grid,50,-58,310.7636,0.9572095,0,5.8799996,0,6.2999997,6.2999997
grid,50,-57,311.25702,0.947777,0,5.8799996,0,6.2999997,6.2999997
grid,50,-56,311.7603,0.93841624,0,5.8799996,0,6.2999997,6.2999997
grid,50,-55,312.2737,0.9291293,0,5.8799996,0,6.2999997,6.2999997
grid,50,-54,312.79742,0.9199185,0,5.8799996,0,6.2999997,6.2999997
grid,50,-53,313.3317,0.9107861,0,5.8799996,0,6.2999997,6.2999997
grid,50,-52,313.8767,0.9017344,0,5.8799996,0,6.2999997,6.2999997
grid,50,-51,314.43274,0.89276606,0,5.8799996,0,6.2999997,6.2999997
grid,50,-50,315.00003,0.8838835,0,5.8799996,0,6.2999997,6.2999997
grid,50,-49,315.57874,0.8750893,0,5.8799996,0,6.2999997,6.2999997
grid,50,-48,316.16916,0.8663862,0,5.8799996,0,6.2999997,6.2999997
grid,50,-47,316.7715,0.8577769,0,5.8799996,0,6.2999997,6.2999997
grid,50,-46,317.38596,0.8492644,0,5.8799996,0,6.2999997,6.2999997
grid,50,-45,318.0128,0.8408515,0,5.8799996,0,6.2999997,6.2999997
grid,50,-44,318.65222,0.8325413,0,5.8799996,0,6.2999997,6.2999997
grid,50,-43,319.3045,0.8243369,0,5.8799996,0,6.2999997,6.2999997
grid,50,-42,319.96976,0.8162414,0,5.8799996,0,6.2999997,6.2999997
grid,50,-41,320.64825,0.8082581,0,5.8799996,0,6.2999997,6.2999997
grid,50,-40,321.3402,0.80039054,0,5.8799996,0,6.2999997,6.2999997
grid,50,-39,322.04578,0.79264194,0,5.8799996,0,6.2999997,6.2999997
grid,50,-38,322.7652,0.7850159,0,5.8799996,0,6.2999997,6.2999997
grid,50,-37,323.4986,0.7775161,0,5.8799996,0,6.2999997,6.2999997
grid,50,-36,324.24612,0.7701461,0,5.8799996,0,6.2999997,6.2999997
grid,50,-35,325.008,0.7629097,0,5.8799996,0,6.2999997,6.2999997
grid,50,-34,325.78433,0.75581086,0,5.8799996,0,6.2999997,6.2999997
grid,50,-33,326.5752,0.74885327,0,5.8799996,0,6.2999997,6.2999997
grid,50,-32,327.38077,0.7420411,0,5.8799996,0,6.2999997,6.2999997
grid,50,-31,328.2011,0.7353783,0,5.8799996,0,6.2999997,6.2999997
grid,50,-30,329.03625,0.72886896,0,5.8799996,0,6.2999997,6.2999997
grid,50,-29,329.8863,0.7225173,0,5.8799996,0,6.2999997,6.2999997
grid,50,-28,330.7512,0.7163274,0,5.8799996,0,6.2999997,6.2999997
grid,50,-27,331.63095,0.71030366,0,5.8799996,0,6.2999997,6.2999997
grid,50,-26,332.52557,0.70445013,0,5.8799996,0,6.2999997,6.2999997
grid,50,-25,333.43497,0.69877124,0,5.8799996,0,6.2999997,6.2999997
grid,50,-24,334.359,0.6932712,0,5.8799996,0,6.2999997,6.2999997
grid,50,-23,335.2976,0.6879544,0,5.8799996,0,6.2999997,6.2999997
grid,50,0,0,0.625,0,5.8799996,0,6.2999997,6.2999997
grid,50,23,24.702429,0.6879544,0,5.8799996,0,6.2999997,6.2999997
grid,50,24,25.641006,0.6932712,0,5.8799996,0,6.2999997,6.2999997
grid,50,25,26.565052,0.69877124,0,5.8799996,0,6.2999997,6.2999997
grid,50,26,27.474432,0.70445013,0,5.8799996,0,6.2999997,6.2999997
grid,50,27,28.369047,0.71030366,0,5.8799996,0,6.2999997,6.2999997
grid,50,28,29.248827,0.7163274,0,5.8799996,0,6.2999997,6.2999997
grid,50,29,30.113733,0.7225173,0,5.8799996,0,6.2999997,6.2999997
grid,50,30,30.963758,0.72886896,0,5.8799996,0,6.2999997,6.2999997
grid,50,31,31.798912,0.7353783,0,5.8799996,0,6.2999997,6.2999997
grid,50,32,32.619244,0.7420411,0,5.8799996,0,6.2999997,6.2999997
grid,50,33,33.424812,0.74885327,0,5.8799996,0,6.2999997,6.2999997
grid,50,34,34.215702,0.75581086,0,5.8799996,0,6.2999997,6.2999997
grid,50,35,34.99202,0.7629097,0,5.8799996,0,6.2999997,6.2999997
grid,50,36,35.753887,0.7701461,0,5.8799996,0,6.2999997,6.2999997
grid,50,37,36.501442,0.7775161,0,5.8799996,0,6.2999997,6.2999997
grid,50,38,37.234837,0.7850159,0,5.8799996,0,6.2999997,6.2999997
grid,50,39,37.95423,0.79264194,0,5.8799996,0,6.2999997,6.2999997
grid,50,40,38.65981,0.80039054,0,5.8799996,0,6.2999997,6.2999997
grid,50,41,39.351753,0.8082581,0,5.8799996,0,6.2999997,6.2999997
grid,50,42,40.030262,0.8162414,0,5.8799996,0,6.2999997,6.2999997
grid,50,43,40.69553,0.8243369,0,5.8799996,0,6.2999997,6.2999997
grid,50,44,41.34778,0.8325413,0,5.8799996,0,6.2999997,6.2999997
grid,50,45,41.987213,0.8408515,0,5.8799996,0,6.2999997,6.2999997
grid,50,46,42.614056,0.8492644,0,5.8799996,0,6.2999997,6.2999997
grid,50,47,43.228527,0.8577769,0,5.8799996,0,6.2999997,6.2999997
grid,50,48,43.83086,0.8663862,0,5.8799996,0,6.2999997,6.2999997
grid,50,49,44.421276,0.8750893,0,5.8799996,0,6.2999997,6.2999997
grid,50,50,45,0.8838835,0,5.8799996,0,6.2999997,6.2999997
grid,50,51,45.567265,0.89276606,0,5.8799996,0,6.2999997,6.2999997
grid,50,52,46.123302,0.9017344,0,5.8799996,0,6.2999997,6.2999997
grid,50,53,46.66834,0.9107861,0,5.8799996,0,6.2999997,6.2999997
grid,50,54,47.202602,0.9199185,0,5.8799996,0,6.2999997,6.2999997
grid,50,55,47.726315,0.9291293,0,5.8799996,0,6.2999997,6.2999997
grid,50,56,48.2397,0.93841624,0,5.8799996,0,6.2999997,6.2999997
grid,50,57,48.74299,0.947777,0,5.8799996,0,6.2999997,6.2999997
grid,50,58,49.236397,0.9572095,0,5.8799996,0,6.2999997,6.2999997
grid,50,59,49.720142,0.9667116,0,5.8799996,0,6.2999997,6.2999997
grid,50,60,50.194427,0.9762812,0,5.8799996,0,6.2999997,6.2999997
grid,50,61,50.65948,0.98591644,0,5.8799996,0,6.2999997,6.2999997
grid,50,62,51.115505,0.99561536,0,5.8799996,0,6.2999997,6.2999997
grid,51,-61,309.89786,0.99388754,0,5.8799996,0,6.2999997,6.2999997
grid,51,-60,310.36453,0.98433036,0,5.8799996,0,6.2999997,6.2999997
grid,51,-59,310.8404,0.97483975,0,5.8799996,0,6.2999997,6.2999997
grid,51,-58,311.32553,0.9654177,0,5.8799996,0,6.2999997,6.2999997
grid,51,-57,311.8202,0.95606613,0,5.8799996,0,6.2999997,6.2999997
grid,51,-56,312.3246,0.9467873,0,5.8799996,0,6.2999997,6.2999997
grid,51,-55,312.83893,0.9375833,0,5.8799996,0,6.2999997,6.2999997
grid,51,-54,313.36343,0.92845637,0,5.8799996,0,6.2999997,6.2999997
grid,51,-53,313.89832,0.91940874,0,5.8799996,0,6.2999997,6.2999997
grid,51,-52,314.4438,0.9104428,0,5.8799996,0,6.2999997,6.2999997
grid,51,-51,315.00003,0.90156114,0,5.8799996,0,6.2999997,6.2999997
grid,51,-50,315.5673,0.89276606,0,5.8799996,0,6.2999997,6.2999997
grid,51,-49,316.14578,0.8840602,0,5.8799996,0,6.2999997,6.2999997
grid,51,-48,316.73572,0.8754463,0,5.8799996,0,6.2999997,6.2999997
grid,51,-47,317.3373,0.866927,0,5.8799996,0,6.2999997,6.2999997
grid,51,-46,317.9508,0.85850525,0,5.8799996,0,6.2999997,6.2999997
grid,51,-45,318.57632,0.8501838,0,5.8799996,0,6.2999997,6.2999997
grid,51,-44,319.2142,0.8419657,0,5.8799996,0,6.2999997,6.2999997
grid,51,-43,319.86453,0.833854,0,5.8799996,0,6.2999997,6.2999997
grid,51,-42,320.52756,0.8258518,0,5.8799996,0,6.2999997,6.2999997
grid,51,-41,321.20346,0.8179624,0,5.8799996,0,6.2999997,6.2999997
grid,51,-40,321.89246,0.810189,0,5.8799996,0,6.2999997,6.2999997
grid,51,-39,322.59464,0.80253506,0,5.8799996,0,6.2999997,6.2999997
grid,51,-38,323.31027,0.7950039,0,5.8799996,0,6.2999997,6.2999997
grid,51,-37,324.0395,0.78759915,0,5.8799996,0,6.2999997,6.2999997
grid,51,-36,324.7824,0.7803244,0,5.8799996,0,6.2999997,6.2999997
grid,51,-35,325.53918,0.77318335,0,5.8799996,0,6.2999997,6.2999997
grid,51,-34,326.30994,0.7661796,0,5.8799996,0,6.2999997,6.2999997
grid,51,-33,327.09476,0.7593171,0,5.8799996,0,6.2999997,6.2999997
grid,51,-32,327.89377,0.75259966,0,5.8799996,0,6.2999997,6.2999997
grid,51,-31,328.70697,0.74603117,0,5.8799996,0,6.2999997,6.2999997
grid,51,-30,329.5345,0.7396156,0,5.8799996,0,6.2999997,6.2999997
grid,51,-29,330.37625,0.733357,0,5.8799996,0,6.2999997,6.2999997
grid,51,-28,331.2324,0.7272594,0,5.8799996,0,6.2999997,6.2999997
grid,51,-27,332.10272,0.7213269,0,5.8799996,0,6.2999997,6.2999997
grid,51,-26,332.98737,0.71556354,0,5.8799996,0,6.2999997,6.2999997
grid,51,-25,333.8861,0.7099736,0,5.8799996,0,6.2999997,6.2999997
grid,51,-24,334.7989,0.704561,0,5.8799996,0,6.2999997,6.2999997
grid,51,-23,335.7256,0.69933003,0,5.8799996,0,6.2999997,6.2999997
grid,51,0,0,0.6375,0,5.8799996,0,6.2999997,6.2999997
grid,51,23,24.27444,0.69933003,0,5.8799996,0,6.2999997,6.2999997
grid,51,24,25.201126,0.704561,0,5.8799996,0,6.2999997,6.2999997
grid,51,25,26.113914,0.7099736,0,5.8799996,0,6.2999997,6.2999997
grid,51,26,27.012665,0.71556354,0,5.8799996,0,6.2999997,6.2999997
grid,51,27,27.897272,0.7213269,0,5.8799996,0,6.2999997,6.2999997
grid,51,28,28.76765,0.7272594,0,5.8799996,0,6.2999997,6.2999997
grid,51,29,29.62375,0.733357,0,5.8799996,0,6.2999997,6.2999997
grid,51,30,30.465548,0.7396156,0,5.8799996,0,6.2999997,6.2999997
grid,51,31,31.293037,0.74603117,0,5.8799996,0,6.2999997,6.2999997
grid,51,32,32.10626,0.75259966,0,5.8799996,0,6.2999997,6.2999997
grid,51,33,32.905243,0.7593171,0,5.8799996,0,6.2999997,6.2999997
grid,51,34,33.690067,0.7661796,0,5.8799996,0,6.2999997,6.2999997
grid,51,35,34.46082,0.77318335,0,5.8799996,0,6.2999997,6.2999997
grid,51,36,35.217594,0.7803244,0,5.8799996,0,6.2999997,6.2999997
grid,51,37,35.960518,0.78759915,0,5.8799996,0,6.2999997,6.2999997
grid,51,38,36.689724,0.7950039,0,5.8799996,0,6.2999997,6.2999997
grid,51,39,37.405357,0.80253506,0,5.8799996,0,6.2999997,6.2999997
grid,51,40,38.10758,0.810189,0,5.8799996,0,6.2999997,6.2999997
grid,51,41,38.796555,0.8179624,0,5.8799996,0,6.2999997,6.2999997
grid,51,42,39.472458,0.8258518,0,5.8799996,0,6.2999997,6.2999997
grid,51,43,40.13549,0.833854,0,5.8799996,0,6.2999997,6.2999997
grid,51,44,40.785824,0.8419657,0,5.8799996,0,6.2999997,6.2999997
grid,51,45,41.423668,0.8501838,0,5.8799996,0,6.2999997,6.2999997
grid,51,46,42.04922,0.85850525,0,5.8799996,0,6.2999997,6.2999997
grid,51,47,42.662693,0.866927,0,5.8799996,0,6.2999997,6.2999997
grid,51,48,43.264297,0.8754463,0,5.8799996,0,6.2999997,6.2999997
grid,51,49,43.85424,0.8840602,0,5.8799996,0,6.2999997,6.2999997
grid,51,50,44.432735,0.89276606,0,5.8799996,0,6.2999997,6.2999997
grid,51,51,45,0.90156114,0,5.8799996,0,6.2999997,6.2999997
grid,51,52,45.55625,0.9104428,0,5.8799996,0,6.2999997,6.2999997
grid,51,53,46.101707,0.91940874,0,5.8799996,0,6.2999997,6.2999997
grid,51,54,46.63658,0.92845637,0,5.8799996,0,6.2999997,6.2999997
grid,51,55,47.16108,0.9375833,0,5.8799996,0,6.2999997,6.2999997
grid,51,56,47.675426,0.9467873,0,5.8799996,0,6.2999997,6.2999997
grid,51,57,48.17983,0.95606613,0,5.8799996,0,6.2999997,6.2999997
grid,51,58,48.6745,0.9654177,0,5.8799996,0,6.2999997,6.2999997
grid,51,59,49.15964,0.97483975,0,5.8799996,0,6.2999997,6.2999997
grid,51,60,49.635468,0.98433036,0,5.8799996,0,6.2999997,6.2999997
grid,51,61,50.102165,0.99388754,0,5.8799996,0,6.2999997,6.2999997
grid,52,-60,310.9144,0.99247164,0,5.8799996,0,6.2999997,6.2999997
grid,52,-59,311.39154,0.98305964,0,5.8799996,0,6.2999997,6.2999997
grid,52,-58,311.8779,0.9737171,0,5.8799996,0,6.2999997,6.2999997
grid,52,-57,312.3736,0.96444607,0,5.8799996,0,6.2999997,6.2999997
grid,52,-56,312.8789,0.9552486,0,5.8799996,0,6.2999997,6.2999997
grid,52,-55,313.394,0.94612694,0,5.8799996,0,6.2999997,6.2999997
grid,52,-54,313.91907,0.93708324,0,5.8799996,0,6.2999997,6.2999997
grid,52,-53,314.45435,0.9281197,0,5.8799996,0,6.2999997,6.2999997
grid,52,-52,315.00003,0.91923875,0,5.8799996,0,6.2999997,6.2999997
grid,52,-51,315.55627,0.9104428,0,5.8799996,0,6.2999997,6.2999997
grid,52,-50,316.12332,0.9017344,0,5.8799996,0,6.2999997,6.2999997
grid,52,-49,316.70135,0.893116,0,5.8799996,0,6.2999997,6.2999997
grid,52,-48,317.29062,0.88459027,0,5.8799996,0,6.2999997,6.2999997
grid,52,-47,317.89127,0.8761599,0,5.8799996,0,6.2999997,6.2999997
grid,52,-46,318.50354,0.8678277,0,5.8799996,0,6.2999997,6.2999997
grid,52,-45,319.12762,0.85959655,0,5.8799996,0,6.2999997,6.2999997
grid,52,-44,319.76364,0.8514693,0,5.8799996,0,6.2999997,6.2999997
grid,52,-43,320.4119,0.843449,0,5.8799996,0,6.2999997,6.2999997
grid,52,-42,321.07248,0.8355387,0,5.8799996,0,6.2999997,6.2999997
grid,52,-41,321.7456,0.8277416,0,5.8799996,0,6.2999997,6.2999997
grid,52,-40,322.43143,0.82006097,0,5.8799996,0,6.2999997,6.2999997
grid,52,-39,323.1301,0.8125,0,5.8799996,0,6.2999997,6.2999997
grid,52,-38,323.84183,0.80506206,0,5.8799996,0,6.2999997,6.2999997
grid,52,-37,324.5667,0.7977507,0,5.8799996,0,6.2999997,6.2999997
grid,52,-36,325.30487,0.79056937,0,5.8799996,0,6.2999997,6.2999997
grid,52,-35,326.05643,0.78352165,0,5.8799996,0,6.2999997,6.2999997
grid,52,-34,326.8215,0.7766112,0,5.8799996,0,6.2999997,6.2999997
grid,52,-33,327.60016,0.7698417,0,5.8799996,0,6.2999997,6.2999997
grid,52,-32,328.39252,0.76321685,0,5.8799996,0,6.2999997,6.2999997
grid,52,-31,329.19858,0.7567405,0,5.8799996,0,6.2999997,6.2999997
grid,52,-30,330.01837,0.7504165,0,5.8799996,0,6.2999997,6.2999997
grid,52,-29,330.85193,0.74424875,0,5.8799996,0,6.2999997,6.2999997
grid,52,-28,331.69925,0.73824114,0,5.8799996,0,6.2999997,6.2999997
grid,52,-27,332.56027,0.73239756,0,5.8799996,0,6.2999997,6.2999997
grid,52,-26,333.43497,0.72672206,0,5.8799996,0,6.2999997,6.2999997
grid,52,-25,334.3232,0.7212185,0,5.8799996,0,6.2999997,6.2999997
grid,52,-24,335.22485,0.715891,0,5.8799996,0,6.2999997,6.2999997
grid,52,-23,336.13983,0.7107434,0,5.8799996,0,6.2999997,6.2999997
grid,52,0,0,0.65,0,5.8799996,0,6.2999997,6.2999997
grid,52,23,23.860176,0.7107434,0,5.8799996,0,6.2999997,6.2999997
grid,52,24,24.775143,0.715891,0,5.8799996,0,6.2999997,6.2999997
grid,52,25,25.676817,0.7212185,0,5.8799996,0,6.2999997,6.2999997
grid,52,26,26.565052,0.72672206,0,5.8799996,0,6.2999997,6.2999997
grid,52,27,27.439728,0.73239756,0,5.8799996,0,6.2999997,6.2999997
grid,52,28,28.300758,0.73824114,0,5.8799996,0,6.2999997,6.2999997
grid,52,29,29.148075,0.74424875,0,5.8799996,0,6.2999997,6.2999997
grid,52,30,29.981638,0.7504165,0,5.8799996,0,6.2999997,6.2999997
grid,52,31,30.801445,0.7567405,0,5.8799996,0,6.2999997,6.2999997
grid,52,32,31.607504,0.76321685,0,5.8799996,0,6.2999997,6.2999997
grid,52,33,32.39984,0.7698417,0,5.8799996,0,6.2999997,6.2999997
grid,52,34,33.178516,0.7766112,0,5.8799996,0,6.2999997,6.2999997
grid,52,35,33.94359,0.78352165,0,5.8799996,0,6.2999997,6.2999997
grid,52,36,34.695156,0.79056937,0,5.8799996,0,6.2999997,6.2999997
grid,52,37,35.433315,0.7977507,0,5.8799996,0,6.2999997,6.2999997
grid,52,38,36.158188,0.80506206,0,5.8799996,0,6.2999997,6.2999997
grid,52,39,36.8699,0.8125,0,5.8799996,0,6.2999997,6.2999997
grid,52,40,37.568592,0.82006097,0,5.8799996,0,6.2999997,6.2999997
grid,52,41,38.25442,0.8277416,0,5.8799996,0,6.2999997,6.2999997
grid,52,42,38.927544,0.8355387,0,5.8799996,0,6.2999997,6.2999997
grid,52,43,39.58813,0.843449,0,5.8799996,0,6.2999997,6.2999997
grid,52,44,40.236362,0.8514693,0,5.8799996,0,6.2999997,6.2999997
grid,52,45,40.87241,0.85959655,0,5.8799996,0,6.2999997,6.2999997
grid,52,46,41.49647,0.8678277,0,5.8799996,0,6.2999997,6.2999997
grid,52,47,42.10873,0.8761599,0,5.8799996,0,6.2999997,6.2999997
grid,52,48,42.709393,0.88459027,0,5.8799996,0,6.2999997,6.2999997
grid,52,49,43.29865,0.893116,0,5.8799996,0,6.2999997,6.2999997
grid,52,50,43.876698,0.9017344,0,5.8799996,0,6.2999997,6.2999997
grid,52,51,44.443752,0.9104428,0,5.8799996,0,6.2999997,6.2999997
grid,52,52,45,0.91923875,0,5.8799996,0,6.2999997,6.2999997
grid,52,53,45.54566,0.9281197,0,5.8799996,0,6.2999997,6.2999997
grid,52,54,46.08093,0.93708324,0,5.8799996,0,6.2999997,6.2999997
grid,52,55,46.606003,0.94612694,0,5.8799996,0,6.2999997,6.2999997
grid,52,56,47.1211,0.9552486,0,5.8799996,0,6.2999997,6.2999997
grid,52,57,47.626408,0.96444607,0,5.8799996,0,6.2999997,6.2999997
grid,52,58,48.12213,0.9737171,0,5.8799996,0,6.2999997,6.2999997
grid,52,59,48.60847,0.98305964,0,5.8799996,0,6.2999997,6.2999997
grid,52,60,49.085617,0.99247164,0,5.8799996,0,6.2999997,6.2999997
grid,53,-59,311.93353,0.991369,0,5.8799996,0,6.2999997,6.2999997
grid,53,-58,312.42087,0.98210555,0,5.8799996,0,6.2999997,6.2999997
grid,53,-57,312.91745,0.97291446,0,5.8799996,0,6.2999997,6.2999997
grid,53,-56,313.42346,0.9637978,0,5.8799996,0,6.2999997,6.2999997
grid,53,-55,313.93912,0.95475787,0,5.8799996,0,6.2999997,6.2999997
grid,53,-54,314.46457,0.94579667,0,5.8799996,0,6.2999997,6.2999997
grid,53,-53,315.00003,0.93691653,0,5.8799996,0,6.2999997,6.2999997
grid,53,-52,315.5457,0.9281197,0,5.8799996,0,6.2999997,6.2999997
grid,53,-51,316.10175,0.91940874,0,5.8799996,0,6.2999997,6.2999997
grid,53,-50,316.66833,0.9107861,0,5.8799996,0,6.2999997,6.2999997
grid,53,-49,317.24576,0.90225416,0,5.8799996,0,6.2999997,6.2999997
grid,53,-48,317.8341,0.8938156,0,5.8799996,0,6.2999997,6.2999997
grid,53,-47,318.43365,0.885473,0,5.8799996,0,6.2999997,6.2999997
grid,53,-46,319.0445,0.8772293,0,5.8799996,0,6.2999997,6.2999997
grid,53,-45,319.66687,0.8690872,0,5.8799996,0,6.2999997,6.2999997
grid,53,-44,320.30093,0.86104953,0,5.8799996,0,6.2999997,6.2999997
grid,53,-43,320.94687,0.8531193,0,5.8799996,0,6.2999997,6.2999997
grid,53,-42,321.60483,0.8452995,0,5.8799996,0,6.2999997,6.2999997
grid,53,-41,322.27502,0.8375933,0,5.8799996,0,6.2999997,6.2999997
grid,53,-40,322.95755,0.8300038,0,5.8799996,0,6.2999997,6.2999997
grid,53,-39,323.65256,0.8225342,0,5.8799996,0,6.2999997,6.2999997
grid,53,-38,324.3602,0.8151879,0,5.8799996,0,6.2999997,6.2999997
grid,53,-37,325.08063,0.80796814,0,5.8799996,0,6.2999997,6.2999997
grid,53,-36,325.8139,0.80087847,0,5.8799996,0,6.2999997,6.2999997
grid,53,-35,326.56015,0.79392225,0,5.8799996,0,6.2999997,6.2999997
grid,53,-34,327.31946,0.7871031,0,5.8799996,0,6.2999997,6.2999997
grid,53,-33,328.09192,0.7804246,0,5.8799996,0,6.2999997,6.2999997
grid,53,-32,328.87753,0.7738904,0,5.8799996,0,6.2999997,6.2999997
grid,53,-31,329.6764,0.7675041,0,5.8799996,0,6.2999997,6.2999997
grid,53,-30,330.48853,0.76126957,0,5.8799996,0,6.2999997,6.2999997
grid,53,-29,331.31387,0.75519043,0,5.8799996,0,6.2999997,6.2999997
grid,53,-28,332.15244,0.7492705,0,5.8799996,0,6.2999997,6.2999997
grid,53,-27,333.00418,0.74351364,0,5.8799996,0,6.2999997,6.2999997
grid,53,-26,333.86902,0.7379236,0,5.8799996,0,6.2999997,6.2999997
grid,53,-25,334.74686,0.7325043,0,5.8799996,0,6.2999997,6.2999997
grid,53,-24,335.63754,0.72725946,0,5.8799996,0,6.2999997,6.2999997
grid,53,-23,336.541,0.7221928,0,5.8799996,0,6.2999997,6.2999997
grid,53,0,0,0.6625,0,5.8799996,0,6.2999997,6.2999997
grid,53,23,23.459023,0.7221928,0,5.8799996,0,6.2999997,6.2999997
grid,53,24,24.362453,0.72725946,0,5.8799996,0,6.2999997,6.2999997
grid,53,25,25.253162,0.7325043,0,5.8799996,0,6.2999997,6.2999997
grid,53,26,26.130999,0.7379236,0,5.8799996,0,6.2999997,6.2999997
grid,53,27,26.995836,0.74351364,0,5.8799996,0,6.2999997,6.2999997
grid,53,28,27.847576,0.7492705,0,5.8799996,0,6.2999997,6.2999997
grid,53,29,28.686146,0.75519043,0,5.8799996,0,6.2999997,6.2999997
grid,53,30,29.5115,0.76126957,0,5.8799996,0,6.2999997,6.2999997
grid,53,31,30.323605,0.7675041,0,5.8799996,0,6.2999997,6.2999997
grid,53,32,31.12247,0.7738904,0,5.8799996,0,6.2999997,6.2999997
grid,53,33,31.908106,0.7804246,0,5.8799996,0,6.2999997,6.2999997
grid,53,34,32.680553,0.7871031,0,5.8799996,0,6.2999997,6.2999997
grid,53,35,33.43987,0.79392225,0,5.8799996,0,6.2999997,6.2999997
grid,53,36,34.186123,0.80087847,0,5.8799996,0,6.2999997,6.2999997
grid,53,37,34.9194,0.80796814,0,5.8799996,0,6.2999997,6.2999997
grid,53,38,35.63981,0.8151879,0,5.8799996,0,6.2999997,6.2999997
grid,53,39,36.347458,0.8225342,0,5.8799996,0,6.2999997,6.2999997
grid,53,40,37.042473,0.8300038,0,5.8799996,0,6.2999997,6.2999997
grid,53,41,37.724995,0.8375933,0,5.8799996,0,6.2999997,6.2999997
grid,53,42,38.39516,0.8452995,0,5.8799996,0,6.2999997,6.2999997
grid,53,43,39.05314,0.8531193,0,5.8799996,0,6.2999997,6.2999997
grid,53,44,39.699074,0.86104953,0,5.8799996,0,6.2999997,6.2999997
grid,53,45,40.33314,0.8690872,0,5.8799996,0,6.2999997,6.2999997
grid,53,46,40.955513,0.8772293,0,5.8799996,0,6.2999997,6.2999997
grid,53,47,41.56637,0.885473,0,5.8799996,0,6.2999997,6.2999997
grid,53,48,42.16589,0.8938156,0,5.8799996,0,6.2999997,6.2999997
grid,53,49,42.75426,0.90225416,0,5.8799996,0,6.2999997,6.2999997
grid,53,50,43.331665,0.9107861,0,5.8799996,0,6.2999997,6.2999997
grid,53,51,43.898293,0.91940874,0,5.8799996,0,6.2999997,6.2999997
grid,53,52,44.45434,0.9281197,0,5.8799996,0,6.2999997,6.2999997
grid,53,53,45,0.93691653,0,5.8799996,0,6.2999997,6.2999997
grid,53,54,45.535458,0.94579667,0,5.8799996,0,6.2999997,6.2999997
grid,53,55,46.06091,0.95475787,0,5.8799996,0,6.2999997,6.2999997
grid,53,56,46.57655,0.9637978,0,5.8799996,0,6.2999997,6.2999997
grid,53,57,47.082565,0.97291446,0,5.8799996,0,6.2999997,6.2999997
grid,53,58,47.579147,0.98210555,0,5.8799996,0,6.2999997,6.2999997
grid,53,59,48.066486,0.991369,0,5.8799996,0,6.2999997,6.2999997
grid,54,-59,312.46646,0.99976563,0,5.8799996,0,6.2999997,6.2999997
grid,54,-58,312.9546,0.9905807,0,5.8799996,0,6.2999997,6.2999997
grid,54,-57,313.45187,0.9814689,0,5.8799996,0,6.2999997,6.2999997
grid,54,-56,313.9584,0.9724325,0,5.8799996,0,6.2999997,6.2999997
grid,54,-55,314.47437,0.96347356,0,5.8799996,0,6.2999997,6.2999997
grid,54,-54,315.00003,0.9545942,0,5.8799996,0,6.2999997,6.2999997
grid,54,-53,315.5355,0.94579667,0,5.8799996,0,6.2999997,6.2999997
grid,54,-52,316.08093,0.93708324,0,5.8799996,0,6.2999997,6.2999997
grid,54,-51,316.6366,0.92845637,0,5.8799996,0,6.2999997,6.2999997
grid,54,-50,317.20264,0.9199185,0,5.8799996,0,6.2999997,6.2999997
grid,54,-49,317.77917,0.911472,0,5.8799996,0,6.2999997,6.2999997
grid,54,-48,318.3665,0.9031196,0,5.8799996,0,6.2999997,6.2999997
grid,54,-47,318.96466,0.89486384,0,5.8799996,0,6.2999997,6.2999997
grid,54,-46,319.5739,0.88670737,0,5.8799996,0,6.2999997,6.2999997
grid,54,-45,320.19443,0.8786531,0,5.8799996,0,6.2999997,6.2999997
grid,54,-44,320.82635,0.87070376,0,5.8799996,0,6.2999997,6.2999997
grid,54,-43,321.46982,0.8628622,0,5.8799996,0,6.2999997,6.2999997
grid,54,-42,322.12503,0.85513157,0,5.8799996,0,6.2999997,6.2999997
grid,54,-41,322.79208,0.84751475,0,5.8799996,0,6.2999997,6.2999997
grid,54,-40,323.47116,0.84001493,0,5.8799996,0,6.2999997,6.2999997
grid,54,-39,324.16235,0.83263516,0,5.8799996,0,6.2999997,6.2999997
grid,54,-38,324.8658,0.8253787,0,5.8799996,0,6.2999997,6.2999997
grid,54,-37,325.58167,0.8182489,0,5.8799996,0,6.2999997,6.2999997
grid,54,-36,326.30994,0.8112491,0,5.8799996,0,6.2999997,6.2999997
grid,54,-35,327.0508,0.80438256,0,5.8799996,0,6.2999997,6.2999997
grid,54,-34,327.8043,0.79765284,0,5.8799996,0,6.2999997,6.2999997
grid,54,-33,328.57047,0.79106337,0,5.8799996,0,6.2999997,6.2999997
grid,54,-32,329.34933,0.7846178,0,5.8799996,0,6.2999997,6.2999997
grid,54,-31,330.141,0.77831954,0,5.8799996,0,6.2999997,6.2999997
grid,54,-30,330.9454,0.7721723,0,5.8799996,0,6.2999997,6.2999997
grid,54,-29,331.76257,0.7661797,0,5.8799996,0,6.2999997,6.2999997
grid,54,-28,332.59244,0.76034534,0,5.8799996,0,6.2999997,6.2999997
grid,54,-27,333.43497,0.75467294,0,5.8799996,0,6.2999997,6.2999997
grid,54,-26,334.29007,0.74916625,0,5.8799996,0,6.2999997,6.2999997
grid,54,-25,335.15762,0.74382883,0,5.8799996,0,6.2999997,6.2999997
grid,54,-24,336.03754,0.7386643,0,5.8799996,0,6.2999997,6.2999997
grid,54,-23,336.9296,0.73367655,0,5.8799996,0,6.2999997,6.2999997
grid,54,0,0,0.675,0,5.8799996,0,6.2999997,6.2999997
grid,54,23,23.070412,0.73367655,0,5.8799996,0,6.2999997,6.2999997
grid,54,24,23.96249,0.7386643,0,5.8799996,0,6.2999997,6.2999997
grid,54,25,24.842388,0.74382883,0,5.8799996,0,6.2999997,6.2999997
grid,54,26,25.709953,0.74916625,0,5.8799996,0,6.2999997,6.2999997
grid,54,27,26.565052,0.75467294,0,5.8799996,0,6.2999997,6.2999997
grid,54,28,27.407576,0.76034534,0,5.8799996,0,6.2999997,6.2999997
grid,54,29,28.237448,0.7661797,0,5.8799996,0,6.2999997,6.2999997
grid,54,30,29.054604,0.7721723,0,5.8799996,0,6.2999997,6.2999997
grid,54,31,29.859016,0.77831954,0,5.8799996,0,6.2999997,6.2999997
grid,54,32,30.65067,0.7846178,0,5.8799996,0,6.2999997,6.2999997
grid,54,33,31.429567,0.79106337,0,5.8799996,0,6.2999997,6.2999997
grid,54,34,32.195732,0.79765284,0,5.8799996,0,6.2999997,6.2999997
grid,54,35,32.949215,0.80438256,0,5.8799996,0,6.2999997,6.2999997
grid,54,36,33.690067,0.8112491,0,5.8799996,0,6.2999997,6.2999997
grid,54,37,34.418365,0.8182489,0,5.8799996,0,6.2999997,6.2999997
grid,54,38,35.134193,0.8253787,0,5.8799996,0,6.2999997,6.2999997
grid,54,39,35.83765,0.83263516,0,5.8799996,0,6.2999997,6.2999997
grid,54,40,36.528854,0.84001493,0,5.8799996,0,6.2999997,6.2999997
grid,54,41,37.20792,0.84751475,0,5.8799996,0,6.2999997,6.2999997
grid,54,42,37.874985,0.85513157,0,5.8799996,0,6.2999997,6.2999997
grid,54,43,38.53018,0.8628622,0,5.8799996,0,6.2999997,6.2999997
grid,54,44,39.17366,0.87070376,0,5.8799996,0,6.2999997,6.2999997
grid,54,45,39.805573,0.8786531,0,5.8799996,0,6.2999997,6.2999997
grid,54,46,40.426075,0.88670737,0,5.8799996,0,6.2999997,6.2999997
grid,54,47,41.035343,0.89486384,0,5.8799996,0,6.2999997,6.2999997
grid,54,48,41.63354,0.9031196,0,5.8799996,0,6.2999997,6.2999997
grid,54,49,42.220833,0.911472,0,5.8799996,0,6.2999997,6.2999997
grid,54,50,42.7974,0.9199185,0,5.8799996,0,6.2999997,6.2999997
grid,54,51,43.363422,0.92845637,0,5.8799996,0,6.2999997,6.2999997
grid,54,52,43.919075,0.93708324,0,5.8799996,0,6.2999997,6.2999997
grid,54,53,44.464542,0.94579667,0,5.8799996,0,6.2999997,6.2999997
grid,54,54,45,0.9545942,0,5.8799996,0,6.2999997,6.2999997
grid,54,55,45.52563,0.96347356,0,5.8799996,0,6.2999997,6.2999997
grid,54,56,46.041626,0.9724325,0,5.8799996,0,6.2999997,6.2999997
grid,54,57,46.548157,0.9814689,0,5.8799996,0,6.2999997,6.2999997
grid,54,58,47.04541,0.9905807,0,5.8799996,0,6.2999997,6.2999997
grid,54,59,47.533558,0.99976563,0,5.8799996,0,6.2999997,6.2999997
grid,55,-58,313.47925,0.99914026,0,5.8799996,0,6.2999997,6.2999997
grid,55,-57,313.97696,0.9901073,0,5.8799996,0,6.2999997,6.2999997
grid,55,-56,314.48386,0.98115045,0,5.8799996,0,6.2999997,6.2999997
grid,55,-55,315.00003,0.9722718,0,5.8799996,0,6.2999997,6.2999997
grid,55,-54,315.52563,0.96347356,0,5.8799996,0,6.2999997,6.2999997
grid,55,-53,316.0609,0.95475787,0,5.8799996,0,6.2999997,6.2999997
grid,55,-52,316.60602,0.94612694,0,5.8799996,0,6.2999997,6.2999997
grid,55,-51,317.1611,0.9375833,0,5.8799996,0,6.2999997,6.2999997
grid,55,-50,317.72635,0.9291293,0,5.8799996,0,6.2999997,6.2999997
grid,55,-49,318.30188,0.92076737,0,5.8799996,0,6.2999997,6.2999997
grid,55,-48,318.88794,0.9125,0,5.8799996,0,6.2999997,6.2999997
grid,55,-47,319.48462,0.90432984,0,5.8799996,0,6.2999997,6.2999997
grid,55,-46,320.09213,0.8962596,0,5.8799996,0,6.2999997,6.2999997
grid,55,-45,320.7106,0.8882919,0,5.8799996,0,6.2999997,6.2999997
grid,55,-44,321.3402,0.88042957,0,5.8799996,0,6.2999997,6.2999997
grid,55,-43,321.98108,0.8726755,0,5.8799996,0,6.2999997,6.2999997
grid,55,-42,322.63333,0.8650325,0,5.8799996,0,6.2999997,6.2999997
grid,55,-41,323.29718,0.8575036,0,5.8799996,0,6.2999997,6.2999997
grid,55,-40,323.97266,0.85009193,0,5.8799996,0,6.2999997,6.2999997
grid,55,-39,324.6599,0.8428004,0,5.8799996,0,6.2999997,6.2999997
grid,55,-38,325.35907,0.8356322,0,5.8799996,0,6.2999997,6.2999997
grid,55,-37,326.07022,0.8285907,0,5.8799996,0,6.2999997,6.2999997
grid,55,-36,326.79343,0.82167894,0,5.8799996,0,6.2999997,6.2999997
grid,55,-35,327.52884,0.8149003,0,5.8799996,0,6.2999997,6.2999997
grid,55,-34,328.2764,0.8082582,0,5.8799996,0,6.2999997,6.2999997
grid,55,-33,329.03625,0.8017559,0,5.8799996,0,6.2999997,6.2999997
grid,55,-32,329.80838,0.7953969,0,5.8799996,0,6.2999997,6.2999997
grid,55,-31,330.59283,0.7891847,0,5.8799996,0,6.2999997,6.2999997
grid,55,-30,331.38956,0.7831228,0,5.8799996,0,6.2999997,6.2999997
grid,55,-29,332.19855,0.7772146,0,5.8799996,0,6.2999997,6.2999997
grid,55,-28,333.01978,0.7714637,0,5.8799996,0,6.2999997,6.2999997
grid,55,-27,333.85318,0.7658737,0,5.8799996,0,6.2999997,6.2999997
grid,55,-26,334.69864,0.76044804,0,5.8799996,0,6.2999997,6.2999997
grid,55,-25,335.55606,0.7551904,0,5.8799996,0,6.2999997,6.2999997
grid,55,-24,336.42532,0.7501042,0,5.8799996,0,6.2999997,6.2999997
grid,55,-23,337.3062,0.74519295,0,5.8799996,0,6.2999997,6.2999997
grid,55,0,0,0.6875,0,5.8799996,0,6.2999997,6.2999997
grid,55,23,22.693794,0.74519295,0,5.8799996,0,6.2999997,6.2999997
grid,55,24,23.574707,0.7501042,0,5.8799996,0,6.2999997,6.2999997
grid,55,25,24.443956,0.7551904,0,5.8799996,0,6.2999997,6.2999997
grid,55,26,25.301378,0.76044804,0,5.8799996,0,6.2999997,6.2999997
grid,55,27,26.146843,0.7658737,0,5.8799996,0,6.2999997,6.2999997
grid,55,28,26.98023,0.7714637,0,5.8799996,0,6.2999997,6.2999997
grid,55,29,27.80146,0.7772146,0,5.8799996,0,6.2999997,6.2999997
grid,55,30,28.61046,0.7831228,0,5.8799996,0,6.2999997,6.2999997
grid,55,31,29.407188,0.7891847,0,5.8799996,0,6.2999997,6.2999997
grid,55,32,30.191622,0.7953969,0,5.8799996,0,6.2999997,6.2999997
grid,55,33,30.963755,0.8017559,0,5.8799996,0,6.2999997,6.2999997
grid,55,34,31.723602,0.8082582,0,5.8799996,0,6.2999997,6.2999997
grid,55,35,32.47119,0.8149003,0,5.8799996,0,6.2999997,6.2999997
grid,55,36,33.20657,0.82167894,0,5.8799996,0,6.2999997,6.2999997
grid,55,37,33.9298,0.8285907,0,5.8799996,0,6.2999997,6.2999997
grid,55,38,34.64095,0.8356322,0,5.8799996,0,6.2999997,6.2999997
grid,55,39,35.34011,0.8428004,0,5.8799996,0,6.2999997,6.2999997
grid,55,40,36.027374,0.85009193,0,5.8799996,0,6.2999997,6.2999997
grid,55,41,36.702854,0.8575036,0,5.8799996,0,6.2999997,6.2999997
grid,55,42,37.366673,0.8650325,0,5.8799996,0,6.2999997,6.2999997
grid,55,43,38.018944,0.8726755,0,5.8799996,0,6.2999997,6.2999997
grid,55,44,38.65981,0.88042957,0,5.8799996,0,6.2999997,6.2999997
grid,55,45,39.289406,0.8882919,0,5.8799996,0,6.2999997,6.2999997
grid,55,46,39.907883,0.8962596,0,5.8799996,0,6.2999997,6.2999997
grid,55,47,40.515392,0.90432984,0,5.8799996,0,6.2999997,6.2999997
grid,55,48,41.112095,0.9125,0,5.8799996,0,6.2999997,6.2999997
grid,55,49,41.698135,0.92076737,0,5.8799996,0,6.2999997,6.2999997
grid,55,50,42.27369,0.9291293,0,5.8799996,0,6.2999997,6.2999997
grid,55,51,42.83892,0.9375833,0,5.8799996,0,6.2999997,6.2999997
grid,55,52,43.393997,0.94612694,0,5.8799996,0,6.2999997,6.2999997
grid,55,53,43.93909,0.95475787,0,5.8799996,0,6.2999997,6.2999997
grid,55,54,44.47437,0.96347356,0,5.8799996,0,6.2999997,6.2999997
grid,55,55,45,0.9722718,0,5.8799996,0,6.2999997,6.2999997
grid,55,56,45.516163,0.98115045,0,5.8799996,0,6.2999997,6.2999997
grid,55,57,46.02303,0.9901073,0,5.8799996,0,6.2999997,6.2999997
grid,55,58,46.52077,0.99914026,0,5.8799996,0,6.2999997,6.2999997
grid,56,-57,314.49298,0.9988274,0,5.8799996,0,6.2999997,6.2999997
grid,56,-56,315.00003,0.98994946,0,5.8799996,0,6.2999997,6.2999997
grid,56,-55,315.51617,0.98115045,0,5.8799996,0,6.2999997,6.2999997
grid,56,-54,316.04166,0.9724325,0,5.8799996,0,6.2999997,6.2999997
grid,56,-53,316.57657,0.9637978,0,5.8799996,0,6.2999997,6.2999997
grid,56,-52,317.1211,0.9552486,0,5.8799996,0,6.2999997,6.2999997
grid,56,-51,317.67545,0.9467873,0,5.8799996,0,6.2999997,6.2999997
grid,56,-50,318.23972,0.93841624,0,5.8799996,0,6.2999997,6.2999997
grid,56,-49,318.8141,0.93013775,0,5.8799996,0,6.2999997,6.2999997
grid,56,-48,319.3987,0.92195445,0,5.8799996,0,6.2999997,6.2999997
grid,56,-47,319.99377,0.9138688,0,5.8799996,0,6.2999997,6.2999997
grid,56,-46,320.59937,0.9058835,0,5.8799996,0,6.2999997,6.2999997
grid,56,-45,321.21567,0.89800125,0,5.8799996,0,6.2999997,6.2999997
grid,56,-44,321.84277,0.8902247,0,5.8799996,0,6.2999997,6.2999997
grid,56,-43,322.4809,0.8825566,0,5.8799996,0,6.2999997,6.2999997
grid,56,-42,323.1301,0.87499994,0,5.8799996,0,6.2999997,6.2999997
grid,56,-41,323.79056,0.86755764,0,5.8799996,0,6.2999997,6.2999997
grid,56,-40,324.46234,0.86023253,0,5.8799996,0,6.2999997,6.2999997
grid,56,-39,325.14557,0.8530277,0,5.8799996,0,6.2999997,6.2999997
grid,56,-38,325.84033,0.8459462,0,5.8799996,0,6.2999997,6.2999997
grid,56,-37,326.5467,0.8389912,0,5.8799996,0,6.2999997,6.2999997
grid,56,-36,327.2648,0.83216584,0,5.8799996,0,6.2999997,6.2999997
grid,56,-35,327.99463,0.82547337,0,5.8799996,0,6.2999997,6.2999997
grid,56,-34,328.73627,0.818917,0,5.8799996,0,6.2999997,6.2999997
grid,56,-33,329.48978,0.8125,0,5.8799996,0,6.2999997,6.2999997
grid,56,-32,330.25513,0.8062258,0,5.8799996,0,6.2999997,6.2999997
grid,56,-31,331.03235,0.80009764,0,5.8799996,0,6.2999997,6.2999997
grid,56,-30,331.8214,0.794119,0,5.8799996,0,6.2999997,6.2999997
grid,56,-29,332.6223,0.78829324,0,5.8799996,0,6.2999997,6.2999997
grid,56,-28,333.43497,0.78262377,0,5.8799996,0,6.2999997,6.2999997
grid,56,-27,334.2593,0.77711403,0,5.8799996,0,6.2999997,6.2999997
grid,56,-26,335.09525,0.77176744,0,5.8799996,0,6.2999997,6.2999997
grid,56,-25,335.94266,0.76658744,0,5.8799996,0,6.2999997,6.2999997
grid,56,-24,336.80142,0.7615773,0,5.8799996,0,6.2999997,6.2999997
grid,56,-23,337.67136,0.7567405,0,5.8799996,0,6.2999997,6.2999997
grid,56,0,0,0.7,0,5.8799996,0,6.2999997,6.2999997
grid,56,23,22.328657,0.7567405,0,5.8799996,0,6.2999997,6.2999997
grid,56,24,23.198593,0.7615773,0,5.8799996,0,6.2999997,6.2999997
grid,56,25,24.057348,0.76658744,0,5.8799996,0,6.2999997,6.2999997
grid,56,26,24.904768,0.77176744,0,5.8799996,0,6.2999997,6.2999997
grid,56,27,25.74071,0.77711403,0,5.8799996,0,6.2999997,6.2999997
grid,56,28,26.565052,0.78262377,0,5.8799996,0,6.2999997,6.2999997
grid,56,29,27.377705,0.78829324,0,5.8799996,0,6.2999997,6.2999997
grid,56,30,28.178589,0.794119,0,5.8799996,0,6.2999997,6.2999997
grid,56,31,28.967659,0.80009764,0,5.8799996,0,6.2999997,6.2999997
grid,56,32,29.744883,0.8062258,0,5.8799996,0,6.2999997,6.2999997
grid,56,33,30.510237,0.8125,0,5.8799996,0,6.2999997,6.2999997
grid,56,34,31.263733,0.818917,0,5.8799996,0,6.2999997,6.2999997
grid,56,35,32.005383,0.82547337,0,5.8799996,0,6.2999997,6.2999997
grid,56,36,32.735226,0.83216584,0,5.8799996,0,6.2999997,6.2999997
grid,56,37,33.453312,0.8389912,0,5.8799996,0,6.2999997,6.2999997
grid,56,38,34.15969,0.8459462,0,5.8799996,0,6.2999997,6.2999997
grid,56,39,34.854454,0.8530277,0,5.8799996,0,6.2999997,6.2999997
grid,56,40,35.537678,0.86023253,0,5.8799996,0,6.2999997,6.2999997
grid,56,41,36.209457,0.86755764,0,5.8799996,0,6.2999997,6.2999997
grid,56,42,36.869896,0.87499994,0,5.8799996,0,6.2999997,6.2999997
grid,56,43,37.51912,0.8825566,0,5.8799996,0,6.2999997,6.2999997
grid,56,44,38.157227,0.8902247,0,5.8799996,0,6.2999997,6.2999997
grid,56,45,38.784367,0.89800125,0,5.8799996,0,6.2999997,6.2999997
grid,56,46,39.40066,0.9058835,0,5.8799996,0,6.2999997,6.2999997
grid,56,47,40.006256,0.9138688,0,5.8799996,0,6.2999997,6.2999997
grid,56,48,40.6013,0.92195445,0,5.8799996,0,6.2999997,6.2999997
grid,56,49,41.18593,0.93013775,0,5.8799996,0,6.2999997,6.2999997
grid,56,50,41.7603,0.93841624,0,5.8799996,0,6.2999997,6.2999997
grid,56,51,42.324574,0.9467873,0,5.8799996,0,6.2999997,6.2999997
grid,56,52,42.878902,0.9552486,0,5.8799996,0,6.2999997,6.2999997
grid,56,53,43.42345,0.9637978,0,5.8799996,0,6.2999997,6.2999997
grid,56,54,43.958374,0.9724325,0,5.8799996,0,6.2999997,6.2999997
grid,56,55,44.483837,0.98115045,0,5.8799996,0,6.2999997,6.2999997
grid,56,56,45,0.98994946,0,5.8799996,0,6.2999997,6.2999997
grid,56,57,45.507027,0.9988274,0,5.8799996,0,6.2999997,6.2999997
grid,57,-56,315.50705,0.9988274,0,5.8799996,0,6.2999997,6.2999997
grid,57,-55,316.02304,0.9901073,0,5.8799996,0,6.2999997,6.2999997
grid,57,-54,316.5482,0.9814689,0,5.8799996,0,6.2999997,6.2999997
grid,57,-53,317.08258,0.97291446,0,5.8799996,0,6.2999997,6.2999997
grid,57,-52,317.62643,0.96444607,0,5.8799996,0,6.2999997,6.2999997
grid,57,-51,318.17984,0.95606613,0,5.8799996,0,6.2999997,6.2999997
grid,57,-50,318.74298,0.947777,0,5.8799996,0,6.2999997,6.2999997
grid,57,-49,319.31604,0.93958104,0,5.8799996,0,6.2999997,6.2999997
grid,57,-48,319.8991,0.93148065,0,5.8799996,0,6.2999997,6.2999997
grid,57,-47,320.49234,0.9234784,0,5.8799996,0,6.2999997,6.2999997
grid,57,-46,321.0959,0.915577,0,5.8799996,0,6.2999997,6.2999997
grid,57,-45,321.70984,0.90777886,0,5.8799996,0,6.2999997,6.2999997
grid,57,-44,322.33438,0.90008676,0,5.8799996,0,6.2999997,6.2999997
grid,57,-43,322.96964,0.8925035,0,5.8799996,0,6.2999997,6.2999997
grid,57,-42,323.61566,0.88503176,0,5.8799996,0,6.2999997,6.2999997
grid,57,-41,324.2726,0.87767446,0,5.8799996,0,6.2999997,6.2999997
grid,57,-40,324.9406,0.8704345,0,5.8799996,0,6.2999997,6.2999997
grid,57,-39,325.61966,0.8633148,0,5.8799996,0,6.2999997,6.2999997
grid,57,-38,326.30994,0.8563184,0,5.8799996,0,6.2999997,6.2999997
grid,57,-37,327.01147,0.8494484,0,5.8799996,0,6.2999997,6.2999997
grid,57,-36,327.72437,0.84270763,0,5.8799996,0,6.2999997,6.2999997
grid,57,-35,328.44864,0.83609957,0,5.8799996,0,6.2999997,6.2999997
grid,57,-34,329.1843,0.82962716,0,5.8799996,0,6.2999997,6.2999997
grid,57,-33,329.93143,0.8232937,0,5.8799996,0,6.2999997,6.2999997
grid,57,-32,330.69,0.8171024,0,5.8799996,0,6.2999997,6.2999997
grid,57,-31,331.46002,0.8110564,0,5.8799996,0,6.2999997,6.2999997
grid,57,-30,332.24146,0.80515915,0,5.8799996,0,6.2999997,6.2999997
grid,57,-29,333.0343,0.7994138,0,5.8799996,0,6.2999997,6.2999997
grid,57,-28,333.83844,0.7938238,0,5.8799996,0,6.2999997,6.2999997
grid,57,-27,334.65384,0.78839236,0,5.8799996,0,6.2999997,6.2999997
grid,57,-26,335.48038,0.7831227,0,5.8799996,0,6.2999997,6.2999997
grid,57,-25,336.31793,0.7780183,0,5.8799996,0,6.2999997,6.2999997
grid,57,-24,337.16635,0.7730823,0,5.8799996,0,6.2999997,6.2999997
grid,57,-23,338.0255,0.76831794,0,5.8799996,0,6.2999997,6.2999997
grid,57,0,0,0.7125,0,5.8799996,0,6.2999997,6.2999997
grid,57,23,21.974508,0.76831794,0,5.8799996,0,6.2999997,6.2999997
grid,57,24,22.833656,0.7730823,0,5.8799996,0,6.2999997,6.2999997
grid,57,25,23.682089,0.7780183,0,5.8799996,0,6.2999997,6.2999997
grid,57,26,24.519642,0.7831227,0,5.8799996,0,6.2999997,6.2999997
grid,57,27,25.346176,0.78839236,0,5.8799996,0,6.2999997,6.2999997
grid,57,28,26.161566,0.7938238,0,5.8799996,0,6.2999997,6.2999997
grid,57,29,26.965715,0.7994138,0,5.8799996,0,6.2999997,6.2999997
grid,57,30,27.758541,0.80515915,0,5.8799996,0,6.2999997,6.2999997
grid,57,31,28.539988,0.8110564,0,5.8799996,0,6.2999997,6.2999997
grid,57,32,29.310009,0.8171024,0,5.8799996,0,6.2999997,6.2999997
grid,57,33,30.068583,0.8232937,0,5.8799996,0,6.2999997,6.2999997
grid,57,34,30.815706,0.82962716,0,5.8799996,0,6.2999997,6.2999997
grid,57,35,31.551386,0.83609957,0,5.8799996,0,6.2999997,6.2999997
grid,57,36,32.275642,0.84270763,0,5.8799996,0,6.2999997,6.2999997
grid,57,37,32.98852,0.8494484,0,5.8799996,0,6.2999997,6.2999997
grid,57,38,33.690067,0.8563184,0,5.8799996,0,6.2999997,6.2999997
grid,57,39,34.380344,0.8633148,0,5.8799996,0,6.2999997,6.2999997
grid,57,40,35.059425,0.8704345,0,5.8799996,0,6.2999997,6.2999997
grid,57,41,35.727398,0.87767446,0,5.8799996,0,6.2999997,6.2999997
grid,57,42,36.384354,0.88503176,0,5.8799996,0,6.2999997,6.2999997
grid,57,43,37.03039,0.8925035,0,5.8799996,0,6.2999997,6.2999997
grid,57,44,37.665623,0.90008676,0,5.8799996,0,6.2999997,6.2999997
grid,57,45,38.290165,0.90777886,0,5.8799996,0,6.2999997,6.2999997
grid,57,46,38.90414,0.915577,0,5.8799996,0,6.2999997,6.2999997
grid,57,47,39.507675,0.9234784,0,5.8799996,0,6.2999997,6.2999997
grid,57,48,40.10091,0.93148065,0,5.8799996,0,6.2999997,6.2999997
grid,57,49,40.683975,0.93958104,0,5.8799996,0,6.2999997,6.2999997
grid,57,50,41.257015,0.947777,0,5.8799996,0,6.2999997,6.2999997
grid,57,51,41.82017,0.95606613,0,5.8799996,0,6.2999997,6.2999997
grid,57,52,42.373592,0.96444607,0,5.8799996,0,6.2999997,6.2999997
grid,57,53,42.91744,0.97291446,0,5.8799996,0,6.2999997,6.2999997
grid,57,54,43.451843,0.9814689,0,5.8799996,0,6.2999997,6.2999997
grid,57,55,43.97697,0.9901073,0,5.8799996,0,6.2999997,6.2999997
grid,57,56,44.492973,0.9988274,0,5.8799996,0,6.2999997,6.2999997
grid,58,-55,316.52078,0.99914026,0,5.8799996,0,6.2999997,6.2999997
grid,58,-54,317.0454,0.9905807,0,5.8799996,0,6.2999997,6.2999997
grid,58,-53,317.57916,0.98210555,0,5.8799996,0,6.2999997,6.2999997
grid,58,-52,318.12216,0.9737171,0,5.8799996,0,6.2999997,6.2999997
grid,58,-51,318.6745,0.9654177,0,5.8799996,0,6.2999997,6.2999997
grid,58,-50,319.23642,0.9572095,0,5.8799996,0,6.2999997,6.2999997
grid,58,-49,319.80795,0.94909495,0,5.8799996,0,6.2999997,6.2999997
grid,58,-48,320.3893,0.9410765,0,5.8799996,0,6.2999997,6.2999997
grid,58,-47,320.98062,0.9331566,0,5.8799996,0,6.2999997,6.2999997
grid,58,-46,321.58197,0.9253378,0,5.8799996,0,6.2999997,6.2999997
grid,58,-45,322.19348,0.9176226,0,5.8799996,0,6.2999997,6.2999997
grid,58,-44,322.8153,0.9100138,0,5.8799996,0,6.2999997,6.2999997
grid,58,-43,323.44754,0.9025139,0,5.8799996,0,6.2999997,6.2999997
grid,58,-42,324.0903,0.8951257,0,5.8799996,0,6.2999997,6.2999997
grid,58,-41,324.74365,0.8878521,0,5.8799996,0,6.2999997,6.2999997
grid,58,-40,325.4077,0.88069576,0,5.8799996,0,6.2999997,6.2999997
grid,58,-39,326.08258,0.87365973,0,5.8799996,0,6.2999997,6.2999997
grid,58,-38,326.7683,0.8667468,0,5.8799996,0,6.2999997,6.2999997
grid,58,-37,327.46497,0.85996,0,5.8799996,0,6.2999997,6.2999997
grid,58,-36,328.17258,0.8533024,0,5.8799996,0,6.2999997,6.2999997
grid,58,-35,328.8912,0.846777,0,5.8799996,0,6.2999997,6.2999997
grid,58,-34,329.62088,0.84038687,0,5.8799996,0,6.2999997,6.2999997
grid,58,-33,330.36163,0.83413506,0,5.8799996,0,6.2999997,6.2999997
grid,58,-32,331.11343,0.8280248,0,5.8799996,0,6.2999997,6.2999997
grid,58,-31,331.87628,0.8220592,0,5.8799996,0,6.2999997,6.2999997
grid,58,-30,332.65015,0.81624144,0,5.8799996,0,6.2999997,6.2999997
grid,58,-29,333.43497,0.81057465,0,5.8799996,0,6.2999997,6.2999997
grid,58,-28,334.23068,0.8050621,0,5.8799996,0,6.2999997,6.2999997
grid,58,-27,335.03723,0.799707,0,5.8799996,0,6.2999997,6.2999997
grid,58,-26,335.85446,0.79451245,0,5.8799996,0,6.2999997,6.2999997
grid,58,-25,336.68228,0.78948164,0,5.8799996,0,6.2999997,6.2999997
grid,58,-24,337.52057,0.7846178,0,5.8799996,0,6.2999997,6.2999997
grid,58,-23,338.36914,0.7799239,0,5.8799996,0,6.2999997,6.2999997
grid,58,0,0,0.725,0,5.8799996,0,6.2999997,6.2999997
grid,58,23,21.630886,0.7799239,0,5.8799996,0,6.2999997,6.2999997
grid,58,24,22.479435,0.7846178,0,5.8799996,0,6.2999997,6.2999997
grid,58,25,23.317707,0.78948164,0,5.8799996,0,6.2999997,6.2999997
grid,58,26,24.14554,0.79451245,0,5.8799996,0,6.2999997,6.2999997
grid,58,27,24.96279,0.799707,0,5.8799996,0,6.2999997,6.2999997
grid,58,28,25.769327,0.8050621,0,5.8799996,0,6.2999997,6.2999997
grid,58,29,26.565052,0.81057465,0,5.8799996,0,6.2999997,6.2999997
grid,58,30,27.349876,0.81624144,0,5.8799996,0,6.2999997,6.2999997
grid,58,31,28.123735,0.8220592,0,5.8799996,0,6.2999997,6.2999997
grid,58,32,28.886581,0.8280248,0,5.8799996,0,6.2999997,6.2999997
grid,58,33,29.638384,0.83413506,0,5.8799996,0,6.2999997,6.2999997
grid,58,34,30.379128,0.84038687,0,5.8799996,0,6.2999997,6.2999997
grid,58,35,31.10881,0.846777,0,5.8799996,0,6.2999997,6.2999997
grid,58,36,31.827446,0.8533024,0,5.8799996,0,6.2999997,6.2999997
grid,58,37,32.53507,0.85996,0,5.8799996,0,6.2999997,6.2999997
grid,58,38,33.231712,0.8667468,0,5.8799996,0,6.2999997,6.2999997
grid,58,39,33.917427,0.87365973,0,5.8799996,0,6.2999997,6.2999997
grid,58,40,34.592285,0.88069576,0,5.8799996,0,6.2999997,6.2999997
grid,58,41,35.25636,0.8878521,0,5.8799996,0,6.2999997,6.2999997
grid,58,42,35.909725,0.8951257,0,5.8799996,0,6.2999997,6.2999997
grid,58,43,36.552475,0.9025139,0,5.8799996,0,6.2999997,6.2999997
grid,58,44,37.184708,0.9100138,0,5.8799996,0,6.2999997,6.2999997
grid,58,45,37.80653,0.9176226,0,5.8799996,0,6.2999997,6.2999997
grid,58,46,38.418053,0.9253378,0,5.8799996,0,6.2999997,6.2999997
grid,58,47,39.019398,0.9331566,0,5.8799996,0,6.2999997,6.2999997
grid,58,48,39.610687,0.9410765,0,5.8799996,0,6.2999997,6.2999997
grid,58,49,40.192047,0.94909495,0,5.8799996,0,6.2999997,6.2999997
grid,58,50,40.763603,0.9572095,0,5.8799996,0,6.2999997,6.2999997
grid,58,51,41.3255,0.9654177,0,5.8799996,0,6.2999997,6.2999997
grid,58,52,41.87787,0.9737171,0,5.8799996,0,6.2999997,6.2999997
grid,58,53,42.420853,0.98210555,0,5.8799996,0,6.2999997,6.2999997
grid,58,54,42.954594,0.9905807,0,5.8799996,0,6.2999997,6.2999997
grid,58,55,43.47923,0.99914026,0,5.8799996,0,6.2999997,6.2999997
grid,59,-54,317.5336,0.99976563,0,5.8799996,0,6.2999997,6.2999997
grid,59,-53,318.0665,0.991369,0,5.8799996,0,6.2999997,6.2999997
grid,59,-52,318.6085,0.98305964,0,5.8799996,0,6.2999997,6.2999997
grid,59,-51,319.15967,0.97483975,0,5.8799996,0,6.2999997,6.2999997
grid,59,-50,319.72015,0.9667116,0,5.8799996,0,6.2999997,6.2999997
grid,59,-49,320.2901,0.9586775,0,5.8799996,0,6.2999997,6.2999997
grid,59,-48,320.86963,0.95073986,0,5.8799996,0,6.2999997,6.2999997
grid,59,-47,321.45883,0.94290113,0,5.8799996,0,6.2999997,6.2999997
grid,59,-46,322.05786,0.93516374,0,5.8799996,0,6.2999997,6.2999997
grid,59,-45,322.66684,0.92753035,0,5.8799996,0,6.2999997,6.2999997
grid,59,-44,323.2858,0.9200034,0,5.8799996,0,6.2999997,6.2999997
grid,59,-43,323.91495,0.9125856,0,5.8799996,0,6.2999997,6.2999997
grid,59,-42,324.55432,0.90527964,0,5.8799996,0,6.2999997,6.2999997
grid,59,-41,325.204,0.8980883,0,5.8799996,0,6.2999997,6.2999997
grid,59,-40,325.86407,0.89101416,0,5.8799996,0,6.2999997,6.2999997
grid,59,-39,326.53464,0.88406026,0,5.8799996,0,6.2999997,6.2999997
grid,59,-38,327.21573,0.8772293,0,5.8799996,0,6.2999997,6.2999997
grid,59,-37,327.9074,0.8705243,0,5.8799996,0,6.2999997,6.2999997
grid,59,-36,328.60974,0.86394805,0,5.8799996,0,6.2999997,6.2999997
grid,59,-35,329.32272,0.85750365,0,5.8799996,0,6.2999997,6.2999997
grid,59,-34,330.04642,0.851194,0,5.8799996,0,6.2999997,6.2999997
grid,59,-33,330.78076,0.8450222,0,5.8799996,0,6.2999997,6.2999997
grid,59,-32,331.5258,0.8389912,0,5.8799996,0,6.2999997,6.2999997
grid,59,-31,332.28152,0.83310413,0,5.8799996,0,6.2999997,6.2999997
grid,59,-30,333.04785,0.827364,0,5.8799996,0,6.2999997,6.2999997
grid,59,-29,333.82474,0.821774,0,5.8799996,0,6.2999997,6.2999997
grid,59,-28,334.61212,0.8163371,0,5.8799996,0,6.2999997,6.2999997
grid,59,-27,335.40988,0.81105644,0,5.8799996,0,6.2999997,6.2999997
grid,59,-26,336.218,0.805935,0,5.8799996,0,6.2999997,6.2999997
grid,59,-25,337.03622,0.800976,0,5.8799996,0,6.2999997,6.2999997
grid,59,-24,337.86453,0.7961823,0,5.8799996,0,6.2999997,6.2999997
grid,59,-23,338.70267,0.791557,0,5.8799996,0,6.2999997,6.2999997
grid,59,0,0,0.7375,0,5.8799996,0,6.2999997,6.2999997
grid,59,23,21.297354,0.791557,0,5.8799996,0,6.2999997,6.2999997
grid,59,24,22.135492,0.7961823,0,5.8799996,0,6.2999997,6.2999997
grid,59,25,22.963772,0.800976,0,5.8799996,0,6.2999997,6.2999997
grid,59,26,23.782028,0.805935,0,5.8799996,0,6.2999997,6.2999997
grid,59,27,24.590117,0.81105644,0,5.8799996,0,6.2999997,6.2999997
grid,59,28,25.387905,0.8163371,0,5.8799996,0,6.2999997,6.2999997
grid,59,29,26.175291,0.821774,0,5.8799996,0,6.2999997,6.2999997
grid,59,30,26.952179,0.827364,0,5.8799996,0,6.2999997,6.2999997
grid,59,31,27.718502,0.83310413,0,5.8799996,0,6.2999997,6.2999997
grid,59,32,28.474203,0.8389912,0,5.8799996,0,6.2999997,6.2999997
grid,59,33,29.219246,0.8450222,0,5.8799996,0,6.2999997,6.2999997
grid,59,34,29.953608,0.851194,0,5.8799996,0,6.2999997,6.2999997
grid,59,35,30.677279,0.85750365,0,5.8799996,0,6.2999997,6.2999997
grid,59,36,31.390268,0.86394805,0,5.8799996,0,6.2999997,6.2999997
grid,59,37,32.09259,0.8705243,0,5.8799996,0,6.2999997,6.2999997
grid,59,38,32.78428,0.8772293,0,5.8799996,0,6.2999997,6.2999997
grid,59,39,33.465378,0.88406026,0,5.8799996,0,6.2999997,6.2999997
grid,59,40,34.13594,0.89101416,0,5.8799996,0,6.2999997,6.2999997
grid,59,41,34.79603,0.8980883,0,5.8799996,0,6.2999997,6.2999997
grid,59,42,35.44571,0.90527964,0,5.8799996,0,6.2999997,6.2999997
grid,59,43,36.085075,0.9125856,0,5.8799996,0,6.2999997,6.2999997
grid,59,44,36.714203,0.9200034,0,5.8799996,0,6.2999997,6.2999997
grid,59,45,37.333195,0.92753035,0,5.8799996,0,6.2999997,6.2999997
grid,59,46,37.942154,0.93516374,0,5.8799996,0,6.2999997,6.2999997
grid,59,47,38.541183,0.94290113,0,5.8799996,0,6.2999997,6.2999997
grid,59,48,39.1304,0.95073986,0,5.8799996,0,6.2999997,6.2999997
grid,59,49,39.70992,0.9586775,0,5.8799996,0,6.2999997,6.2999997
grid,59,50,40.27986,0.9667116,0,5.8799996,0,6.2999997,6.2999997
grid,59,51,40.84036,0.97483975,0,5.8799996,0,6.2999997,6.2999997
grid,59,52,41.39153,0.98305964,0,5.8799996,0,6.2999997,6.2999997
grid,59,53,41.933517,0.991369,0,5.8799996,0,6.2999997,6.2999997
grid,59,54,42.466442,0.99976563,0,5.8799996,0,6.2999997,6.2999997
grid,60,-52,319.08563,0.99247164,0,5.8799996,0,6.2999997,6.2999997
grid,60,-51,319.63547,0.98433036,0,5.8799996,0,6.2999997,6.2999997
grid,60,-50,320.19443,0.9762812,0,5.8799996,0,6.2999997,6.2999997
grid,60,-49,320.76266,0.9683265,0,5.8799996,0,6.2999997,6.2999997
grid,60,-48,321.3402,0.96046865,0,5.8799996,0,6.2999997,6.2999997
grid,60,-47,321.92722,0.9527099,0,5.8799996,0,6.2999997,6.2999997
grid,60,-46,322.52383,0.9450529,0,5.8799996,0,6.2999997,6.2999997
grid,60,-45,323.1301,0.9375,0,5.8799996,0,6.2999997,6.2999997
grid,60,-44,323.74615,0.9300538,0,5.8799996,0,6.2999997,6.2999997
grid,60,-43,324.3721,0.9227168,0,5.8799996,0,6.2999997,6.2999997
grid,60,-42,325.008,0.91549164,0,5.8799996,0,6.2999997,6.2999997
grid,60,-41,325.65393,0.9083811,0,5.8799996,0,6.2999997,6.2999997
grid,60,-40,326.30994,0.9013878,0,5.8799996,0,6.2999997,6.2999997
grid,60,-39,326.97614,0.8945145,0,5.8799996,0,6.2999997,6.2999997
grid,60,-38,327.65256,0.88776404,0,5.8799996,0,6.2999997,6.2999997
grid,60,-37,328.33926,0.8811392,0,5.8799996,0,6.2999997,6.2999997
grid,60,-36,329.03625,0.8746428,0,5.8799996,0,6.2999997,6.2999997
grid,60,-35,329.7436,0.8682777,0,5.8799996,0,6.2999997,6.2999997
grid,60,-34,330.4612,0.862047,0,5.8799996,0,6.2999997,6.2999997
grid,60,-33,331.1892,0.8559534,0,5.8799996,0,6.2999997,6.2999997
grid,60,-32,331.92752,0.85,0,5.8799996,0,6.2999997,6.2999997
grid,60,-31,332.67612,0.8441897,0,5.8799996,0,6.2999997,6.2999997
grid,60,-30,333.43497,0.8385255,0,5.8799996,0,6.2999997,6.2999997
grid,60,-29,334.20398,0.8330104,0,5.8799996,0,6.2999997,6.2999997
grid,60,-28,334.98312,0.82764727,0,5.8799996,0,6.2999997,6.2999997
grid,60,-27,335.77228,0.8224392,0,5.8799996,0,6.2999997,6.2999997
grid,60,-26,336.57132,0.81738913,0,5.8799996,0,6.2999997,6.2999997
grid,60,-25,337.38016,0.8125,0,5.8799996,0,6.2999997,6.2999997
grid,60,-24,338.1986,0.8077747,0,5.8799996,0,6.2999997,6.2999997
grid,60,-23,339.02652,0.8032162,0,5.8799996,0,6.2999997,6.2999997
grid,60,0,0,0.75,0,5.8799996,0,6.2999997,6.2999997
grid,60,23,20.973494,0.8032162,0,5.8799996,0,6.2999997,6.2999997
grid,60,24,21.80141,0.8077747,0,5.8799996,0,6.2999997,6.2999997
grid,60,25,22.619864,0.8125,0,5.8799996,0,6.2999997,6.2999997
grid,60,26,23.428692,0.81738913,0,5.8799996,0,6.2999997,6.2999997
grid,60,27,24.227747,0.8224392,0,5.8799996,0,6.2999997,6.2999997
grid,60,28,25.016893,0.82764727,0,5.8799996,0,6.2999997,6.2999997
grid,60,29,25.796028,0.8330104,0,5.8799996,0,6.2999997,6.2999997
grid,60,30,26.565052,0.8385255,0,5.8799996,0,6.2999997,6.2999997
grid,60,31,27.32389,0.8441897,0,5.8799996,0,6.2999997,6.2999997
grid,60,32,28.072489,0.85,0,5.8799996,0,6.2999997,6.2999997
grid,60,33,28.810793,0.8559534,0,5.8799996,0,6.2999997,6.2999997
grid,60,34,29.538782,0.862047,0,5.8799996,0,6.2999997,6.2999997
grid,60,35,30.256437,0.8682777,0,5.8799996,0,6.2999997,6.2999997
grid,60,36,30.963755,0.8746428,0,5.8799996,0,6.2999997,6.2999997
grid,60,37,31.660751,0.8811392,0,5.8799996,0,6.2999997,6.2999997
grid,60,38,32.347446,0.88776404,0,5.8799996,0,6.2999997,6.2999997
grid,60,39,33.02387,0.8945145,0,5.8799996,0,6.2999997,6.2999997
grid,60,40,33.690067,0.9013878,0,5.8799996,0,6.2999997,6.2999997
grid,60,41,34.3461,0.9083811,0,5.8799996,0,6.2999997,6.2999997
grid,60,42,34.99202,0.91549164,0,5.8799996,0,6.2999997,6.2999997
grid,60,43,35.62791,0.9227168,0,5.8799996,0,6.2999997,6.2999997
grid,60,44,36.253838,0.9300538,0,5.8799996,0,6.2999997,6.2999997
grid,60,45,36.869896,0.9375,0,5.8799996,0,6.2999997,6.2999997
grid,60,46,37.47618,0.9450529,0,5.8799996,0,6.2999997,6.2999997
grid,60,47,38.072784,0.9527099,0,5.8799996,0,6.2999997,6.2999997
grid,60,48,38.65981,0.96046865,0,5.8799996,0,6.2999997,6.2999997
grid,60,49,39.23737,0.9683265,0,5.8799996,0,6.2999997,6.2999997
grid,60,50,39.805573,0.9762812,0,5.8799996,0,6.2999997,6.2999997
grid,60,51,40.364536,0.98433036,0,5.8799996,0,6.2999997,6.2999997
grid,60,52,40.91438,0.99247164,0,5.8799996,0,6.2999997,6.2999997
grid,61,-51,320.10217,0.99388754,0,5.8799996,0,6.2999997,6.2999997
grid,61,-50,320.6595,0.98591644,0,5.8799996,0,6.2999997,6.2999997
grid,61,-49,321.22586,0.97804016,0,5.8799996,0,6.2999997,6.2999997
grid,61,-48,321.80133,0.9702609,0,5.8799996,0,6.2999997,6.2999997
grid,61,-47,322.38605,0.96258116,0,5.8799996,0,6.2999997,6.2999997
grid,61,-46,322.98013,0.95500326,0,5.8799996,0,6.2999997,6.2999997
grid,61,-45,323.58362,0.9475297,0,5.8799996,0,6.2999997,6.2999997
grid,61,-44,324.1967,0.9401629,0,5.8799996,0,6.2999997,6.2999997
grid,61,-43,324.81934,0.93290544,0,5.8799996,0,6.2999997,6.2999997
grid,61,-42,325.45166,0.9257598,0,5.8799996,0,6.2999997,6.2999997
grid,61,-41,326.09372,0.9187287,0,5.8799996,0,6.2999997,6.2999997
grid,61,-40,326.74567,0.9118148,0,5.8799996,0,6.2999997,6.2999997
grid,61,-39,327.4074,0.9050207,0,5.8799996,0,6.2999997,6.2999997
grid,61,-38,328.07913,0.89834917,0,5.8799996,0,6.2999997,6.2999997
grid,61,-37,328.7608,0.89180297,0,5.8799996,0,6.2999997,6.2999997
grid,61,-36,329.45242,0.8853848,0,5.8799996,0,6.2999997,6.2999997
grid,61,-35,330.15408,0.8790975,0,5.8799996,0,6.2999997,6.2999997
grid,61,-34,330.86572,0.872944,0,5.8799996,0,6.2999997,6.2999997
grid,61,-33,331.58734,0.866927,0,5.8799996,0,6.2999997,6.2999997
grid,61,-32,332.31894,0.86104953,0,5.8799996,0,6.2999997,6.2999997
grid,61,-31,333.0605,0.85531425,0,5.8799996,0,6.2999997,6.2999997
grid,61,-30,333.8119,0.84972423,0,5.8799996,0,6.2999997,6.2999997
grid,61,-29,334.57312,0.8442822,0,5.8799996,0,6.2999997,6.2999997
grid,61,-28,335.34412,0.8389912,0,5.8799996,0,6.2999997,6.2999997
grid,61,-27,336.12473,0.833854,0,5.8799996,0,6.2999997,6.2999997
grid,61,-26,336.9149,0.82887346,0,5.8799996,0,6.2999997,6.2999997
grid,61,-25,337.71442,0.82405245,0,5.8799996,0,6.2999997,6.2999997
grid,61,-24,338.52322,0.8193938,0,5.8799996,0,6.2999997,6.2999997
grid,61,-23,339.3411,0.8149003,0,5.8799996,0,6.2999997,6.2999997
grid,61,0,0,0.7625,0,5.8799996,0,6.2999997,6.2999997
grid,61,23,20.658909,0.8149003,0,5.8799996,0,6.2999997,6.2999997
grid,61,24,21.476793,0.8193938,0,5.8799996,0,6.2999997,6.2999997
grid,61,25,22.28559,0.82405245,0,5.8799996,0,6.2999997,6.2999997
grid,61,26,23.085135,0.82887346,0,5.8799996,0,6.2999997,6.2999997
grid,61,27,23.875282,0.833854,0,5.8799996,0,6.2999997,6.2999997
grid,61,28,24.6559,0.8389912,0,5.8799996,0,6.2999997,6.2999997
grid,61,29,25.426876,0.8442822,0,5.8799996,0,6.2999997,6.2999997
grid,61,30,26.188112,0.84972423,0,5.8799996,0,6.2999997,6.2999997
grid,61,31,26.939528,0.85531425,0,5.8799996,0,6.2999997,6.2999997
grid,61,32,27.681063,0.86104953,0,5.8799996,0,6.2999997,6.2999997
grid,61,33,28.412663,0.866927,0,5.8799996,0,6.2999997,6.2999997
grid,61,34,29.134295,0.872944,0,5.8799996,0,6.2999997,6.2999997
grid,61,35,29.845932,0.8790975,0,5.8799996,0,6.2999997,6.2999997
grid,61,36,30.547573,0.8853848,0,5.8799996,0,6.2999997,6.2999997
grid,61,37,31.239216,0.89180297,0,5.8799996,0,6.2999997,6.2999997
grid,61,38,31.920876,0.89834917,0,5.8799996,0,6.2999997,6.2999997
grid,61,39,32.592583,0.9050207,0,5.8799996,0,6.2999997,6.2999997
grid,61,40,33.254368,0.9118148,0,5.8799996,0,6.2999997,6.2999997
grid,61,41,33.906277,0.9187287,0,5.8799996,0,6.2999997,6.2999997
grid,61,42,34.548363,0.9257598,0,5.8799996,0,6.2999997,6.2999997
grid,61,43,35.180702,0.93290544,0,5.8799996,0,6.2999997,6.2999997
grid,61,44,35.803345,0.9401629,0,5.8799996,0,6.2999997,6.2999997
grid,61,45,36.41638,0.9475297,0,5.8799996,0,6.2999997,6.2999997
grid,61,46,37.019886,0.95500326,0,5.8799996,0,6.2999997,6.2999997
grid,61,47,37.613956,0.96258116,0,5.8799996,0,6.2999997,6.2999997
grid,61,48,38.19869,0.9702609,0,5.8799996,0,6.2999997,6.2999997
grid,61,49,38.774174,0.97804016,0,5.8799996,0,6.2999997,6.2999997
grid,61,50,39.34052,0.98591644,0,5.8799996,0,6.2999997,6.2999997
grid,61,51,39.89784,0.99388754,0,5.8799996,0,6.2999997,6.2999997
grid,62,-50,321.11554,0.99561536,0,5.8799996,0,6.2999997,6.2999997
grid,62,-49,321.6799,0.9878164,0,5.8799996,0,6.2999997,6.2999997
grid,62,-48,322.2532,0.98011476,0,5.8799996,0,6.2999997,6.2999997
grid,62,-47,322.83554,0.97251284,0,5.8799996,0,6.2999997,6.2999997
grid,62,-46,323.42697,0.96501297,0,5.8799996,0,6.2999997,6.2999997
grid,62,-45,324.02762,0.95761746,0,5.8799996,0,6.2999997,6.2999997
grid,62,-44,324.63754,0.9503289,0,5.8799996,0,6.2999997,6.2999997
grid,62,-43,325.25684,0.9431496,0,5.8799996,0,6.2999997,6.2999997
grid,62,-42,325.88553,0.9360822,0,5.8799996,0,6.2999997,6.2999997
grid,62,-41,326.5237,0.9291293,0,5.8799996,0,6.2999997,6.2999997
grid,62,-40,327.17148,0.9222933,0,5.8799996,0,6.2999997,6.2999997
grid,62,-39,327.8288,0.915577,0,5.8799996,0,6.2999997,6.2999997
grid,62,-38,328.49573,0.90898293,0,5.8799996,0,6.2999997,6.2999997
grid,62,-37,329.17233,0.9025138,0,5.8799996,0,6.2999997,6.2999997
grid,62,-36,329.85864,0.8961724,0,5.8799996,0,6.2999997,6.2999997
grid,62,-35,330.55457,0.88996136,0,5.8799996,0,6.2999997,6.2999997
grid,62,-34,331.26022,0.8838835,0,5.8799996,0,6.2999997,6.2999997
grid,62,-33,331.9755,0.8779415,0,5.8799996,0,6.2999997,6.2999997
grid,62,-32,332.70044,0.8721382,0,5.8799996,0,6.2999997,6.2999997
grid,62,-31,333.43497,0.86647636,0,5.8799996,0,6.2999997,6.2999997
grid,62,-30,334.17902,0.86095876,0,5.8799996,0,6.2999997,6.2999997
grid,62,-29,334.93253,0.85558826,0,5.8799996,0,6.2999997,6.2999997
grid,62,-28,335.69547,0.85036755,0,5.8799996,0,6.2999997,6.2999997
grid,62,-27,336.46765,0.8452995,0,5.8799996,0,6.2999997,6.2999997
grid,62,-26,337.24902,0.8403868,0,5.8799996,0,6.2999997,6.2999997
grid,62,-25,338.03946,0.8356322,0,5.8799996,0,6.2999997,6.2999997
grid,62,-24,338.83875,0.8310385,0,5.8799996,0,6.2999997,6.2999997
grid,62,-23,339.6468,0.8266083,0,5.8799996,0,6.2999997,6.2999997
grid,62,0,0,0.775,0,5.8799996,0,6.2999997,6.2999997
grid,62,23,20.35323,0.8266083,0,5.8799996,0,6.2999997,6.2999997
grid,62,24,21.161263,0.8310385,0,5.8799996,0,6.2999997,6.2999997
grid,62,25,21.960564,0.8356322,0,5.8799996,0,6.2999997,6.2999997
grid,62,26,22.750977,0.8403868,0,5.8799996,0,6.2999997,6.2999997
grid,62,27,23.53235,0.8452995,0,5.8799996,0,6.2999997,6.2999997
grid,62,28,24.30455,0.85036755,0,5.8799996,0,6.2999997,6.2999997
grid,62,29,25.067465,0.85558826,0,5.8799996,0,6.2999997,6.2999997
grid,62,30,25.820993,0.86095876,0,5.8799996,0,6.2999997,6.2999997
grid,62,31,26.565052,0.86647636,0,5.8799996,0,6.2999997,6.2999997
grid,62,32,27.299576,0.8721382,0,5.8799996,0,6.2999997,6.2999997
grid,62,33,28.024502,0.8779415,0,5.8799996,0,6.2999997,6.2999997
grid,62,34,28.739798,0.8838835,0,5.8799996,0,6.2999997,6.2999997
grid,62,35,29.445427,0.88996136,0,5.8799996,0,6.2999997,6.2999997
grid,62,36,30.141386,0.8961724,0,5.8799996,0,6.2999997,6.2999997
grid,62,37,30.827663,0.9025138,0,5.8799996,0,6.2999997,6.2999997
grid,62,38,31.504269,0.90898293,0,5.8799996,0,6.2999997,6.2999997
grid,62,39,32.17122,0.915577,0,5.8799996,0,6.2999997,6.2999997
grid,62,40,32.828545,0.9222933,0,5.8799996,0,6.2999997,6.2999997
grid,62,41,33.47628,0.9291293,0,5.8799996,0,6.2999997,6.2999997
grid,62,42,34.11447,0.9360822,0,5.8799996,0,6.2999997,6.2999997
grid,62,43,34.743183,0.9431496,0,5.8799996,0,6.2999997,6.2999997
grid,62,44,35.362465,0.9503289,0,5.8799996,0,6.2999997,6.2999997
grid,62,45,35.972385,0.95761746,0,5.8799996,0,6.2999997,6.2999997
grid,62,46,36.57303,0.96501297,0,5.8799996,0,6.2999997,6.2999997
grid,62,47,37.164474,0.97251284,0,5.8799996,0,6.2999997,6.2999997
grid,62,48,37.746807,0.98011476,0,5.8799996,0,6.2999997,6.2999997
grid,62,49,38.320114,0.9878164,0,5.8799996,0,6.2999997,6.2999997
grid,62,50,38.884495,0.99561536,0,5.8799996,0,6.2999997,6.2999997
grid,63,-49,322.12503,0.99765354,0,5.8799996,0,6.2999997,6.2999997
grid,63,-48,322.69608,0.99002844,0,5.8799996,0,6.2999997,6.2999997
grid,63,-47,323.2759,0.9825032,0,5.8799996,0,6.2999997,6.2999997
grid,63,-46,323.86462,0.97508013,0,5.8799996,0,6.2999997,6.2999997
grid,63,-45,324.46234,0.96776164,0,5.8799996,0,6.2999997,6.2999997
grid,63,-44,325.0691,0.96055,0,5.8799996,0,6.2999997,6.2999997
grid,63,-43,325.68494,0.9534477,0,5.8799996,0,6.2999997,6.2999997
grid,63,-42,326.30994,0.9464572,0,5.8799996,0,6.2999997,6.2999997
grid,63,-41,326.94418,0.93958104,0,5.8799996,0,6.2999997,6.2999997
grid,63,-40,327.5877,0.9328217,0,5.8799996,0,6.2999997,6.2999997
grid,63,-39,328.24054,0.9261817,0,5.8799996,0,6.2999997,6.2999997
grid,63,-38,328.9027,0.91966367,0,5.8799996,0,6.2999997,6.2999997
grid,63,-37,329.57422,0.91327024,0,5.8799996,0,6.2999997,6.2999997
grid,63,-36,330.25513,0.907004,0,5.8799996,0,6.2999997,6.2999997
grid,63,-35,330.9454,0.90086764,0,5.8799996,0,6.2999997,6.2999997
grid,63,-34,331.64505,0.89486384,0,5.8799996,0,6.2999997,6.2999997
grid,63,-33,332.35403,0.88899523,0,5.8799996,0,6.2999997,6.2999997
grid,63,-32,333.07236,0.8832646,0,5.8799996,0,6.2999997,6.2999997
grid,63,-31,333.7999,0.8776745,0,5.8799996,0,6.2999997,6.2999997
grid,63,-30,334.53665,0.8722278,0,5.8799996,0,6.2999997,6.2999997
grid,63,-29,335.28256,0.8669271,0,5.8799996,0,6.2999997,6.2999997
grid,63,-28,336.03754,0.8617751,0,5.8799996,0,6.2999997,6.2999997
grid,63,-27,336.80142,0.8567745,0,5.8799996,0,6.2999997,6.2999997
grid,63,-26,337.57416,0.851928,0,5.8799996,0,6.2999997,6.2999997
grid,63,-25,338.3556,0.8472382,0,5.8799996,0,6.2999997,6.2999997
grid,63,-24,339.14557,0.84270775,0,5.8799996,0,6.2999997,6.2999997
grid,63,-23,339.94394,0.83833915,0,5.8799996,0,6.2999997,6.2999997
grid,63,0,0,0.7875,0,5.8799996,0,6.2999997,6.2999997
grid,63,23,20.056095,0.83833915,0,5.8799996,0,6.2999997,6.2999997
grid,63,24,20.854458,0.84270775,0,5.8799996,0,6.2999997,6.2999997
grid,63,25,21.644434,0.8472382,0,5.8799996,0,6.2999997,6.2999997
grid,63,26,22.425861,0.851928,0,5.8799996,0,6.2999997,6.2999997
grid,63,27,23.198591,0.8567745,0,5.8799996,0,6.2999997,6.2999997
grid,63,28,23.962488,0.8617751,0,5.8799996,0,6.2999997,6.2999997
grid,63,29,24.717442,0.8669271,0,5.8799996,0,6.2999997,6.2999997
grid,63,30,25.463343,0.8722278,0,5.8799996,0,6.2999997,6.2999997
grid,63,31,26.200113,0.8776745,0,5.8799996,0,6.2999997,6.2999997
grid,63,32,26.927675,0.8832646,0,5.8799996,0,6.2999997,6.2999997
grid,63,33,27.645975,0.88899523,0,5.8799996,0,6.2999997,6.2999997
grid,63,34,28.354963,0.89486384,0,5.8799996,0,6.2999997,6.2999997
grid,63,35,29.054604,0.90086764,0,5.8799996,0,6.2999997,6.2999997
grid,63,36,29.74488,0.907004,0,5.8799996,0,6.2999997,6.2999997
grid,63,37,30.425781,0.91327024,0,5.8799996,0,6.2999997,6.2999997
grid,63,38,31.097313,0.91966367,0,5.8799996,0,6.2999997,6.2999997
grid,63,39,31.759481,0.9261817,0,5.8799996,0,6.2999997,6.2999997
grid,63,40,32.412304,0.9328217,0,5.8799996,0,6.2999997,6.2999997
grid,63,41,33.05582,0.93958104,0,5.8799996,0,6.2999997,6.2999997
grid,63,42,33.690067,0.9464572,0,5.8799996,0,6.2999997,6.2999997
grid,63,43,34.31509,0.9534477,0,5.8799996,0,6.2999997,6.2999997
grid,63,44,34.930935,0.96055,0,5.8799996,0,6.2999997,6.2999997
grid,63,45,35.537678,0.96776164,0,5.8799996,0,6.2999997,6.2999997
grid,63,46,36.135376,0.97508013,0,5.8799996,0,6.2999997,6.2999997
grid,63,47,36.724106,0.9825032,0,5.8799996,0,6.2999997,6.2999997
grid,63,48,37.30395,0.99002844,0,5.8799996,0,6.2999997,6.2999997
grid,63,49,37.874985,0.99765354,0,5.8799996,0,6.2999997,6.2999997
grid,64,-48,323.1301,1,0,5.8799996,0,6.2999997,6.2999997
grid,64,-47,323.7074,0.9925504,0,5.8799996,0,6.2999997,6.2999997
grid,64,-46,324.2933,0.985203,0,5.8799996,0,6.2999997,6.2999997
grid,64,-45,324.888,0.9779603,0,5.8799996,0,6.2999997,6.2999997
grid,64,-44,325.4915,0.9708244,0,5.8799996,0,6.2999997,6.2999997
grid,64,-43,326.10382,0.96379787,0,5.8799996,0,6.2999997,6.2999997
grid,64,-42,326.72513,0.95688295,0,5.8799996,0,6.2999997,6.2999997
grid,64,-41,327.35538,0.95008224,0,5.8799996,0,6.2999997,6.2999997
grid,64,-40,327.99463,0.9433981,0,5.8799996,0,6.2999997,6.2999997
grid,64,-39,328.6429,0.93683314,0,5.8799996,0,6.2999997,6.2999997
grid,64,-38,329.3003,0.9303897,0,5.8799996,0,6.2999997,6.2999997
grid,64,-37,329.96674,0.9240705,0,5.8799996,0,6.2999997,6.2999997
grid,64,-36,330.64224,0.91787803,0,5.8799996,0,6.2999997,6.2999997
grid,64,-35,331.32684,0.9118148,0,5.8799996,0,6.2999997,6.2999997
grid,64,-34,332.02054,0.9058836,0,5.8799996,0,6.2999997,6.2999997
grid,64,-33,332.72324,0.9000868,0,5.8799996,0,6.2999997,6.2999997
grid,64,-32,333.43497,0.89442724,0,5.8799996,0,6.2999997,6.2999997
grid,64,-31,334.1556,0.8889074,0,5.8799996,0,6.2999997,6.2999997
grid,64,-30,334.8852,0.8835299,0,5.8799996,0,6.2999997,6.2999997
grid,64,-29,335.62354,0.8782974,0,5.8799996,0,6.2999997,6.2999997
grid,64,-28,336.37064,0.8732125,0,5.8799996,0,6.2999997,6.2999997
grid,64,-27,337.12634,0.8682778,0,5.8799996,0,6.2999997,6.2999997
grid,64,-26,337.89056,0.8634958,0,5.8799996,0,6.2999997,6.2999997
grid,64,-25,338.66315,0.8588692,0,5.8799996,0,6.2999997,6.2999997
grid,64,-24,339.44397,0.8544004,0,5.8799996,0,6.2999997,6.2999997
grid,64,-23,340.23285,0.85009193,0,5.8799996,0,6.2999997,6.2999997
grid,64,0,0,0.8,0,5.8799996,0,6.2999997,6.2999997
grid,64,23,19.767168,0.85009193,0,5.8799996,0,6.2999997,6.2999997
grid,64,24,20.556046,0.8544004,0,5.8799996,0,6.2999997,6.2999997
grid,64,25,21.336859,0.8588692,0,5.8799996,0,6.2999997,6.2999997
grid,64,26,22.109447,0.8634958,0,5.8799996,0,6.2999997,6.2999997
grid,64,27,22.873665,0.8682778,0,5.8799996,0,6.2999997,6.2999997
grid,64,28,23.629377,0.8732125,0,5.8799996,0,6.2999997,6.2999997
grid,64,29,24.376469,0.8782974,0,5.8799996,0,6.2999997,6.2999997
grid,64,30,25.114834,0.8835299,0,5.8799996,0,6.2999997,6.2999997
grid,64,31,25.844385,0.8889074,0,5.8799996,0,6.2999997,6.2999997
grid,64,32,26.565052,0.89442724,0,5.8799996,0,6.2999997,6.2999997
grid,64,33,27.276764,0.9000868,0,5.8799996,0,6.2999997,6.2999997
grid,64,34,27.979475,0.9058836,0,5.8799996,0,6.2999997,6.2999997
grid,64,35,28.673147,0.9118148,0,5.8799996,0,6.2999997,6.2999997
grid,64,36,29.357756,0.91787803,0,5.8799996,0,6.2999997,6.2999997
grid,64,37,30.033281,0.9240705,0,5.8799996,0,6.2999997,6.2999997
grid,64,38,30.699724,0.9303897,0,5.8799996,0,6.2999997,6.2999997
grid,64,39,31.357084,0.93683314,0,5.8799996,0,6.2999997,6.2999997
grid,64,40,32.005383,0.9433981,0,5.8799996,0,6.2999997,6.2999997
grid,64,41,32.64464,0.95008224,0,5.8799996,0,6.2999997,6.2999997
grid,64,42,33.274887,0.95688295,0,5.8799996,0,6.2999997,6.2999997
grid,64,43,33.896168,0.96379787,0,5.8799996,0,6.2999997,6.2999997
grid,64,44,34.508522,0.9708244,0,5.8799996,0,6.2999997,6.2999997
grid,64,45,35.11201,0.9779603,0,5.8799996,0,6.2999997,6.2999997
grid,64,46,35.70669,0.985203,0,5.8799996,0,6.2999997,6.2999997
grid,64,47,36.292625,0.9925504,0,5.8799996,0,6.2999997,6.2999997
grid,64,48,36.869896,1,0,5.8799996,0,6.2999997,6.2999997
grid,65,-46,324.71326,0.9953799,0,5.8799996,0,6.2999997,6.2999997
grid,65,-45,325.30487,0.98821175,0,5.8799996,0,6.2999997,6.2999997
grid,65,-44,325.90506,0.98115045,0,5.8799996,0,6.2999997,6.2999997
grid,65,-43,326.51382,0.9741984,0,5.8799996,0,6.2999997,6.2999997
grid,65,-42,327.13135,0.9673579,0,5.8799996,0,6.2999997,6.2999997
grid,65,-41,327.75757,0.9606313,0,5.8799996,0,6.2999997,6.2999997
grid,65,-40,328.39252,0.9540211,0,5.8799996,0,6.2999997,6.2999997
grid,65,-39,329.03625,0.9475297,0,5.8799996,0,6.2999997,6.2999997
grid,65,-38,329.6888,0.9411595,0,5.8799996,0,6.2999997,6.2999997
grid,65,-37,330.35013,0.9349131,0,5.8799996,0,6.2999997,6.2999997
grid,65,-36,331.02032,0.9287929,0,5.8799996,0,6.2999997,6.2999997
grid,65,-35,331.69925,0.92280143,0,5.8799996,0,6.2999997,6.2999997
grid,65,-34,332.387,0.9169413,0,5.8799996,0,6.2999997,6.2999997
grid,65,-33,333.08347,0.9112148,0,5.8799996,0,6.2999997,6.2999997
grid,65,-32,333.78864,0.9056248,0,5.8799996,0,6.2999997,6.2999997
grid,65,-31,334.50244,0.9001736,0,5.8799996,0,6.2999997,6.2999997
grid,65,-30,335.22485,0.89486384,0,5.8799996,0,6.2999997,6.2999997
grid,65,-29,335.95578,0.88969797,0,5.8799996,0,6.2999997,6.2999997
grid,65,-28,336.69513,0.8846786,0,5.8799996,0,6.2999997,6.2999997
grid,65,-27,337.44278,0.87980825,0,5.8799996,0,6.2999997,6.2999997
grid,65,-26,338.1986,0.8750893,0,5.8799996,0,6.2999997,6.2999997
grid,65,-25,338.96252,0.8705243,0,5.8799996,0,6.2999997,6.2999997
grid,65,-24,339.7343,0.8661156,0,5.8799996,0,6.2999997,6.2999997
grid,65,-23,340.5139,0.8618657,0,5.8799996,0,6.2999997,6.2999997
grid,65,0,0,0.8125,0,5.8799996,0,6.2999997,6.2999997
grid,65,23,19.486128,0.8618657,0,5.8799996,0,6.2999997,6.2999997
grid,65,24,20.265697,0.8661156,0,5.8799996,0,6.2999997,6.2999997
grid,65,25,21.037512,0.8705243,0,5.8799996,0,6.2999997,6.2999997
grid,65,26,21.801409,0.8750893,0,5.8799996,0,6.2999997,6.2999997
grid,65,27,22.557247,0.87980825,0,5.8799996,0,6.2999997,6.2999997
grid,65,28,23.304892,0.8846786,0,5.8799996,0,6.2999997,6.2999997
grid,65,29,24.044224,0.88969797,0,5.8799996,0,6.2999997,6.2999997
grid,65,30,24.77514,0.89486384,0,5.8799996,0,6.2999997,6.2999997
grid,65,31,25.497551,0.9001736,0,5.8799996,0,6.2999997,6.2999997
grid,65,32,26.211378,0.9056248,0,5.8799996,0,6.2999997,6.2999997
grid,65,33,26.916553,0.9112148,0,5.8799996,0,6.2999997,6.2999997
grid,65,34,27.61303,0.9169413,0,5.8799996,0,6.2999997,6.2999997
grid,65,35,28.300758,0.92280143,0,5.8799996,0,6.2999997,6.2999997
grid,65,36,28.979708,0.9287929,0,5.8799996,0,6.2999997,6.2999997
grid,65,37,29.649866,0.9349131,0,5.8799996,0,6.2999997,6.2999997
grid,65,38,30.311213,0.9411595,0,5.8799996,0,6.2999997,6.2999997
grid,65,39,30.963758,0.9475297,0,5.8799996,0,6.2999997,6.2999997
grid,65,40,31.607504,0.9540211,0,5.8799996,0,6.2999997,6.2999997
grid,65,41,32.242466,0.9606313,0,5.8799996,0,6.2999997,6.2999997
grid,65,42,32.86868,0.9673579,0,5.8799996,0,6.2999997,6.2999997
grid,65,43,33.48617,0.9741984,0,5.8799996,0,6.2999997,6.2999997
grid,65,44,34.09498,0.98115045,0,5.8799996,0,6.2999997,6.2999997
grid,65,45,34.695156,0.98821175,0,5.8799996,0,6.2999997,6.2999997
grid,65,46,35.286747,0.9953799,0,5.8799996,0,6.2999997,6.2999997
grid,66,-45,325.71313,0.9985145,0,5.8799996,0,6.2999997,6.2999997
grid,66,-44,326.30994,0.9915266,0,5.8799996,0,6.2999997,6.2999997
grid,66,-43,326.91516,0.98464775,0,5.8799996,0,6.2999997,6.2999997
grid,66,-42,327.52884,0.97788036,0,5.8799996,0,6.2999997,6.2999997
grid,66,-41,328.15094,0.97122663,0,5.8799996,0,6.2999997,6.2999997
grid,66,-40,328.7816,0.9646891,0,5.8799996,0,6.2999997,6.2999997
grid,66,-39,329.4208,0.9582699,0,5.8799996,0,6.2999997,6.2999997
grid,66,-38,330.0685,0.9519716,0,5.8799996,0,6.2999997,6.2999997
grid,66,-37,330.72476,0.9457966,0,5.8799996,0,6.2999997,6.2999997
grid,66,-36,331.38956,0.9397473,0,5.8799996,0,6.2999997,6.2999997
grid,66,-35,332.06287,0.9338261,0,5.8799996,0,6.2999997,6.2999997
grid,66,-34,332.7447,0.92803556,0,5.8799996,0,6.2999997,6.2999997
grid,66,-33,333.43497,0.922378,0,5.8799996,0,6.2999997,6.2999997
grid,66,-32,334.13364,0.91685605,0,5.8799996,0,6.2999997,6.2999997
grid,66,-31,334.8407,0.911472,0,5.8799996,0,6.2999997,6.2999997
grid,66,-30,335.55606,0.9062284,0,5.8799996,0,6.2999997,6.2999997
grid,66,-29,336.2796,0.90112776,0,5.8799996,0,6.2999997,6.2999997
grid,66,-28,337.0113,0.8961724,0,5.8799996,0,6.2999997,6.2999997
grid,66,-27,337.751,0.8913648,0,5.8799996,0,6.2999997,6.2999997
grid,66,-26,338.49857,0.88670737,0,5.8799996,0,6.2999997,6.2999997
grid,66,-25,339.25394,0.8822025,0,5.8799996,0,6.2999997,6.2999997
grid,66,-24,340.0169,0.8778525,0,5.8799996,0,6.2999997,6.2999997
grid,66,-23,340.78735,0.8736597,0,5.8799996,0,6.2999997,6.2999997
grid,66,0,0,0.825,0,5.8799996,0,6.2999997,6.2999997
grid,66,23,19.212671,0.8736597,0,5.8799996,0,6.2999997,6.2999997
grid,66,24,19.983107,0.8778525,0,5.8799996,0,6.2999997,6.2999997
grid,66,25,20.74608,0.8822025,0,5.8799996,0,6.2999997,6.2999997
grid,66,26,21.501434,0.88670737,0,5.8799996,0,6.2999997,6.2999997
grid,66,27,22.249025,0.8913648,0,5.8799996,0,6.2999997,6.2999997
grid,66,28,22.988718,0.8961724,0,5.8799996,0,6.2999997,6.2999997
grid,66,29,23.720396,0.90112776,0,5.8799996,0,6.2999997,6.2999997
grid,66,30,24.443956,0.9062284,0,5.8799996,0,6.2999997,6.2999997
grid,66,31,25.159302,0.911472,0,5.8799996,0,6.2999997,6.2999997
grid,66,32,25.866358,0.91685605,0,5.8799996,0,6.2999997,6.2999997
grid,66,33,26.565052,0.922378,0,5.8799996,0,6.2999997,6.2999997
grid,66,34,27.255331,0.92803556,0,5.8799996,0,6.2999997,6.2999997
grid,66,35,27.937143,0.9338261,0,5.8799996,0,6.2999997,6.2999997
grid,66,36,28.61046,0.9397473,0,5.8799996,0,6.2999997,6.2999997
grid,66,37,29.275253,0.9457966,0,5.8799996,0,6.2999997,6.2999997
grid,66,38,29.93151,0.9519716,0,5.8799996,0,6.2999997,6.2999997
grid,66,39,30.57923,0.9582699,0,5.8799996,0,6.2999997,6.2999997
grid,66,40,31.218405,0.9646891,0,5.8799996,0,6.2999997,6.2999997
grid,66,41,31.849052,0.97122663,0,5.8799996,0,6.2999997,6.2999997
grid,66,42,32.47119,0.97788036,0,5.8799996,0,6.2999997,6.2999997
grid,66,43,33.084858,0.98464775,0,5.8799996,0,6.2999997,6.2999997
grid,66,44,33.690067,0.9915266,0,5.8799996,0,6.2999997,6.2999997
grid,66,45,34.286877,0.9985145,0,5.8799996,0,6.2999997,6.2999997
grid,67,-43,327.308,0.9951444,0,5.8799996,0,6.2999997,6.2999997
grid,67,-42,327.91782,0.98844886,0,5.8799996,0,6.2999997,6.2999997
grid,67,-41,328.53586,0.98186684,0,5.8799996,0,6.2999997,6.2999997
grid,67,-40,329.16217,0.9754005,0,5.8799996,0,6.2999997,6.2999997
grid,67,-39,329.79678,0.9690524,0,5.8799996,0,6.2999997,6.2999997
grid,67,-38,330.43967,0.9628246,0,5.8799996,0,6.2999997,6.2999997
grid,67,-37,331.09082,0.95671964,0,5.8799996,0,6.2999997,6.2999997
grid,67,-36,331.75027,0.9507398,0,5.8799996,0,6.2999997,6.2999997
grid,67,-35,332.418,0.9448875,0,5.8799996,0,6.2999997,6.2999997
grid,67,-34,333.0939,0.9391652,0,5.8799996,0,6.2999997,6.2999997
grid,67,-33,333.77805,0.9335751,0,5.8799996,0,6.2999997,6.2999997
grid,67,-32,334.47034,0.9281197,0,5.8799996,0,6.2999997,6.2999997
grid,67,-31,335.17065,0.92280143,0,5.8799996,0,6.2999997,6.2999997
grid,67,-30,335.87903,0.91762257,0,5.8799996,0,6.2999997,6.2999997
grid,67,-29,336.59534,0.91258556,0,5.8799996,0,6.2999997,6.2999997
grid,67,-28,337.31943,0.9076928,0,5.8799996,0,6.2999997,6.2999997
grid,67,-27,338.0513,0.90294653,0,5.8799996,0,6.2999997,6.2999997
grid,67,-26,338.79077,0.8983491,0,5.8799996,0,6.2999997,6.2999997
grid,67,-25,339.53775,0.8939029,0,5.8799996,0,6.2999997,6.2999997
grid,67,-24,340.29202,0.8896101,0,5.8799996,0,6.2999997,6.2999997
grid,67,-23,341.0535,0.885473,0,5.8799996,0,6.2999997,6.2999997
grid,67,0,0,0.8375,0,5.8799996,0,6.2999997,6.2999997
grid,67,23,18.946507,0.885473,0,5.8799996,0,6.2999997,6.2999997
grid,67,24,19.70798,0.8896101,0,5.8799996,0,6.2999997,6.2999997
grid,67,25,20.462273,0.8939029,0,5.8799996,0,6.2999997,6.2999997
grid,67,26,21.209227,0.8983491,0,5.8799996,0,6.2999997,6.2999997
grid,67,27,21.9487,0.90294653,0,5.8799996,0,6.2999997,6.2999997
grid,67,28,22.680561,0.9076928,0,5.8799996,0,6.2999997,6.2999997
grid,67,29,23.404692,0.91258556,0,5.8799996,0,6.2999997,6.2999997
grid,67,30,24.120985,0.91762257,0,5.8799996,0,6.2999997,6.2999997
grid,67,31,24.829346,0.92280143,0,5.8799996,0,6.2999997,6.2999997
grid,67,32,25.5297,0.9281197,0,5.8799996,0,6.2999997,6.2999997
grid,67,33,26.221968,0.9335751,0,5.8799996,0,6.2999997,6.2999997
grid,67,34,26.906096,0.9391652,0,5.8799996,0,6.2999997,6.2999997
grid,67,35,27.582031,0.9448875,0,5.8799996,0,6.2999997,6.2999997
grid,67,36,28.249739,0.9507398,0,5.8799996,0,6.2999997,6.2999997
grid,67,37,28.909185,0.95671964,0,5.8799996,0,6.2999997,6.2999997
grid,67,38,29.560356,0.9628246,0,5.8799996,0,6.2999997,6.2999997
grid,67,39,30.20324,0.9690524,0,5.8799996,0,6.2999997,6.2999997
grid,67,40,30.837833,0.9754005,0,5.8799996,0,6.2999997,6.2999997
grid,67,41,31.464144,0.98186684,0,5.8799996,0,6.2999997,6.2999997
grid,67,42,32.082188,0.98844886,0,5.8799996,0,6.2999997,6.2999997
grid,67,43,32.691986,0.9951444,0,5.8799996,0,6.2999997,6.2999997
grid,68,-42,328.29858,0.99906206,0,5.8799996,0,6.2999997,6.2999997
grid,68,-41,328.9125,0.9925504,0,5.8799996,0,6.2999997,6.2999997
grid,68,-40,329.5345,0.98615414,0,5.8799996,0,6.2999997,6.2999997
grid,68,-39,330.16446,0.9798757,0,5.8799996,0,6.2999997,6.2999997
grid,68,-38,330.80255,0.9737171,0,5.8799996,0,6.2999997,6.2999997
grid,68,-37,331.4486,0.9676809,0,5.8799996,0,6.2999997,6.2999997
grid,68,-36,332.10272,0.9617692,0,5.8799996,0,6.2999997,6.2999997
grid,68,-35,332.76486,0.9559845,0,5.8799996,0,6.2999997,6.2999997
grid,68,-34,333.43497,0.9503289,0,5.8799996,0,6.2999997,6.2999997
grid,68,-33,334.113,0.9448049,0,5.8799996,0,6.2999997,6.2999997
grid,68,-32,334.7989,0.93941474,0,5.8799996,0,6.2999997,6.2999997
grid,68,-31,335.4926,0.9341607,0,5.8799996,0,6.2999997,6.2999997
grid,68,-30,336.19406,0.9290452,0,5.8799996,0,6.2999997,6.2999997
grid,68,-29,336.90317,0.9240705,0,5.8799996,0,6.2999997,6.2999997
grid,68,-28,337.61987,0.9192388,0,5.8799996,0,6.2999997,6.2999997
grid,68,-27,338.34402,0.9145525,0,5.8799996,0,6.2999997,6.2999997
grid,68,-26,339.0755,0.91001374,0,5.8799996,0,6.2999997,6.2999997
grid,68,-25,339.8142,0.9056248,0,5.8799996,0,6.2999997,6.2999997
grid,68,-24,340.56,0.9013878,0,5.8799996,0,6.2999997,6.2999997
grid,68,-23,341.31268,0.897305,0,5.8799996,0,6.2999997,6.2999997
grid,68,0,0,0.85,0,5.8799996,0,6.2999997,6.2999997
grid,68,23,18.687351,0.897305,0,5.8799996,0,6.2999997,6.2999997
grid,68,24,19.440035,0.9013878,0,5.8799996,0,6.2999997,6.2999997
grid,68,25,20.185802,0.9056248,0,5.8799996,0,6.2999997,6.2999997
grid,68,26,20.924501,0.91001374,0,5.8799996,0,6.2999997,6.2999997
grid,68,27,21.655989,0.9145525,0,5.8799996,0,6.2999997,6.2999997
grid,68,28,22.380135,0.9192388,0,5.8799996,0,6.2999997,6.2999997
grid,68,29,23.09682,0.9240705,0,5.8799996,0,6.2999997,6.2999997
grid,68,30,23.805943,0.9290452,0,5.8799996,0,6.2999997,6.2999997
grid,68,31,24.507406,0.9341607,0,5.8799996,0,6.2999997,6.2999997
grid,68,32,25.201124,0.93941474,0,5.8799996,0,6.2999997,6.2999997
grid,68,33,25.887026,0.9448049,0,5.8799996,0,6.2999997,6.2999997
grid,68,34,26.565052,0.9503289,0,5.8799996,0,6.2999997,6.2999997
grid,68,35,27.235147,0.9559845,0,5.8799996,0,6.2999997,6.2999997
grid,68,36,27.89727,0.9617692,0,5.8799996,0,6.2999997,6.2999997
grid,68,37,28.551392,0.9676809,0,5.8799996,0,6.2999997,6.2999997
grid,68,38,29.197485,0.9737171,0,5.8799996,0,6.2999997,6.2999997
grid,68,39,29.83554,0.9798757,0,5.8799996,0,6.2999997,6.2999997
grid,68,40,30.465544,0.98615414,0,5.8799996,0,6.2999997,6.2999997
grid,68,41,31.087503,0.9925504,0,5.8799996,0,6.2999997,6.2999997
grid,68,42,31.70143,0.99906206,0,5.8799996,0,6.2999997,6.2999997
grid,69,-40,329.8987,0.9969485,0,5.8799996,0,6.2999997,6.2999997
grid,69,-39,330.5241,0.99073833,0,5.8799996,0,6.2999997,6.2999997
grid,69,-38,331.15735,0.98464775,0,5.8799996,0,6.2999997,6.2999997
grid,69,-37,331.79837,0.978679,0,5.8799996,0,6.2999997,6.2999997
grid,69,-36,332.4472,0.9728341,0,5.8799996,0,6.2999997,6.2999997
grid,69,-35,333.10376,0.9671156,0,5.8799996,0,6.2999997,6.2999997
grid,69,-34,333.76807,0.9615255,0,5.8799996,0,6.2999997,6.2999997
grid,69,-33,334.44006,0.95606613,0,5.8799996,0,6.2999997,6.2999997
grid,69,-32,335.11966,0.95073986,0,5.8799996,0,6.2999997,6.2999997
grid,69,-31,335.8068,0.9455488,0,5.8799996,0,6.2999997,6.2999997
grid,69,-30,336.50146,0.9404952,0,5.8799996,0,6.2999997,6.2999997
grid,69,-29,337.2035,0.9355814,0,5.8799996,0,6.2999997,6.2999997
grid,69,-28,337.91284,0.93080944,0,5.8799996,0,6.2999997,6.2999997
grid,69,-27,338.6294,0.9261817,0,5.8799996,0,6.2999997,6.2999997
grid,69,-26,339.35303,0.9217002,0,5.8799996,0,6.2999997,6.2999997
grid,69,-25,340.08362,0.91736716,0,5.8799996,0,6.2999997,6.2999997
grid,69,-24,340.821,0.9131847,0,5.8799996,0,6.2999997,6.2999997
grid,69,-23,341.56506,0.90915483,0,5.8799996,0,6.2999997,6.2999997
grid,69,0,0,0.8625,0,5.8799996,0,6.2999997,6.2999997
grid,69,23,18.434948,0.90915483,0,5.8799996,0,6.2999997,6.2999997
grid,69,24,19.179008,0.9131847,0,5.8799996,0,6.2999997,6.2999997
grid,69,25,19.916407,0.91736716,0,5.8799996,0,6.2999997,6.2999997
grid,69,26,20.64699,0.9217002,0,5.8799996,0,6.2999997,6.2999997
grid,69,27,21.370623,0.9261817,0,5.8799996,0,6.2999997,6.2999997
grid,69,28,22.087172,0.93080944,0,5.8799996,0,6.2999997,6.2999997
grid,69,29,22.796524,0.9355814,0,5.8799996,0,6.2999997,6.2999997
grid,69,30,23.498566,0.9404952,0,5.8799996,0,6.2999997,6.2999997
grid,69,31,24.193209,0.9455488,0,5.8799996,0,6.2999997,6.2999997
grid,69,32,24.880367,0.95073986,0,5.8799996,0,6.2999997,6.2999997
grid,69,33,25.559965,0.95606613,0,5.8799996,0,6.2999997,6.2999997
grid,69,34,26.231941,0.9615255,0,5.8799996,0,6.2999997,6.2999997
grid,69,35,26.896236,0.9671156,0,5.8799996,0,6.2999997,6.2999997
grid,69,36,27.55281,0.9728341,0,5.8799996,0,6.2999997,6.2999997
grid,69,37,28.201628,0.978679,0,5.8799996,0,6.2999997,6.2999997
grid,69,38,28.842659,0.98464775,0,5.8799996,0,6.2999997,6.2999997
grid,69,39,29.47589,0.99073833,0,5.8799996,0,6.2999997,6.2999997
grid,69,40,30.101303,0.9969485,0,5.8799996,0,6.2999997,6.2999997
grid,70,-38,331.5044,0.99561536,0,5.8799996,0,6.2999997,6.2999997
grid,70,-37,332.14035,0.9897127,0,5.8799996,0,6.2999997,6.2999997
grid,70,-36,332.7839,0.98393345,0,5.8799996,0,6.2999997,6.2999997
grid,70,-35,333.43497,0.97827977,0,5.8799996,0,6.2999997,6.2999997
grid,70,-34,334.0935,0.9727538,0,5.8799996,0,6.2999997,6.2999997
grid,70,-33,334.7595,0.9673579,0,5.8799996,0,6.2999997,6.2999997
grid,70,-32,335.43283,0.96209407,0,5.8799996,0,6.2999997,6.2999997
grid,70,-31,336.1135,0.9569646,0,5.8799996,0,6.2999997,6.2999997
grid,70,-30,336.80142,0.95197165,0,5.8799996,0,6.2999997,6.2999997
grid,70,-29,337.4965,0.9471173,0,5.8799996,0,6.2999997,6.2999997
grid,70,-28,338.1986,0.94240385,0,5.8799996,0,6.2999997,6.2999997
grid,70,-27,338.90768,0.9378333,0,5.8799996,0,6.2999997,6.2999997
grid,70,-26,339.6236,0.9334077,0,5.8799996,0,6.2999997,6.2999997
grid,70,-25,340.3462,0.9291293,0,5.8799996,0,6.2999997,6.2999997
grid,70,-24,341.07535,0.925,0,5.8799996,0,6.2999997,6.2999997
grid,70,-23,341.81097,0.9210219,0,5.8799996,0,6.2999997,6.2999997
grid,70,0,0,0.875,0,5.8799996,0,6.2999997,6.2999997
grid,70,23,18.189045,0.9210219,0,5.8799996,0,6.2999997,6.2999997
grid,70,24,18.924644,0.925,0,5.8799996,0,6.2999997,6.2999997
grid,70,25,19.653826,0.9291293,0,5.8799996,0,6.2999997,6.2999997
grid,70,26,20.376434,0.9334077,0,5.8799996,0,6.2999997,6.2999997
grid,70,27,21.09234,0.9378333,0,5.8799996,0,6.2999997,6.2999997
grid,70,28,21.80141,0.94240385,0,5.8799996,0,6.2999997,6.2999997
grid,70,29,22.503529,0.9471173,0,5.8799996,0,6.2999997,6.2999997
grid,70,30,23.198591,0.95197165,0,5.8799996,0,6.2999997,6.2999997
grid,70,31,23.8865,0.9569646,0,5.8799996,0,6.2999997,6.2999997
grid,70,32,24.567171,0.96209407,0,5.8799996,0,6.2999997,6.2999997
grid,70,33,25.240528,0.9673579,0,5.8799996,0,6.2999997,6.2999997
grid,70,34,25.906507,0.9727538,0,5.8799996,0,6.2999997,6.2999997
grid,70,35,26.565052,0.97827977,0,5.8799996,0,6.2999997,6.2999997
grid,70,36,27.21611,0.98393345,0,5.8799996,0,6.2999997,6.2999997
grid,70,37,27.85965,0.9897127,0,5.8799996,0,6.2999997,6.2999997
grid,70,38,28.495638,0.99561536,0,5.8799996,0,6.2999997,6.2999997
grid,71,-36,333.1131,0.9950659,0,5.8799996,0,6.2999997,6.2999997
grid,71,-35,333.75867,0.98947585,0,5.8799996,0,6.2999997,6.2999997
grid,71,-34,334.4115,0.98401284,0,5.8799996,0,6.2999997,6.2999997
grid,71,-33,335.07153,0.97867894,0,5.8799996,0,6.2999997,6.2999997
grid,71,-32,335.7387,0.9734764,0,5.8799996,0,6.2999997,6.2999997
grid,71,-31,336.413,0.9684072,0,5.8799996,0,6.2999997,6.2999997
grid,71,-30,337.09424,0.96347356,0,5.8799996,0,6.2999997,6.2999997
grid,71,-29,337.7824,0.9586775,0,5.8799996,0,6.2999997,6.2999997
grid,71,-28,338.47742,0.9540211,0,5.8799996,0,6.2999997,6.2999997
grid,71,-27,339.1791,0.94950646,0,5.8799996,0,6.2999997,6.2999997
grid,71,-26,339.88742,0.94513553,0,5.8799996,0,6.2999997,6.2999997
grid,71,-25,340.6022,0.94091046,0,5.8799996,0,6.2999997,6.2999997
grid,71,-24,341.3233,0.9368331,0,5.8799996,0,6.2999997,6.2999997
grid,71,-23,342.0506,0.93290544,0,5.8799996,0,6.2999997,6.2999997
grid,71,0,0,0.8875,0,5.8799996,0,6.2999997,6.2999997
grid,71,23,17.949402,0.93290544,0,5.8799996,0,6.2999997,6.2999997
grid,71,24,18.676702,0.9368331,0,5.8799996,0,6.2999997,6.2999997
grid,71,25,19.397812,0.94091046,0,5.8799996,0,6.2999997,6.2999997
grid,71,26,20.112589,0.94513553,0,5.8799996,0,6.2999997,6.2999997
grid,71,27,20.820894,0.94950646,0,5.8799996,0,6.2999997,6.2999997
grid,71,28,21.5226,0.9540211,0,5.8799996,0,6.2999997,6.2999997
grid,71,29,22.217594,0.9586775,0,5.8799996,0,6.2999997,6.2999997
grid,71,30,22.905771,0.96347356,0,5.8799996,0,6.2999997,6.2999997
grid,71,31,23.58703,0.9684072,0,5.8799996,0,6.2999997,6.2999997
grid,71,32,24.261292,0.9734764,0,5.8799996,0,6.2999997,6.2999997
grid,71,33,24.928474,0.97867894,0,5.8799996,0,6.2999997,6.2999997
grid,71,34,25.588514,0.98401284,0,5.8799996,0,6.2999997,6.2999997
grid,71,35,26.24135,0.98947585,0,5.8799996,0,6.2999997,6.2999997
grid,71,36,26.886934,0.9950659,0,5.8799996,0,6.2999997,6.2999997
grid,72,-34,334.7223,0.9953014,0,5.8799996,0,6.2999997,6.2999997
grid,72,-33,335.37643,0.9900284,0,5.8799996,0,6.2999997,6.2999997
grid,72,-32,336.03754,0.98488575,0,5.8799996,0,6.2999997,6.2999997
grid,72,-31,336.70547,0.9798756,0,5.8799996,0,6.2999997,6.2999997
grid,72,-30,337.38016,0.97499996,0,5.8799996,0,6.2999997,6.2999997
grid,72,-29,338.06152,0.97026086,0,5.8799996,0,6.2999997,6.2999997
grid,72,-28,338.7495,0.9656604,0,5.8799996,0,6.2999997,6.2999997
grid,72,-27,339.44397,0.9612004,0,5.8799996,0,6.2999997,6.2999997
grid,72,-26,340.1448,0.9568829,0,5.8799996,0,6.2999997,6.2999997
grid,72,-25,340.85187,0.9527099,0,5.8799996,0,6.2999997,6.2999997
grid,72,-24,341.56506,0.94868326,0,5.8799996,0,6.2999997,6.2999997
grid,72,-23,342.2842,0.94480485,0,5.8799996,0,6.2999997,6.2999997
grid,72,0,0,0.9,0,5.8799996,0,6.2999997,6.2999997
grid,72,23,17.715794,0.94480485,0,5.8799996,0,6.2999997,6.2999997
grid,72,24,18.434948,0.94868326,0,5.8799996,0,6.2999997,6.2999997
grid,72,25,19.148138,0.9527099,0,5.8799996,0,6.2999997,6.2999997
grid,72,26,19.855215,0.9568829,0,5.8799996,0,6.2999997,6.2999997
grid,72,27,20.556047,0.9612004,0,5.8799996,0,6.2999997,6.2999997
grid,72,28,21.250507,0.9656604,0,5.8799996,0,6.2999997,6.2999997
grid,72,29,21.93848,0.97026086,0,5.8799996,0,6.2999997,6.2999997
grid,72,30,22.619865,0.97499996,0,5.8799996,0,6.2999997,6.2999997
grid,72,31,23.294563,0.9798756,0,5.8799996,0,6.2999997,6.2999997
grid,72,32,23.962492,0.98488575,0,5.8799996,0,6.2999997,6.2999997
grid,72,33,24.623566,0.9900284,0,5.8799996,0,6.2999997,6.2999997
grid,72,34,25.277723,0.9953014,0,5.8799996,0,6.2999997,6.2999997
grid,73,-32,336.32947,0.9963214,0,5.8799996,0,6.2999997,6.2999997
grid,73,-31,336.99115,0.991369,0,5.8799996,0,6.2999997,6.2999997
grid,73,-30,337.65936,0.9865502,0,5.8799996,0,6.2999997,6.2999997
grid,73,-29,338.33405,0.98186684,0,5.8799996,0,6.2999997,6.2999997
grid,73,-28,339.0151,0.97732097,0,5.8799996,0,6.2999997,6.2999997
grid,73,-27,339.70245,0.97291446,0,5.8799996,0,6.2999997,6.2999997
grid,73,-26,340.39594,0.9686492,0,5.8799996,0,6.2999997,6.2999997
grid,73,-25,341.09546,0.9645271,0,5.8799996,0,6.2999997,6.2999997
grid,73,-24,341.80084,0.96055,0,5.8799996,0,6.2999997,6.2999997
grid,73,-23,342.51202,0.9567197,0,5.8799996,0,6.2999997,6.2999997
grid,73,0,0,0.9125,0,5.8799996,0,6.2999997,6.2999997
grid,73,23,17.487997,0.9567197,0,5.8799996,0,6.2999997,6.2999997
grid,73,24,18.199165,0.96055,0,5.8799996,0,6.2999997,6.2999997
grid,73,25,18.904575,0.9645271,0,5.8799996,0,6.2999997,6.2999997
grid,73,26,19.604088,0.9686492,0,5.8799996,0,6.2999997,6.2999997
grid,73,27,20.29757,0.97291446,0,5.8799996,0,6.2999997,6.2999997
grid,73,28,20.984898,0.97732097,0,5.8799996,0,6.2999997,6.2999997
grid,73,29,21.66596,0.98186684,0,5.8799996,0,6.2999997,6.2999997
grid,73,30,22.340647,0.9865502,0,5.8799996,0,6.2999997,6.2999997
grid,73,31,23.008871,0.991369,0,5.8799996,0,6.2999997,6.2999997
grid,73,32,23.670538,0.9963214,0,5.8799996,0,6.2999997,6.2999997
grid,74,-30,337.9321,0.9981232,0,5.8799996,0,6.2999997,6.2999997
grid,74,-29,338.60022,0.99349445,0,5.8799996,0,6.2999997,6.2999997
grid,74,-28,339.27448,0.98900205,0,5.8799996,0,6.2999997,6.2999997
grid,74,-27,339.95477,0.9846478,0,5.8799996,0,6.2999997,6.2999997
grid,74,-26,340.64102,0.9804336,0,5.8799996,0,6.2999997,6.2999997
grid,74,-25,341.3331,0.9763613,0,5.8799996,0,6.2999997,6.2999997
grid,74,-24,342.03088,0.97243255,0,5.8799996,0,6.2999997,6.2999997
grid,74,-23,342.7342,0.9686492,0,5.8799996,0,6.2999997,6.2999997
grid,74,0,0,0.925,0,5.8799996,0,6.2999997,6.2999997
grid,74,23,17.26581,0.9686492,0,5.8799996,0,6.2999997,6.2999997
grid,74,24,17.969141,0.97243255,0,5.8799996,0,6.2999997,6.2999997
grid,74,25,18.666914,0.9763613,0,5.8799996,0,6.2999997,6.2999997
grid,74,26,19.358994,0.9804336,0,5.8799996,0,6.2999997,6.2999997
grid,74,27,20.04525,0.9846478,0,5.8799996,0,6.2999997,6.2999997
grid,74,28,20.72556,0.98900205,0,5.8799996,0,6.2999997,6.2999997
grid,74,29,21.39981,0.99349445,0,5.8799996,0,6.2999997,6.2999997
grid,74,30,22.0679,0.9981232,0,5.8799996,0,6.2999997,6.2999997
grid,75,-27,340.2011,0.99639976,0,5.8799996,0,6.2999997,6.2999997
grid,75,-26,340.88028,0.9922355,0,5.8799996,0,6.2999997,6.2999997
grid,75,-25,341.56506,0.98821175,0,5.8799996,0,6.2999997,6.2999997
grid,75,-24,342.25534,0.98433036,0,5.8799996,0,6.2999997,6.2999997
grid,75,-23,342.951,0.98059297,0,5.8799996,0,6.2999997,6.2999997
grid,75,0,0,0.9375,0,5.8799996,0,6.2999997,6.2999997
grid,75,23,17.049032,0.98059297,0,5.8799996,0,6.2999997,6.2999997
grid,75,24,17.744673,0.98433036,0,5.8799996,0,6.2999997,6.2999997
grid,75,25,18.434948,0.98821175,0,5.8799996,0,6.2999997,6.2999997
grid,75,26,19.119726,0.9922355,0,5.8799996,0,6.2999997,6.2999997
grid,75,27,19.798878,0.99639976,0,5.8799996,0,6.2999997,6.2999997
grid,76,-24,342.47443,0.99624294,0,5.8799996,0,6.2999997,6.2999997
grid,76,-23,343.16254,0.9925504,0,5.8799996,0,6.2999997,6.2999997
grid,76,0,0,0.95,0,5.8799996,0,6.2999997,6.2999997
grid,76,23,16.837473,0.9925504,0,5.8799996,0,6.2999997,6.2999997
grid,76,24,17.525568,0.99624294,0,5.8799996,0,6.2999997,6.2999997
grid,77,0,0,0.9625,0,5.8799996,0,6.2999997,6.2999997
grid,78,0,0,0.975,0,5.8799996,0,6.2999997,6.2999997
grid,79,0,0,0.9875,0,5.8799996,0,6.2999997,6.2999997
grid,80,0,0,1,0,5.8799996,0,6.2999997,6.2999997
polar,,,0,0,0,5.8799996,0,6.2999997,6.2999997
polar,,,0,0.05,0,5.8799996,0,6.2999997,6.2999997
polar,,,0,0.1,0,5.8799996,0,6.2999997,6.2999997
polar,,,0,0.15,0,5.8799996,0,6.2999997,6.2999997
polar,,,0,0.2,0,5.8799996,0,6.2999997,6.2999997
polar,,,0,0.25,0,5.8799996,0,6.2999997,6.2999997
polar,,,0,0.3,0,5.8799996,0,6.2999997,6.2999997
polar,,,0,0.35,0,5.8799996,0,6.2999997,6.2999997
polar,,,0,0.4,0,5.8799996,0,6.2999997,6.2999997
polar,,,0,0.45,0,5.8799996,0,6.2999997,6.2999997
polar,,,0,0.5,0,5.8799996,0,6.2999997,6.2999997
polar,,,0,0.55,0,5.8799996,0,6.2999997,6.2999997
polar,,,0,0.6,0,5.8799996,0,6.2999997,6.2999997
polar,,,0,0.65,0,5.8799996,0,6.2999997,6.2999997
polar,,,0,0.7,0,5.8799996,0,6.2999997,6.2999997
polar,,,0,0.75,0,5.8799996,0,6.2999997,6.2999997
polar,,,0,0.8,0,5.8799996,0,6.2999997,6.2999997
polar,,,0,0.85,0,5.8799996,0,6.2999997,6.2999997
polar,,,0,0.9,0,5.8799996,0,6.2999997,6.2999997
polar,,,0,0.95,0,5.8799996,0,6.2999997,6.2999997
polar,,,0,1,0,5.8799996,0,6.2999997,6.2999997
polar,,,1,0,0,5.8799996,0,6.2999997,6.2999997
polar,,,1,0.05,0,5.8799996,0,6.2999997,6.2999997
polar,,,1,0.1,0,5.8799996,0,6.2999997,6.2999997
polar,,,1,0.15,0,5.8799996,0,6.2999997,6.2999997
polar,,,1,0.2,0,5.8799996,0,6.2999997,6.2999997
polar,,,1,0.25,0,5.8799996,0,6.2999997,6.2999997
polar,,,1,0.3,0,5.8799996,0,6.2999997,6.2999997
polar,,,1,0.35,0,5.8799996,0,6.2999997,6.2999997
polar,,,1,0.4,0,5.8799996,0,6.2999997,6.2999997
polar,,,1,0.45,0,5.8799996,0,6.2999997,6.2999997
polar,,,1,0.5,0,5.8799996,0,6.2999997,6.2999997
polar,,,1,0.55,0,5.8799996,0,6.2999997,6.2999997
polar,,,1,0.6,0,5.8799996,0,6.2999997,6.2999997
polar,,,1,0.65,0,5.8799996,0,6.2999997,6.2999997
polar,,,1,0.7,0,5.8799996,0,6.2999997,6.2999997
polar,,,1,0.75,0,5.8799996,0,6.2999997,6.2999997
polar,,,1,0.8,0,5.8799996,0,6.2999997,6.2999997
polar,,,1,0.85,0,5.8799996,0,6.2999997,6.2999997
polar,,,1,0.9,0,5.8799996,0,6.2999997,6.2999997
polar,,,1,0.95,0,5.8799996,0,6.2999997,6.2999997
polar,,,1,1,0,5.8799996,0,6.2999997,6.2999997
polar,,,2,0,0,5.8799996,0,6.2999997,6.2999997
polar,,,2,0.05,0,5.8799996,0,6.2999997,6.2999997
polar,,,2,0.1,0,5.8799996,0,6.2999997,6.2999997
polar,,,2,0.15,0,5.8799996,0,6.2999997,6.2999997
polar,,,2,0.2,0,5.8799996,0,6.2999997,6.2999997
polar,,,2,0.25,0,5.8799996,0,6.2999997,6.2999997
polar,,,2,0.3,0,5.8799996,0,6.2999997,6.2999997
polar,,,2,0.35,0,5.8799996,0,6.2999997,6.2999997
polar,,,2,0.4,0,5.8799996,0,6.2999997,6.2999997
polar,,,2,0.45,0,5.8799996,0,6.2999997,6.2999997
polar,,,2,0.5,0,5.8799996,0,6.2999997,6.2999997
polar,,,2,0.55,0,5.8799996,0,6.2999997,6.2999997
polar,,,2,0.6,0,5.8799996,0,6.2999997,6.2999997
polar,,,2,0.65,0,5.8799996,0,6.2999997,6.2999997
polar,,,2,0.7,0,5.8799996,0,6.2999997,6.2999997
polar,,,2,0.75,0,5.8799996,0,6.2999997,6.2999997
polar,,,2,0.8,0,5.8799996,0,6.2999997,6.2999997
polar,,,2,0.85,0,5.8799996,0,6.2999997,6.2999997
polar,,,2,0.9,0,5.8799996,0,6.2999997,6.2999997
polar,,,2,0.95,0,5.8799996,0,6.2999997,6.2999997
polar,,,2,1,0,5.8799996,0,6.2999997,6.2999997
polar,,,3,0,0,5.8799996,0,6.2999997,6.2999997
polar,,,3,0.05,0,5.8799996,0,6.2999997,6.2999997
polar,,,3,0.1,0,5.8799996,0,6.2999997,6.2999997
polar,,,3,0.15,0,5.8799996,0,6.2999997,6.2999997
polar,,,3,0.2,0,5.8799996,0,6.2999997,6.2999997
polar,,,3,0.25,0,5.8799996,0,6.2999997,6.2999997
polar,,,3,0.3,0,5.8799996,0,6.2999997,6.2999997
polar,,,3,0.35,0,5.8799996,0,6.2999997,6.2999997
polar,,,3,0.4,0,5.8799996,0,6.2999997,6.2999997
polar,,,3,0.45,0,5.8799996,0,6.2999997,6.2999997
polar,,,3,0.5,0,5.8799996,0,6.2999997,6.2999997
polar,,,3,0.55,0,5.8799996,0,6.2999997,6.2999997
polar,,,3,0.6,0,5.8799996,0,6.2999997,6.2999997
polar,,,3,0.65,0,5.8799996,0,6.2999997,6.2999997
polar,,,3,0.7,0,5.8799996,0,6.2999997,6.2999997
polar,,,3,0.75,0,5.8799996,0,6.2999997,6.2999997
polar,,,3,0.8,0,5.8799996,0,6.2999997,6.2999997
polar,,,3,0.85,0,5.8799996,0,6.2999997,6.2999997
polar,,,3,0.9,0,5.8799996,0,6.2999997,6.2999997
polar,,,3,0.95,0,5.8799996,0,6.2999997,6.2999997
polar,,,3,1,0,5.8799996,0,6.2999997,6.2999997
polar,,,4,0,0,5.8799996,0,6.2999997,6.2999997
polar,,,4,0.05,0,5.8799996,0,6.2999997,6.2999997
polar,,,4,0.1,0,5.8799996,0,6.2999997,6.2999997
polar,,,4,0.15,0,5.8799996,0,6.2999997,6.2999997
polar,,,4,0.2,0,5.8799996,0,6.2999997,6.2999997
polar,,,4,0.25,0,5.8799996,0,6.2999997,6.2999997
polar,,,4,0.3,0,5.8799996,0,6.2999997,6.2999997
polar,,,4,0.35,0,5.8799996,0,6.2999997,6.2999997
polar,,,4,0.4,0,5.8799996,0,6.2999997,6.2999997
polar,,,4,0.45,0,5.8799996,0,6.2999997,6.2999997
polar,,,4,0.5,0,5.8799996,0,6.2999997,6.2999997
polar,,,4,0.55,0,5.8799996,0,6.2999997,6.2999997
polar,,,4,0.6,0,5.8799996,0,6.2999997,6.2999997
polar,,,4,0.65,0,5.8799996,0,6.2999997,6.2999997
polar,,,4,0.7,0,5.8799996,0,6.2999997,6.2999997
polar,,,4,0.75,0,5.8799996,0,6.2999997,6.2999997
polar,,,4,0.8,0,5.8799996,0,6.2999997,6.2999997
polar,,,4,0.85,0,5.8799996,0,6.2999997,6.2999997
polar,,,4,0.9,0,5.8799996,0,6.2999997,6.2999997
polar,,,4,0.95,0,5.8799996,0,6.2999997,6.2999997
polar,,,4,1,0,5.8799996,0,6.2999997,6.2999997
polar,,,5,0,0,5.8799996,0,6.2999997,6.2999997
polar,,,5,0.05,0,5.8799996,0,6.2999997,6.2999997
polar,,,5,0.1,0,5.8799996,0,6.2999997,6.2999997
polar,,,5,0.15,0,5.8799996,0,6.2999997,6.2999997
polar,,,5,0.2,0,5.8799996,0,6.2999997,6.2999997
polar,,,5,0.25,0,5.8799996,0,6.2999997,6.2999997
polar,,,5,0.3,0,5.8799996,0,6.2999997,6.2999997
polar,,,5,0.35,0,5.8799996,0,6.2999997,6.2999997
polar,,,5,0.4,0,5.8799996,0,6.2999997,6.2999997
polar,,,5,0.45,0,5.8799996,0,6.2999997,6.2999997
polar,,,5,0.5,0,5.8799996,0,6.2999997,6.2999997
polar,,,5,0.55,0,5.8799996,0,6.2999997,6.2999997
polar,,,5,0.6,0,5.8799996,0,6.2999997,6.2999997
polar,,,5,0.65,0,5.8799996,0,6.2999997,6.2999997
polar,,,5,0.7,0,5.8799996,0,6.2999997,6.2999997
polar,,,5,0.75,0,5.8799996,0,6.2999997,6.2999997
polar,,,5,0.8,0,5.8799996,0,6.2999997,6.2999997
polar,,,5,0.85,0,5.8799996,0,6.2999997,6.2999997
polar,,,5,0.9,0,5.8799996,0,6.2999997,6.2999997
polar,,,5,0.95,0,5.8799996,0,6.2999997,6.2999997
polar,,,5,1,0,5.8799996,0,6.2999997,6.2999997
polar,,,6,0,0,5.8799996,0,6.2999997,6.2999997
polar,,,6,0.05,0,5.8799996,0,6.2999997,6.2999997
polar,,,6,0.1,0,5.8799996,0,6.2999997,6.2999997
polar,,,6,0.15,0,5.8799996,0,6.2999997,6.2999997
polar,,,6,0.2,0,5.8799996,0,6.2999997,6.2999997
polar,,,6,0.25,0,5.8799996,0,6.2999997,6.2999997
polar,,,6,0.3,0,5.8799996,0,6.2999997,6.2999997
polar,,,6,0.35,0,5.8799996,0,6.2999997,6.2999997
polar,,,6,0.4,0,5.8799996,0,6.2999997,6.2999997
polar,,,6,0.45,0,5.8799996,0,6.2999997,6.2999997
polar,,,6,0.5,0,5.8799996,0,6.2999997,6.2999997
polar,,,6,0.55,0,5.8799996,0,6.2999997,6.2999997
polar,,,6,0.6,0,5.8799996,0,6.2999997,6.2999997
polar,,,6,0.65,0,5.8799996,0,6.2999997,6.2999997
polar,,,6,0.7,0,5.8799996,0,6.2999997,6.2999997
polar,,,6,0.75,0,5.8799996,0,6.2999997,6.2999997
polar,,,6,0.8,0,5.8799996,0,6.2999997,6.2999997
polar,,,6,0.85,0,5.8799996,0,6.2999997,6.2999997
polar,,,6,0.9,0,5.8799996,0,6.2999997,6.2999997
polar,,,6,0.95,0,5.8799996,0,6.2999997,6.2999997
polar,,,6,1,0,5.8799996,0,6.2999997,6.2999997
polar,,,7,0,0,5.8799996,0,6.2999997,6.2999997
polar,,,7,0.05,0,5.8799996,0,6.2999997,6.2999997
polar,,,7,0.1,0,5.8799996,0,6.2999997,6.2999997
polar,,,7,0.15,0,5.8799996,0,6.2999997,6.2999997
polar,,,7,0.2,0,5.8799996,0,6.2999997,6.2999997
polar,,,7,0.25,0,5.8799996,0,6.2999997,6.2999997
polar,,,7,0.3,0,5.8799996,0,6.2999997,6.2999997
polar,,,7,0.35,0,5.8799996,0,6.2999997,6.2999997
polar,,,7,0.4,0,5.8799996,0,6.2999997,6.2999997
polar,,,7,0.45,0,5.8799996,0,6.2999997,6.2999997
polar,,,7,0.5,0,5.8799996,0,6.2999997,6.2999997
polar,,,7,0.55,0,5.8799996,0,6.2999997,6.2999997
polar,,,7,0.6,0,5.8799996,0,6.2999997,6.2999997
polar,,,7,0.65,0,5.8799996,0,6.2999997,6.2999997
polar,,,7,0.7,0,5.8799996,0,6.2999997,6.2999997
polar,,,7,0.75,0,5.8799996,0,6.2999997,6.2999997
polar,,,7,0.8,0,5.8799996,0,6.2999997,6.2999997
polar,,,7,0.85,0,5.8799996,0,6.2999997,6.2999997
polar,,,7,0.9,0,5.8799996,0,6.2999997,6.2999997
polar,,,7,0.95,0,5.8799996,0,6.2999997,6.2999997
polar,,,7,1,0,5.8799996,0,6.2999997,6.2999997
polar,,,8,0,0,5.8799996,0,6.2999997,6.2999997
polar,,,8,0.05,0,5.8799996,0,6.2999997,6.2999997
polar,,,8,0.1,0,5.8799996,0,6.2999997,6.2999997
polar,,,8,0.15,0,5.8799996,0,6.2999997,6.2999997
polar,,,8,0.2,0,5.8799996,0,6.2999997,6.2999997
polar,,,8,0.25,0,5.8799996,0,6.2999997,6.2999997
polar,,,8,0.3,0,5.8799996,0,6.2999997,6.2999997
polar,,,8,0.35,0,5.8799996,0,6.2999997,6.2999997
polar,,,8,0.4,0,5.8799996,0,6.2999997,6.2999997
polar,,,8,0.45,0,5.8799996,0,6.2999997,6.2999997
polar,,,8,0.5,0,5.8799996,0,6.2999997,6.2999997
polar,,,8,0.55,0,5.8799996,0,6.2999997,6.2999997
polar,,,8,0.6,0,5.8799996,0,6.2999997,6.2999997
polar,,,8,0.65,0,5.8799996,0,6.2999997,6.2999997
polar,,,8,0.7,0,5.8799996,0,6.2999997,6.2999997
polar,,,8,0.75,0,5.8799996,0,6.2999997,6.2999997
polar,,,8,0.8,0,5.8799996,0,6.2999997,6.2999997
polar,,,8,0.85,0,5.8799996,0,6.2999997,6.2999997
polar,,,8,0.9,0,5.8799996,0,6.2999997,6.2999997
polar,,,8,0.95,0,5.8799996,0,6.2999997,6.2999997
polar,,,8,1,0,5.8799996,0,6.2999997,6.2999997
polar,,,9,0,0,5.8799996,0,6.2999997,6.2999997
polar,,,9,0.05,0,5.8799996,0,6.2999997,6.2999997
polar,,,9,0.1,0,5.8799996,0,6.2999997,6.2999997
polar,,,9,0.15,0,5.8799996,0,6.2999997,6.2999997
polar,,,9,0.2,0,5.8799996,0,6.2999997,6.2999997
polar,,,9,0.25,0,5.8799996,0,6.2999997,6.2999997
polar,,,9,0.3,0,5.8799996,0,6.2999997,6.2999997
polar,,,9,0.35,0,5.8799996,0,6.2999997,6.2999997
polar,,,9,0.4,0,5.8799996,0,6.2999997,6.2999997
polar,,,9,0.45,0,5.8799996,0,6.2999997,6.2999997
polar,,,9,0.5,0,5.8799996,0,6.2999997,6.2999997
polar,,,9,0.55,0,5.8799996,0,6.2999997,6.2999997
polar,,,9,0.6,0,5.8799996,0,6.2999997,6.2999997
polar,,,9,0.65,0,5.8799996,0,6.2999997,6.2999997
polar,,,9,0.7,0,5.8799996,0,6.2999997,6.2999997
polar,,,9,0.75,0,5.8799996,0,6.2999997,6.2999997
polar,,,9,0.8,0,5.8799996,0,6.2999997,6.2999997
polar,,,9,0.85,0,5.8799996,0,6.2999997,6.2999997
polar,,,9,0.9,0,5.8799996,0,6.2999997,6.2999997
polar,,,9,0.95,0,5.8799996,0,6.2999997,6.2999997
polar,,,9,1,0,5.8799996,0,6.2999997,6.2999997
polar,,,10,0,0,5.8799996,0,6.2999997,6.2999997
polar,,,10,0.05,0,5.8799996,0,6.2999997,6.2999997
polar,,,10,0.1,0,5.8799996,0,6.2999997,6.2999997
polar,,,10,0.15,0,5.8799996,0,6.2999997,6.2999997
polar,,,10,0.2,0,5.8799996,0,6.2999997,6.2999997
polar,,,10,0.25,0,5.8799996,0,6.2999997,6.2999997
polar,,,10,0.3,0,5.8799996,0,6.2999997,6.2999997
polar,,,10,0.35,0,5.8799996,0,6.2999997,6.2999997
polar,,,10,0.4,0,5.8799996,0,6.2999997,6.2999997
polar,,,10,0.45,0,5.8799996,0,6.2999997,6.2999997
polar,,,10,0.5,0,5.8799996,0,6.2999997,6.2999997
polar,,,10,0.55,0,5.8799996,0,6.2999997,6.2999997
polar,,,10,0.6,0,5.8799996,0,6.2999997,6.2999997
polar,,,10,0.65,0,5.8799996,0,6.2999997,6.2999997
polar,,,10,0.7,0,5.8799996,0,6.2999997,6.2999997
polar,,,10,0.75,0,5.8799996,0,6.2999997,6.2999997
polar,,,10,0.8,0,5.8799996,0,6.2999997,6.2999997
polar,,,10,0.85,0,5.8799996,0,6.2999997,6.2999997
polar,,,10,0.9,0,5.8799996,0,6.2999997,6.2999997
polar,,,10,0.95,0,5.8799996,0,6.2999997,6.2999997
polar,,,10,1,0,5.8799996,0,6.2999997,6.2999997
polar,,,11,0,0,5.8799996,0,6.2999997,6.2999997
polar,,,11,0.05,0,5.8799996,0,6.2999997,6.2999997
polar,,,11,0.1,0,5.8799996,0,6.2999997,6.2999997
polar,,,11,0.15,0,5.8799996,0,6.2999997,6.2999997
polar,,,11,0.2,0,5.8799996,0,6.2999997,6.2999997
polar,,,11,0.25,0,5.8799996,0,6.2999997,6.2999997
polar,,,11,0.3,0,5.8799996,0,6.2999997,6.2999997
polar,,,11,0.35,0,5.8799996,0,6.2999997,6.2999997
polar,,,11,0.4,0,5.8799996,0,6.2999997,6.2999997
polar,,,11,0.45,0,5.8799996,0,6.2999997,6.2999997
polar,,,11,0.5,0,5.8799996,0,6.2999997,6.2999997
polar,,,11,0.55,0,5.8799996,0,6.2999997,6.2999997
polar,,,11,0.6,0,5.8799996,0,6.2999997,6.2999997
polar,,,11,0.65,0,5.8799996,0,6.2999997,6.2999997
polar,,,11,0.7,0,5.8799996,0,6.2999997,6.2999997
polar,,,11,0.75,0,5.8799996,0,6.2999997,6.2999997
polar,,,11,0.8,0,5.8799996,0,6.2999997,6.2999997
polar,,,11,0.85,0,5.8799996,0,6.2999997,6.2999997
polar,,,11,0.9,0,5.8799996,0,6.2999997,6.2999997
polar,,,11,0.95,0,5.8799996,0,6.2999997,6.2999997
polar,,,11,1,0,5.8799996,0,6.2999997,6.2999997
polar,,,12,0,0,5.8799996,0,6.2999997,6.2999997
polar,,,12,0.05,0,5.8799996,0,6.2999997,6.2999997
polar,,,12,0.1,0,5.8799996,0,6.2999997,6.2999997
polar,,,12,0.15,0,5.8799996,0,6.2999997,6.2999997
polar,,,12,0.2,0,5.8799996,0,6.2999997,6.2999997
polar,,,12,0.25,0,5.8799996,0,6.2999997,6.2999997
polar,,,12,0.3,0,5.8799996,0,6.2999997,6.2999997
polar,,,12,0.35,0,5.8799996,0,6.2999997,6.2999997
polar,,,12,0.4,0,5.8799996,0,6.2999997,6.2999997
polar,,,12,0.45,0,5.8799996,0,6.2999997,6.2999997
polar,,,12,0.5,0,5.8799996,0,6.2999997,6.2999997
polar,,,12,0.55,0,5.8799996,0,6.2999997,6.2999997
polar,,,12,0.6,0,5.8799996,0,6.2999997,6.2999997
polar,,,12,0.65,0,5.8799996,0,6.2999997,6.2999997
polar,,,12,0.7,0,5.8799996,0,6.2999997,6.2999997
polar,,,12,0.75,0,5.8799996,0,6.2999997,6.2999997
polar,,,12,0.8,0,5.8799996,0,6.2999997,6.2999997
polar,,,12,0.85,0,5.8799996,0,6.2999997,6.2999997
polar,,,12,0.9,0,5.8799996,0,6.2999997,6.2999997
polar,,,12,0.95,0,5.8799996,0,6.2999997,6.2999997
polar,,,12,1,0,5.8799996,0,6.2999997,6.2999997
polar,,,13,0,0,5.8799996,0,6.2999997,6.2999997
polar,,,13,0.05,0,5.8799996,0,6.2999997,6.2999997
polar,,,13,0.1,0,5.8799996,0,6.2999997,6.2999997
polar,,,13,0.15,0,5.8799996,0,6.2999997,6.2999997
polar,,,13,0.2,0,5.8799996,0,6.2999997,6.2999997
polar,,,13,0.25,0,5.8799996,0,6.2999997,6.2999997
polar,,,13,0.3,0,5.8799996,0,6.2999997,6.2999997
polar,,,13,0.35,0,5.8799996,0,6.2999997,6.2999997
polar,,,13,0.4,0,5.8799996,0,6.2999997,6.2999997
polar,,,13,0.45,0,5.8799996,0,6.2999997,6.2999997
polar,,,13,0.5,0,5.8799996,0,6.2999997,6.2999997
polar,,,13,0.55,0,5.8799996,0,6.2999997,6.2999997
polar,,,13,0.6,0,5.8799996,0,6.2999997,6.2999997
polar,,,13,0.65,0,5.8799996,0,6.2999997,6.2999997
polar,,,13,0.7,0,5.8799996,0,6.2999997,6.2999997
polar,,,13,0.75,0,5.8799996,0,6.2999997,6.2999997
polar,,,13,0.8,0,5.8799996,0,6.2999997,6.2999997
polar,,,13,0.85,0,5.8799996,0,6.2999997,6.2999997
polar,,,13,0.9,0,5.8799996,0,6.2999997,6.2999997
polar,,,13,0.95,0,5.8799996,0,6.2999997,6.2999997
polar,,,13,1,0,5.8799996,0,6.2999997,6.2999997
polar,,,14,0,0,5.8799996,0,6.2999997,6.2999997
polar,,,14,0.05,0,5.8799996,0,6.2999997,6.2999997
polar,,,14,0.1,0,5.8799996,0,6.2999997,6.2999997
polar,,,14,0.15,0,5.8799996,0,6.2999997,6.2999997
polar,,,14,0.2,0,5.8799996,0,6.2999997,6.2999997
polar,,,14,0.25,0,5.8799996,0,6.2999997,6.2999997
polar,,,14,0.3,0,5.8799996,0,6.2999997,6.2999997
polar,,,14,0.35,0,5.8799996,0,6.2999997,6.2999997
polar,,,14,0.4,0,5.8799996,0,6.2999997,6.2999997
polar,,,14,0.45,0,5.8799996,0,6.2999997,6.2999997
polar,,,14,0.5,0,5.8799996,0,6.2999997,6.2999997
polar,,,14,0.55,0,5.8799996,0,6.2999997,6.2999997
polar,,,14,0.6,0,5.8799996,0,6.2999997,6.2999997
polar,,,14,0.65,0,5.8799996,0,6.2999997,6.2999997
polar,,,14,0.7,0,5.8799996,0,6.2999997,6.2999997
polar,,,14,0.75,0,5.8799996,0,6.2999997,6.2999997
polar,,,14,0.8,0,5.8799996,0,6.2999997,6.2999997
polar,,,14,0.85,0,5.8799996,0,6.2999997,6.2999997
polar,,,14,0.9,0,5.8799996,0,6.2999997,6.2999997
polar,,,14,0.95,0,5.8799996,0,6.2999997,6.2999997
polar,,,14,1,0,5.8799996,0,6.2999997,6.2999997
polar,,,15,0,0,5.8799996,0,6.2999997,6.2999997
polar,,,15,0.05,0,5.8799996,0,6.2999997,6.2999997
polar,,,15,0.1,0,5.8799996,0,6.2999997,6.2999997
polar,,,15,0.15,0,5.8799996,0,6.2999997,6.2999997
polar,,,15,0.2,0,5.8799996,0,6.2999997,6.2999997
polar,,,15,0.25,0,5.8799996,0,6.2999997,6.2999997
polar,,,15,0.3,0,5.8799996,0,6.2999997,6.2999997
polar,,,15,0.35,0,5.8799996,0,6.2999997,6.2999997
polar,,,15,0.4,0,5.8799996,0,6.2999997,6.2999997
polar,,,15,0.45,0,5.8799996,0,6.2999997,6.2999997
polar,,,15,0.5,0,5.8799996,0,6.2999997,6.2999997
polar,,,15,0.55,0,5.8799996,0,6.2999997,6.2999997
polar,,,15,0.6,0,5.8799996,0,6.2999997,6.2999997
polar,,,15,0.65,0,5.8799996,0,6.2999997,6.2999997
polar,,,15,0.7,0,5.8799996,0,6.2999997,6.2999997
polar,,,15,0.75,0,5.8799996,0,6.2999997,6.2999997
polar,,,15,0.8,0,5.8799996,0,6.2999997,6.2999997
polar,,,15,0.85,0,5.8799996,0,6.2999997,6.2999997
polar,,,15,0.9,0,5.8799996,0,6.2999997,6.2999997
polar,,,15,0.95,0,5.8799996,0,6.2999997,6.2999997
polar,,,15,1,0,5.8799996,0,6.2999997,6.2999997
polar,,,16,0,0,5.8799996,0,6.2999997,6.2999997
polar,,,16,0.05,0,5.8799996,0,6.2999997,6.2999997
polar,,,16,0.1,0,5.8799996,0,6.2999997,6.2999997
polar,,,16,0.15,0,5.8799996,0,6.2999997,6.2999997
polar,,,16,0.2,0,5.8799996,0,6.2999997,6.2999997
polar,,,16,0.25,0,5.8799996,0,6.2999997,6.2999997
polar,,,16,0.3,0,5.8799996,0,6.2999997,6.2999997
polar,,,16,0.35,0,5.8799996,0,6.2999997,6.2999997
polar,,,16,0.4,0,5.8799996,0,6.2999997,6.2999997
polar,,,16,0.45,0,5.8799996,0,6.2999997,6.2999997
polar,,,16,0.5,0,5.8799996,0,6.2999997,6.2999997
polar,,,16,0.55,0,5.8799996,0,6.2999997,6.2999997
polar,,,16,0.6,0,5.8799996,0,6.2999997,6.2999997
polar,,,16,0.65,0,5.8799996,0,6.2999997,6.2999997
polar,,,16,0.7,0,5.8799996,0,6.2999997,6.2999997
polar,,,16,0.75,0,5.8799996,0,6.2999997,6.2999997
polar,,,16,0.8,0,5.8799996,0,6.2999997,6.2999997
polar,,,16,0.85,0,5.8799996,0,6.2999997,6.2999997
polar,,,16,0.9,0,5.8799996,0,6.2999997,6.2999997
polar,,,16,0.95,0,5.8799996,0,6.2999997,6.2999997
polar,,,16,1,0,5.8799996,0,6.2999997,6.2999997
polar,,,17,0,0,5.8799996,0,6.2999997,6.2999997
polar,,,17,0.05,0,5.8799996,0,6.2999997,6.2999997
polar,,,17,0.1,0,5.8799996,0,6.2999997,6.2999997
polar,,,17,0.15,0,5.8799996,0,6.2999997,6.2999997
polar,,,17,0.2,0,5.8799996,0,6.2999997,6.2999997
polar,,,17,0.25,0,5.8799996,0,6.2999997,6.2999997
polar,,,17,0.3,0,5.8799996,0,6.2999997,6.2999997
polar,,,17,0.35,0,5.8799996,0,6.2999997,6.2999997
polar,,,17,0.4,0,5.8799996,0,6.2999997,6.2999997
polar,,,17,0.45,0,5.8799996,0,6.2999997,6.2999997
polar,,,17,0.5,0,5.8799996,0,6.2999997,6.2999997
polar,,,17,0.55,0,5.8799996,0,6.2999997,6.2999997
polar,,,17,0.6,0,5.8799996,0,6.2999997,6.2999997
polar,,,17,0.65,0,5.8799996,0,6.2999997,6.2999997
polar,,,17,0.7,0,5.8799996,0,6.2999997,6.2999997
polar,,,17,0.75,0,5.8799996,0,6.2999997,6.2999997
polar,,,17,0.8,0,5.8799996,0,6.2999997,6.2999997
polar,,,17,0.85,0,5.8799996,0,6.2999997,6.2999997
polar,,,17,0.9,0,5.8799996,0,6.2999997,6.2999997
polar,,,17,0.95,0,5.8799996,0,6.2999997,6.2999997
polar,,,17,1,0,5.8799996,0,6.2999997,6.2999997
polar,,,18,0,0,5.8799996,0,6.2999997,6.2999997
polar,,,18,0.05,0,5.8799996,0,6.2999997,6.2999997
polar,,,18,0.1,0,5.8799996,0,6.2999997,6.2999997
polar,,,18,0.15,0,5.8799996,0,6.2999997,6.2999997
polar,,,18,0.2,0,5.8799996,0,6.2999997,6.2999997
polar,,,18,0.25,0,5.8799996,0,6.2999997,6.2999997
polar,,,18,0.3,0,5.8799996,0,6.2999997,6.2999997
polar,,,18,0.35,0,5.8799996,0,6.2999997,6.2999997
polar,,,18,0.4,0,5.8799996,0,6.2999997,6.2999997
polar,,,18,0.45,0,5.8799996,0,6.2999997,6.2999997
polar,,,18,0.5,0,5.8799996,0,6.2999997,6.2999997
polar,,,18,0.55,0,5.8799996,0,6.2999997,6.2999997
polar,,,18,0.6,0,5.8799996,0,6.2999997,6.2999997
polar,,,18,0.65,0,5.8799996,0,6.2999997,6.2999997
polar,,,18,0.7,0,5.8799996,0,6.2999997,6.2999997
polar,,,18,0.75,0,5.8799996,0,6.2999997,6.2999997
polar,,,18,0.8,0,5.8799996,0,6.2999997,6.2999997
polar,,,18,0.85,0,5.8799996,0,6.2999997,6.2999997
polar,,,18,0.9,0,5.8799996,0,6.2999997,6.2999997
polar,,,18,0.95,0,5.8799996,0,6.2999997,6.2999997
polar,,,18,1,0,5.8799996,0,6.2999997,6.2999997
polar,,,19,0,0,5.8799996,0,6.2999997,6.2999997
polar,,,19,0.05,0,5.8799996,0,6.2999997,6.2999997
polar,,,19,0.1,0,5.8799996,0,6.2999997,6.2999997
polar,,,19,0.15,0,5.8799996,0,6.2999997,6.2999997
polar,,,19,0.2,0,5.8799996,0,6.2999997,6.2999997
polar,,,19,0.25,0,5.8799996,0,6.2999997,6.2999997
polar,,,19,0.3,0,5.8799996,0,6.2999997,6.2999997
polar,,,19,0.35,0,5.8799996,0,6.2999997,6.2999997
polar,,,19,0.4,0,5.8799996,0,6.2999997,6.2999997
polar,,,19,0.45,0,5.8799996,0,6.2999997,6.2999997
polar,,,19,0.5,0,5.8799996,0,6.2999997,6.2999997
polar,,,19,0.55,0,5.8799996,0,6.2999997,6.2999997
polar,,,19,0.6,0,5.8799996,0,6.2999997,6.2999997
polar,,,19,0.65,0,5.8799996,0,6.2999997,6.2999997
polar,,,19,0.7,0,5.8799996,0,6.2999997,6.2999997
polar,,,19,0.75,0,5.8799996,0,6.2999997,6.2999997
polar,,,19,0.8,0,5.8799996,0,6.2999997,6.2999997
polar,,,19,0.85,0,5.8799996,0,6.2999997,6.2999997
polar,,,19,0.9,0,5.8799996,0,6.2999997,6.2999997
polar,,,19,0.95,0,5.8799996,0,6.2999997,6.2999997
polar,,,19,1,0,5.8799996,0,6.2999997,6.2999997
polar,,,20,0,0,5.8799996,0,6.2999997,6.2999997
polar,,,20,0.05,0,5.8799996,0,6.2999997,6.2999997
polar,,,20,0.1,0,5.8799996,0,6.2999997,6.2999997
polar,,,20,0.15,0,5.8799996,0,6.2999997,6.2999997
polar,,,20,0.2,0,5.8799996,0,6.2999997,6.2999997
polar,,,20,0.25,0,5.8799996,0,6.2999997,6.2999997
polar,,,20,0.3,0,5.8799996,0,6.2999997,6.2999997
polar,,,20,0.35,0,5.8799996,0,6.2999997,6.2999997
polar,,,20,0.4,0,5.8799996,0,6.2999997,6.2999997
polar,,,20,0.45,0,5.8799996,0,6.2999997,6.2999997
polar,,,20,0.5,0,5.8799996,0,6.2999997,6.2999997
polar,,,20,0.55,0,5.8799996,0,6.2999997,6.2999997
polar,,,20,0.6,0,5.8799996,0,6.2999997,6.2999997
polar,,,20,0.65,0,5.8799996,0,6.2999997,6.2999997
polar,,,20,0.7,0,5.8799996,0,6.2999997,6.2999997
polar,,,20,0.75,0,5.8799996,0,6.2999997,6.2999997
polar,,,20,0.8,0,5.8799996,0,6.2999997,6.2999997
polar,,,20,0.85,0,5.8799996,0,6.2999997,6.2999997
polar,,,20,0.9,0,5.8799996,0,6.2999997,6.2999997
polar,,,20,0.95,0,5.8799996,0,6.2999997,6.2999997
polar,,,20,1,0,5.8799996,0,6.2999997,6.2999997
polar,,,21,0,0,5.8799996,0,6.2999997,6.2999997
polar,,,21,0.05,0,5.8799996,0,6.2999997,6.2999997
polar,,,21,0.1,0,5.8799996,0,6.2999997,6.2999997
polar,,,21,0.15,0,5.8799996,0,6.2999997,6.2999997
polar,,,21,0.2,0,5.8799996,0,6.2999997,6.2999997
polar,,,21,0.25,0,5.8799996,0,6.2999997,6.2999997
polar,,,21,0.3,0,5.8799996,0,6.2999997,6.2999997
polar,,,21,0.35,0,5.8799996,0,6.2999997,6.2999997
polar,,,21,0.4,0,5.8799996,0,6.2999997,6.2999997
polar,,,21,0.45,0,5.8799996,0,6.2999997,6.2999997
polar,,,21,0.5,0,5.8799996,0,6.2999997,6.2999997
polar,,,21,0.55,0,5.8799996,0,6.2999997,6.2999997
polar,,,21,0.6,0,5.8799996,0,6.2999997,6.2999997
polar,,,21,0.65,0,5.8799996,0,6.2999997,6.2999997
polar,,,21,0.7,0,5.8799996,0,6.2999997,6.2999997
polar,,,21,0.75,0,5.8799996,0,6.2999997,6.2999997
polar,,,21,0.8,0,5.8799996,0,6.2999997,6.2999997
polar,,,21,0.85,0,5.8799996,0,6.2999997,6.2999997
polar,,,21,0.9,0,5.8799996,0,6.2999997,6.2999997
polar,,,21,0.95,0,5.8799996,0,6.2999997,6.2999997
polar,,,21,1,0,5.8799996,0,6.2999997,6.2999997
polar,,,22,0,0,5.8799996,0,6.2999997,6.2999997
polar,,,22,0.05,0,5.8799996,0,6.2999997,6.2999997
polar,,,22,0.1,0,5.8799996,0,6.2999997,6.2999997
polar,,,22,0.15,0,5.8799996,0,6.2999997,6.2999997
polar,,,22,0.2,0,5.8799996,0,6.2999997,6.2999997
polar,,,22,0.25,0,5.8799996,0,6.2999997,6.2999997
polar,,,22,0.3,0,5.8799996,0,6.2999997,6.2999997
polar,,,22,0.35,0,5.8799996,0,6.2999997,6.2999997
polar,,,22,0.4,0,5.8799996,0,6.2999997,6.2999997
polar,,,22,0.45,0,5.8799996,0,6.2999997,6.2999997
polar,,,22,0.5,0,5.8799996,0,6.2999997,6.2999997
polar,,,22,0.55,0,5.8799996,0,6.2999997,6.2999997
polar,,,22,0.6,0,5.8799996,0,6.2999997,6.2999997
polar,,,22,0.65,0,5.8799996,0,6.2999997,6.2999997
polar,,,22,0.7,0,5.8799996,0,6.2999997,6.2999997
polar,,,22,0.75,0,5.8799996,0,6.2999997,6.2999997
polar,,,22,0.8,0,5.8799996,0,6.2999997,6.2999997
polar,,,22,0.85,0,5.8799996,0,6.2999997,6.2999997
polar,,,22,0.9,0,5.8799996,0,6.2999997,6.2999997
polar,,,22,0.95,0,5.8799996,0,6.2999997,6.2999997
polar,,,22,1,0,5.8799996,0,6.2999997,6.2999997
polar,,,23,0,0,5.8799996,0,6.2999997,6.2999997
polar,,,23,0.05,0,5.8799996,0,6.2999997,6.2999997
polar,,,23,0.1,0,5.8799996,0,6.2999997,6.2999997
polar,,,23,0.15,0,5.8799996,0,6.2999997,6.2999997
polar,,,23,0.2,0,5.8799996,0,6.2999997,6.2999997
polar,,,23,0.25,0,5.8799996,0,6.2999997,6.2999997
polar,,,23,0.3,0,5.8799996,0,6.2999997,6.2999997
polar,,,23,0.35,0,5.8799996,0,6.2999997,6.2999997
polar,,,23,0.4,0,5.8799996,0,6.2999997,6.2999997
polar,,,23,0.45,0,5.8799996,0,6.2999997,6.2999997
polar,,,23,0.5,0,5.8799996,0,6.2999997,6.2999997
polar,,,23,0.55,0,5.8799996,0,6.2999997,6.2999997
polar,,,23,0.6,0,5.8799996,0,6.2999997,6.2999997
polar,,,23,0.65,0,5.8799996,0,6.2999997,6.2999997
polar,,,23,0.7,0,5.8799996,0,6.2999997,6.2999997
polar,,,23,0.75,0,5.8799996,0,6.2999997,6.2999997
polar,,,23,0.8,0,5.8799996,0,6.2999997,6.2999997
polar,,,23,0.85,0,5.8799996,0,6.2999997,6.2999997
polar,,,23,0.9,0,5.8799996,0,6.2999997,6.2999997
polar,,,23,0.95,0,5.8799996,0,6.2999997,6.2999997
polar,,,23,1,0,5.8799996,0,6.2999997,6.2999997
polar,,,24,0,0,5.8799996,0,6.2999997,6.2999997
polar,,,24,0.05,0,5.8799996,0,6.2999997,6.2999997
polar,,,24,0.1,0,5.8799996,0,6.2999997,6.2999997
polar,,,24,0.15,0,5.8799996,0,6.2999997,6.2999997
polar,,,24,0.2,0,5.8799996,0,6.2999997,6.2999997
polar,,,24,0.25,0,5.8799996,0,6.2999997,6.2999997
polar,,,24,0.3,0,5.8799996,0,6.2999997,6.2999997
polar,,,24,0.35,0,5.8799996,0,6.2999997,6.2999997
polar,,,24,0.4,0,5.8799996,0,6.2999997,6.2999997
polar,,,24,0.45,0,5.8799996,0,6.2999997,6.2999997
polar,,,24,0.5,0,5.8799996,0,6.2999997,6.2999997
polar,,,24,0.55,0,5.8799996,0,6.2999997,6.2999997
polar,,,24,0.6,0,5.8799996,0,6.2999997,6.2999997
polar,,,24,0.65,0,5.8799996,0,6.2999997,6.2999997
polar,,,24,0.7,0,5.8799996,0,6.2999997,6.2999997
polar,,,24,0.75,0,5.8799996,0,6.2999997,6.2999997
polar,,,24,0.8,0,5.8799996,0,6.2999997,6.2999997
polar,,,24,0.85,0,5.8799996,0,6.2999997,6.2999997
polar,,,24,0.9,0,5.8799996,0,6.2999997,6.2999997
polar,,,24,0.95,0,5.8799996,0,6.2999997,6.2999997
polar,,,24,1,0,5.8799996,0,6.2999997,6.2999997
polar,,,25,0,0,5.8799996,0,6.2999997,6.2999997
polar,,,25,0.05,0,5.8799996,0,6.2999997,6.2999997
polar,,,25,0.1,0,5.8799996,0,6.2999997,6.2999997
polar,,,25,0.15,0,5.8799996,0,6.2999997,6.2999997
polar,,,25,0.2,0,5.8799996,0,6.2999997,6.2999997
polar,,,25,0.25,0,5.8799996,0,6.2999997,6.2999997
polar,,,25,0.3,0,5.8799996,0,6.2999997,6.2999997
polar,,,25,0.35,0,5.8799996,0,6.2999997,6.2999997
polar,,,25,0.4,0,5.8799996,0,6.2999997,6.2999997
polar,,,25,0.45,0,5.8799996,0,6.2999997,6.2999997
polar,,,25,0.5,0,5.8799996,0,6.2999997,6.2999997
polar,,,25,0.55,0,5.8799996,0,6.2999997,6.2999997
polar,,,25,0.6,0,5.8799996,0,6.2999997,6.2999997
polar,,,25,0.65,0,5.8799996,0,6.2999997,6.2999997
polar,,,25,0.7,0,5.8799996,0,6.2999997,6.2999997
polar,,,25,0.75,0,5.8799996,0,6.2999997,6.2999997
polar,,,25,0.8,0,5.8799996,0,6.2999997,6.2999997
polar,,,25,0.85,0,5.8799996,0,6.2999997,6.2999997
polar,,,25,0.9,0,5.8799996,0,6.2999997,6.2999997
polar,,,25,0.95,0,5.8799996,0,6.2999997,6.2999997
polar,,,25,1,0,5.8799996,0,6.2999997,6.2999997
polar,,,26,0,0,5.8799996,0,6.2999997,6.2999997
polar,,,26,0.05,0,5.8799996,0,6.2999997,6.2999997
polar,,,26,0.1,0,5.8799996,0,6.2999997,6.2999997
polar,,,26,0.15,0,5.8799996,0,6.2999997,6.2999997
polar,,,26,0.2,0,5.8799996,0,6.2999997,6.2999997
polar,,,26,0.25,0,5.8799996,0,6.2999997,6.2999997
polar,,,26,0.3,0,5.8799996,0,6.2999997,6.2999997
polar,,,26,0.35,0,5.8799996,0,6.2999997,6.2999997
polar,,,26,0.4,0,5.8799996,0,6.2999997,6.2999997
polar,,,26,0.45,0,5.8799996,0,6.2999997,6.2999997
polar,,,26,0.5,0,5.8799996,0,6.2999997,6.2999997
polar,,,26,0.55,0,5.8799996,0,6.2999997,6.2999997
polar,,,26,0.6,0,5.8799996,0,6.2999997,6.2999997
polar,,,26,0.65,0,5.8799996,0,6.2999997,6.2999997
polar,,,26,0.7,0,5.8799996,0,6.2999997,6.2999997
polar,,,26,0.75,0,5.8799996,0,6.2999997,6.2999997
polar,,,26,0.8,0,5.8799996,0,6.2999997,6.2999997
polar,,,26,0.85,0,5.8799996,0,6.2999997,6.2999997
polar,,,26,0.9,0,5.8799996,0,6.2999997,6.2999997
polar,,,26,0.95,0,5.8799996,0,6.2999997,6.2999997
polar,,,26,1,0,5.8799996,0,6.2999997,6.2999997
polar,,,27,0,0,5.8799996,0,6.2999997,6.2999997
polar,,,27,0.05,0,5.8799996,0,6.2999997,6.2999997
polar,,,27,0.1,0,5.8799996,0,6.2999997,6.2999997
polar,,,27,0.15,0,5.8799996,0,6.2999997,6.2999997
polar,,,27,0.2,0,5.8799996,0,6.2999997,6.2999997
polar,,,27,0.25,0,5.8799996,0,6.2999997,6.2999997
polar,,,27,0.3,0,5.8799996,0,6.2999997,6.2999997
polar,,,27,0.35,0,5.8799996,0,6.2999997,6.2999997
polar,,,27,0.4,0,5.8799996,0,6.2999997,6.2999997
polar,,,27,0.45,0,5.8799996,0,6.2999997,6.2999997
polar,,,27,0.5,0,5.8799996,0,6.2999997,6.2999997
polar,,,27,0.55,0,5.8799996,0,6.2999997,6.2999997
polar,,,27,0.6,0,5.8799996,0,6.2999997,6.2999997
polar,,,27,0.65,0,5.8799996,0,6.2999997,6.2999997
polar,,,27,0.7,0,5.8799996,0,6.2999997,6.2999997
polar,,,27,0.75,0,5.8799996,0,6.2999997,6.2999997
polar,,,27,0.8,0,5.8799996,0,6.2999997,6.2999997
polar,,,27,0.85,0,5.8799996,0,6.2999997,6.2999997
polar,,,27,0.9,0,5.8799996,0,6.2999997,6.2999997
polar,,,27,0.95,0,5.8799996,0,6.2999997,6.2999997
polar,,,27,1,0,5.8799996,0,6.2999997,6.2999997
polar,,,28,0,0,5.8799996,0,6.2999997,6.2999997
polar,,,28,0.05,0,5.8799996,0,6.2999997,6.2999997
polar,,,28,0.1,0,5.8799996,0,6.2999997,6.2999997
polar,,,28,0.15,0,5.8799996,0,6.2999997,6.2999997
polar,,,28,0.2,0,5.8799996,0,6.2999997,6.2999997
polar,,,28,0.25,0,5.8799996,0,6.2999997,6.2999997
polar,,,28,0.3,0,5.8799996,0,6.2999997,6.2999997
polar,,,28,0.35,0,5.8799996,0,6.2999997,6.2999997
polar,,,28,0.4,0,5.8799996,0,6.2999997,6.2999997
polar,,,28,0.45,0,5.8799996,0,6.2999997,6.2999997
polar,,,28,0.5,0,5.8799996,0,6.2999997,6.2999997
polar,,,28,0.55,0,5.8799996,0,6.2999997,6.2999997
polar,,,28,0.6,0,5.8799996,0,6.2999997,6.2999997
polar,,,28,0.65,0,5.8799996,0,6.2999997,6.2999997
polar,,,28,0.7,0,5.8799996,0,6.2999997,6.2999997
polar,,,28,0.75,0,5.8799996,0,6.2999997,6.2999997
polar,,,28,0.8,0,5.8799996,0,6.2999997,6.2999997
polar,,,28,0.85,0,5.8799996,0,6.2999997,6.2999997
polar,,,28,0.9,0,5.8799996,0,6.2999997,6.2999997
polar,,,28,0.95,0,5.8799996,0,6.2999997,6.2999997
polar,,,28,1,0,5.8799996,0,6.2999997,6.2999997
polar,,,29,0,0,5.8799996,0,6.2999997,6.2999997
polar,,,29,0.05,0,5.8799996,0,6.2999997,6.2999997
polar,,,29,0.1,0,5.8799996,0,6.2999997,6.2999997
polar,,,29,0.15,0,5.8799996,0,6.2999997,6.2999997
polar,,,29,0.2,0,5.8799996,0,6.2999997,6.2999997
polar,,,29,0.25,0,5.8799996,0,6.2999997,6.2999997
polar,,,29,0.3,0,5.8799996,0,6.2999997,6.2999997
polar,,,29,0.35,0,5.8799996,0,6.2999997,6.2999997
polar,,,29,0.4,0,5.8799996,0,6.2999997,6.2999997
polar,,,29,0.45,0,5.8799996,0,6.2999997,6.2999997
polar,,,29,0.5,0,5.8799996,0,6.2999997,6.2999997
polar,,,29,0.55,0,5.8799996,0,6.2999997,6.2999997
polar,,,29,0.6,0,5.8799996,0,6.2999997,6.2999997
polar,,,29,0.65,0,5.8799996,0,6.2999997,6.2999997
polar,,,29,0.7,0,5.8799996,0,6.2999997,6.2999997
polar,,,29,0.75,0,5.8799996,0,6.2999997,6.2999997
polar,,,29,0.8,0,5.8799996,0,6.2999997,6.2999997
polar,,,29,0.85,0,5.8799996,0,6.2999997,6.2999997
polar,,,29,0.9,0,5.8799996,0,6.2999997,6.2999997
polar,,,29,0.95,0,5.8799996,0,6.2999997,6.2999997
polar,,,29,1,0,5.8799996,0,6.2999997,6.2999997
polar,,,30,0,0,5.8799996,0,6.2999997,6.2999997
polar,,,30,0.05,0,5.8799996,0,6.2999997,6.2999997
polar,,,30,0.1,0,5.8799996,0,6.2999997,6.2999997
polar,,,30,0.15,0,5.8799996,0,6.2999997,6.2999997
polar,,,30,0.2,0,5.8799996,0,6.2999997,6.2999997
polar,,,30,0.25,0,5.8799996,0,6.2999997,6.2999997
polar,,,30,0.3,0,5.8799996,0,6.2999997,6.2999997
polar,,,30,0.35,0,5.8799996,0,6.2999997,6.2999997
polar,,,30,0.4,0,5.8799996,0,6.2999997,6.2999997
polar,,,30,0.45,0,5.8799996,0,6.2999997,6.2999997
polar,,,30,0.5,0,5.8799996,0,6.2999997,6.2999997
polar,,,30,0.55,0,5.8799996,0,6.2999997,6.2999997
polar,,,30,0.6,0,5.8799996,0,6.2999997,6.2999997
polar,,,30,0.65,0,5.8799996,0,6.2999997,6.2999997
polar,,,30,0.7,0,5.8799996,0,6.2999997,6.2999997
polar,,,30,0.75,0,5.8799996,0,6.2999997,6.2999997
polar,,,30,0.8,0,5.8799996,0,6.2999997,6.2999997
polar,,,30,0.85,0,5.8799996,0,6.2999997,6.2999997
polar,,,30,0.9,0,5.8799996,0,6.2999997,6.2999997
polar,,,30,0.95,0,5.8799996,0,6.2999997,6.2999997
polar,,,30,1,0,5.8799996,0,6.2999997,6.2999997
polar,,,31,0,0,5.8799996,0,6.2999997,6.2999997
polar,,,31,0.05,0,5.8799996,0,6.2999997,6.2999997
polar,,,31,0.1,0,5.8799996,0,6.2999997,6.2999997
polar,,,31,0.15,0,5.8799996,0,6.2999997,6.2999997
polar,,,31,0.2,0,5.8799996,0,6.2999997,6.2999997
polar,,,31,0.25,0,5.8799996,0,6.2999997,6.2999997
polar,,,31,0.3,0,5.8799996,0,6.2999997,6.2999997
polar,,,31,0.35,0,5.8799996,0,6.2999997,6.2999997
polar,,,31,0.4,0,5.8799996,0,6.2999997,6.2999997
polar,,,31,0.45,0,5.8799996,0,6.2999997,6.2999997
polar,,,31,0.5,0,5.8799996,0,6.2999997,6.2999997
polar,,,31,0.55,0,5.8799996,0,6.2999997,6.2999997
polar,,,31,0.6,0,5.8799996,0,6.2999997,6.2999997
polar,,,31,0.65,0,5.8799996,0,6.2999997,6.2999997
polar,,,31,0.7,0,5.8799996,0,6.2999997,6.2999997
polar,,,31,0.75,0,5.8799996,0,6.2999997,6.2999997
polar,,,31,0.8,0,5.8799996,0,6.2999997,6.2999997
polar,,,31,0.85,0,5.8799996,0,6.2999997,6.2999997
polar,,,31,0.9,0,5.8799996,0,6.2999997,6.2999997
polar,,,31,0.95,0,5.8799996,0,6.2999997,6.2999997
polar,,,31,1,0,5.8799996,0,6.2999997,6.2999997
polar,,,32,0,0,5.8799996,0,6.2999997,6.2999997
polar,,,32,0.05,0,5.8799996,0,6.2999997,6.2999997
polar,,,32,0.1,0,5.8799996,0,6.2999997,6.2999997
polar,,,32,0.15,0,5.8799996,0,6.2999997,6.2999997
polar,,,32,0.2,0,5.8799996,0,6.2999997,6.2999997
polar,,,32,0.25,0,5.8799996,0,6.2999997,6.2999997
polar,,,32,0.3,0,5.8799996,0,6.2999997,6.2999997
polar,,,32,0.35,0,5.8799996,0,6.2999997,6.2999997
polar,,,32,0.4,0,5.8799996,0,6.2999997,6.2999997
polar,,,32,0.45,0,5.8799996,0,6.2999997,6.2999997
polar,,,32,0.5,0,5.8799996,0,6.2999997,6.2999997
polar,,,32,0.55,0,5.8799996,0,6.2999997,6.2999997
polar,,,32,0.6,0,5.8799996,0,6.2999997,6.2999997
polar,,,32,0.65,0,5.8799996,0,6.2999997,6.2999997
polar,,,32,0.7,0,5.8799996,0,6.2999997,6.2999997
polar,,,32,0.75,0,5.8799996,0,6.2999997,6.2999997
polar,,,32,0.8,0,5.8799996,0,6.2999997,6.2999997
polar,,,32,0.85,0,5.8799996,0,6.2999997,6.2999997
polar,,,32,0.9,0,5.8799996,0,6.2999997,6.2999997
polar,,,32,0.95,0,5.8799996,0,6.2999997,6.2999997
polar,,,32,1,0,5.8799996,0,6.2999997,6.2999997
polar,,,33,0,0,5.8799996,0,6.2999997,6.2999997
polar,,,33,0.05,0,5.8799996,0,6.2999997,6.2999997
polar,,,33,0.1,0,5.8799996,0,6.2999997,6.2999997
polar,,,33,0.15,0,5.8799996,0,6.2999997,6.2999997
polar,,,33,0.2,0,5.8799996,0,6.2999997,6.2999997
polar,,,33,0.25,0,5.8799996,0,6.2999997,6.2999997
polar,,,33,0.3,0,5.8799996,0,6.2999997,6.2999997
polar,,,33,0.35,0,5.8799996,0,6.2999997,6.2999997
polar,,,33,0.4,0,5.8799996,0,6.2999997,6.2999997
polar,,,33,0.45,0,5.8799996,0,6.2999997,6.2999997
polar,,,33,0.5,0,5.8799996,0,6.2999997,6.2999997
polar,,,33,0.55,0,5.8799996,0,6.2999997,6.2999997
polar,,,33,0.6,0,5.8799996,0,6.2999997,6.2999997
polar,,,33,0.65,0,5.8799996,0,6.2999997,6.2999997
polar,,,33,0.7,0,5.8799996,0,6.2999997,6.2999997
polar,,,33,0.75,0,5.8799996,0,6.2999997,6.2999997
polar,,,33,0.8,0,5.8799996,0,6.2999997,6.2999997
polar,,,33,0.85,0,5.8799996,0,6.2999997,6.2999997
polar,,,33,0.9,0,5.8799996,0,6.2999997,6.2999997
polar,,,33,0.95,0,5.8799996,0,6.2999997,6.2999997
polar,,,33,1,0,5.8799996,0,6.2999997,6.2999997
polar,,,34,0,0,5.8799996,0,6.2999997,6.2999997
polar,,,34,0.05,0,5.8799996,0,6.2999997,6.2999997
polar,,,34,0.1,0,5.8799996,0,6.2999997,6.2999997
polar,,,34,0.15,0,5.8799996,0,6.2999997,6.2999997
polar,,,34,0.2,0,5.8799996,0,6.2999997,6.2999997
polar,,,34,0.25,0,5.8799996,0,6.2999997,6.2999997
polar,,,34,0.3,0,5.8799996,0,6.2999997,6.2999997
polar,,,34,0.35,0,5.8799996,0,6.2999997,6.2999997
polar,,,34,0.4,0,5.8799996,0,6.2999997,6.2999997
polar,,,34,0.45,0,5.8799996,0,6.2999997,6.2999997
polar,,,34,0.5,0,5.8799996,0,6.2999997,6.2999997
polar,,,34,0.55,0,5.8799996,0,6.2999997,6.2999997
polar,,,34,0.6,0,5.8799996,0,6.2999997,6.2999997
polar,,,34,0.65,0,5.8799996,0,6.2999997,6.2999997
polar,,,34,0.7,0,5.8799996,0,6.2999997,6.2999997
polar,,,34,0.75,0,5.8799996,0,6.2999997,6.2999997
polar,,,34,0.8,0,5.8799996,0,6.2999997,6.2999997
polar,,,34,0.85,0,5.8799996,0,6.2999997,6.2999997
polar,,,34,0.9,0,5.8799996,0,6.2999997,6.2999997
polar,,,34,0.95,0,5.8799996,0,6.2999997,6.2999997
polar,,,34,1,0,5.8799996,0,6.2999997,6.2999997
polar,,,35,0,0,5.8799996,0,6.2999997,6.2999997
polar,,,35,0.05,0,5.8799996,0,6.2999997,6.2999997
polar,,,35,0.1,0,5.8799996,0,6.2999997,6.2999997
polar,,,35,0.15,0,5.8799996,0,6.2999997,6.2999997
polar,,,35,0.2,0,5.8799996,0,6.2999997,6.2999997
polar,,,35,0.25,0,5.8799996,0,6.2999997,6.2999997
polar,,,35,0.3,0,5.8799996,0,6.2999997,6.2999997
polar,,,35,0.35,0,5.8799996,0,6.2999997,6.2999997
polar,,,35,0.4,0,5.8799996,0,6.2999997,6.2999997
polar,,,35,0.45,0,5.8799996,0,6.2999997,6.2999997
polar,,,35,0.5,0,5.8799996,0,6.2999997,6.2999997
polar,,,35,0.55,0,5.8799996,0,6.2999997,6.2999997
polar,,,35,0.6,0,5.8799996,0,6.2999997,6.2999997
polar,,,35,0.65,0,5.8799996,0,6.2999997,6.2999997
polar,,,35,0.7,0,5.8799996,0,6.2999997,6.2999997
polar,,,35,0.75,0,5.8799996,0,6.2999997,6.2999997
polar,,,35,0.8,0,5.8799996,0,6.2999997,6.2999997
polar,,,35,0.85,0,5.8799996,0,6.2999997,6.2999997
polar,,,35,0.9,0,5.8799996,0,6.2999997,6.2999997
polar,,,35,0.95,0,5.8799996,0,6.2999997,6.2999997
polar,,,35,1,0,5.8799996,0,6.2999997,6.2999997
polar,,,36,0,0,5.8799996,0,6.2999997,6.2999997
polar,,,36,0.05,0,5.8799996,0,6.2999997,6.2999997
polar,,,36,0.1,0,5.8799996,0,6.2999997,6.2999997
polar,,,36,0.15,0,5.8799996,0,6.2999997,6.2999997
polar,,,36,0.2,0,5.8799996,0,6.2999997,6.2999997
polar,,,36,0.25,0,5.8799996,0,6.2999997,6.2999997
polar,,,36,0.3,0,5.8799996,0,6.2999997,6.2999997
polar,,,36,0.35,0,5.8799996,0,6.2999997,6.2999997
polar,,,36,0.4,0,5.8799996,0,6.2999997,6.2999997
polar,,,36,0.45,0,5.8799996,0,6.2999997,6.2999997
polar,,,36,0.5,0,5.8799996,0,6.2999997,6.2999997
polar,,,36,0.55,0,5.8799996,0,6.2999997,6.2999997
polar,,,36,0.6,0,5.8799996,0,6.2999997,6.2999997
polar,,,36,0.65,0,5.8799996,0,6.2999997,6.2999997
polar,,,36,0.7,0,5.8799996,0,6.2999997,6.2999997
polar,,,36,0.75,0,5.8799996,0,6.2999997,6.2999997
polar,,,36,0.8,0,5.8799996,0,6.2999997,6.2999997
polar,,,36,0.85,0,5.8799996,0,6.2999997,6.2999997
polar,,,36,0.9,0,5.8799996,0,6.2999997,6.2999997
polar,,,36,0.95,0,5.8799996,0,6.2999997,6.2999997
polar,,,36,1,0,5.8799996,0,6.2999997,6.2999997
polar,,,37,0,0,5.8799996,0,6.2999997,6.2999997
polar,,,37,0.05,0,5.8799996,0,6.2999997,6.2999997
polar,,,37,0.1,0,5.8799996,0,6.2999997,6.2999997
polar,,,37,0.15,0,5.8799996,0,6.2999997,6.2999997
polar,,,37,0.2,0,5.8799996,0,6.2999997,6.2999997
polar,,,37,0.25,0,5.8799996,0,6.2999997,6.2999997
polar,,,37,0.3,0,5.8799996,0,6.2999997,6.2999997
polar,,,37,0.35,0,5.8799996,0,6.2999997,6.2999997
polar,,,37,0.4,0,5.8799996,0,6.2999997,6.2999997
polar,,,37,0.45,0,5.8799996,0,6.2999997,6.2999997
polar,,,37,0.5,0,5.8799996,0,6.2999997,6.2999997
polar,,,37,0.55,0,5.8799996,0,6.2999997,6.2999997
polar,,,37,0.6,0,5.8799996,0,6.2999997,6.2999997
polar,,,37,0.65,0,5.8799996,0,6.2999997,6.2999997
polar,,,37,0.7,0,5.8799996,0,6.2999997,6.2999997
polar,,,37,0.75,0,5.8799996,0,6.2999997,6.2999997
polar,,,37,0.8,0,5.8799996,0,6.2999997,6.2999997
polar,,,37,0.85,0,5.8799996,0,6.2999997,6.2999997
polar,,,37,0.9,0,5.8799996,0,6.2999997,6.2999997
polar,,,37,0.95,0,5.8799996,0,6.2999997,6.2999997
polar,,,37,1,0,5.8799996,0,6.2999997,6.2999997
polar,,,38,0,0,5.8799996,0,6.2999997,6.2999997
polar,,,38,0.05,0,5.8799996,0,6.2999997,6.2999997
polar,,,38,0.1,0,5.8799996,0,6.2999997,6.2999997
polar,,,38,0.15,0,5.8799996,0,6.2999997,6.2999997
polar,,,38,0.2,0,5.8799996,0,6.2999997,6.2999997
polar,,,38,0.25,0,5.8799996,0,6.2999997,6.2999997
polar,,,38,0.3,0,5.8799996,0,6.2999997,6.2999997
polar,,,38,0.35,0,5.8799996,0,6.2999997,6.2999997
polar,,,38,0.4,0,5.8799996,0,6.2999997,6.2999997
polar,,,38,0.45,0,5.8799996,0,6.2999997,6.2999997
polar,,,38,0.5,0,5.8799996,0,6.2999997,6.2999997
polar,,,38,0.55,0,5.8799996,0,6.2999997,6.2999997
polar,,,38,0.6,0,5.8799996,0,6.2999997,6.2999997
polar,,,38,0.65,0,5.8799996,0,6.2999997,6.2999997
polar,,,38,0.7,0,5.8799996,0,6.2999997,6.2999997
polar,,,38,0.75,0,5.8799996,0,6.2999997,6.2999997
polar,,,38,0.8,0,5.8799996,0,6.2999997,6.2999997
polar,,,38,0.85,0,5.8799996,0,6.2999997,6.2999997
polar,,,38,0.9,0,5.8799996,0,6.2999997,6.2999997
polar,,,38,0.95,0,5.8799996,0,6.2999997,6.2999997
polar,,,38,1,0,5.8799996,0,6.2999997,6.2999997
polar,,,39,0,0,5.8799996,0,6.2999997,6.2999997
polar,,,39,0.05,0,5.8799996,0,6.2999997,6.2999997
polar,,,39,0.1,0,5.8799996,0,6.2999997,6.2999997
polar,,,39,0.15,0,5.8799996,0,6.2999997,6.2999997
polar,,,39,0.2,0,5.8799996,0,6.2999997,6.2999997
polar,,,39,0.25,0,5.8799996,0,6.2999997,6.2999997
polar,,,39,0.3,0,5.8799996,0,6.2999997,6.2999997
polar,,,39,0.35,0,5.8799996,0,6.2999997,6.2999997
polar,,,39,0.4,0,5.8799996,0,6.2999997,6.2999997
polar,,,39,0.45,0,5.8799996,0,6.2999997,6.2999997
polar,,,39,0.5,0,5.8799996,0,6.2999997,6.2999997
polar,,,39,0.55,0,5.8799996,0,6.2999997,6.2999997
polar,,,39,0.6,0,5.8799996,0,6.2999997,6.2999997
polar,,,39,0.65,0,5.8799996,0,6.2999997,6.2999997
polar,,,39,0.7,0,5.8799996,0,6.2999997,6.2999997
polar,,,39,0.75,0,5.8799996,0,6.2999997,6.2999997
polar,,,39,0.8,0,5.8799996,0,6.2999997,6.2999997
polar,,,39,0.85,0,5.8799996,0,6.2999997,6.2999997
polar,,,39,0.9,0,5.8799996,0,6.2999997,6.2999997
polar,,,39,0.95,0,5.8799996,0,6.2999997,6.2999997
polar,,,39,1,0,5.8799996,0,6.2999997,6.2999997
polar,,,40,0,0,5.8799996,0,6.2999997,6.2999997
polar,,,40,0.05,0,5.8799996,0,6.2999997,6.2999997
polar,,,40,0.1,0,5.8799996,0,6.2999997,6.2999997
polar,,,40,0.15,0,5.8799996,0,6.2999997,6.2999997
polar,,,40,0.2,0,5.8799996,0,6.2999997,6.2999997
polar,,,40,0.25,0,5.8799996,0,6.2999997,6.2999997
polar,,,40,0.3,0,5.8799996,0,6.2999997,6.2999997
polar,,,40,0.35,0,5.8799996,0,6.2999997,6.2999997
polar,,,40,0.4,0,5.8799996,0,6.2999997,6.2999997
polar,,,40,0.45,0,5.8799996,0,6.2999997,6.2999997
polar,,,40,0.5,0,5.8799996,0,6.2999997,6.2999997
polar,,,40,0.55,0,5.8799996,0,6.2999997,6.2999997
polar,,,40,0.6,0,5.8799996,0,6.2999997,6.2999997
polar,,,40,0.65,0,5.8799996,0,6.2999997,6.2999997
polar,,,40,0.7,0,5.8799996,0,6.2999997,6.2999997
polar,,,40,0.75,0,5.8799996,0,6.2999997,6.2999997
polar,,,40,0.8,0,5.8799996,0,6.2999997,6.2999997
polar,,,40,0.85,0,5.8799996,0,6.2999997,6.2999997
polar,,,40,0.9,0,5.8799996,0,6.2999997,6.2999997
polar,,,40,0.95,0,5.8799996,0,6.2999997,6.2999997
polar,,,40,1,0,5.8799996,0,6.2999997,6.2999997
polar,,,41,0,0,5.8799996,0,6.2999997,6.2999997
polar,,,41,0.05,0,5.8799996,0,6.2999997,6.2999997
polar,,,41,0.1,0,5.8799996,0,6.2999997,6.2999997
polar,,,41,0.15,0,5.8799996,0,6.2999997,6.2999997
polar,,,41,0.2,0,5.8799996,0,6.2999997,6.2999997
polar,,,41,0.25,0,5.8799996,0,6.2999997,6.2999997
polar,,,41,0.3,0,5.8799996,0,6.2999997,6.2999997
polar,,,41,0.35,0,5.8799996,0,6.2999997,6.2999997
polar,,,41,0.4,0,5.8799996,0,6.2999997,6.2999997
polar,,,41,0.45,0,5.8799996,0,6.2999997,6.2999997
polar,,,41,0.5,0,5.8799996,0,6.2999997,6.2999997
polar,,,41,0.55,0,5.8799996,0,6.2999997,6.2999997
polar,,,41,0.6,0,5.8799996,0,6.2999997,6.2999997
polar,,,41,0.65,0,5.8799996,0,6.2999997,6.2999997
polar,,,41,0.7,0,5.8799996,0,6.2999997,6.2999997
polar,,,41,0.75,0,5.8799996,0,6.2999997,6.2999997
polar,,,41,0.8,0,5.8799996,0,6.2999997,6.2999997
polar,,,41,0.85,0,5.8799996,0,6.2999997,6.2999997
polar,,,41,0.9,0,5.8799996,0,6.2999997,6.2999997
polar,,,41,0.95,0,5.8799996,0,6.2999997,6.2999997
polar,,,41,1,0,5.8799996,0,6.2999997,6.2999997
polar,,,42,0,0,5.8799996,0,6.2999997,6.2999997
polar,,,42,0.05,0,5.8799996,0,6.2999997,6.2999997
polar,,,42,0.1,0,5.8799996,0,6.2999997,6.2999997
polar,,,42,0.15,0,5.8799996,0,6.2999997,6.2999997
polar,,,42,0.2,0,5.8799996,0,6.2999997,6.2999997
polar,,,42,0.25,0,5.8799996,0,6.2999997,6.2999997
polar,,,42,0.3,0,5.8799996,0,6.2999997,6.2999997
polar,,,42,0.35,0,5.8799996,0,6.2999997,6.2999997
polar,,,42,0.4,0,5.8799996,0,6.2999997,6.2999997
polar,,,42,0.45,0,5.8799996,0,6.2999997,6.2999997
polar,,,42,0.5,0,5.8799996,0,6.2999997,6.2999997
polar,,,42,0.55,0,5.8799996,0,6.2999997,6.2999997
polar,,,42,0.6,0,5.8799996,0,6.2999997,6.2999997
polar,,,42,0.65,0,5.8799996,0,6.2999997,6.2999997
polar,,,42,0.7,0,5.8799996,0,6.2999997,6.2999997
polar,,,42,0.75,0,5.8799996,0,6.2999997,6.2999997
polar,,,42,0.8,0,5.8799996,0,6.2999997,6.2999997
polar,,,42,0.85,0,5.8799996,0,6.2999997,6.2999997
polar,,,42,0.9,0,5.8799996,0,6.2999997,6.2999997
polar,,,42,0.95,0,5.8799996,0,6.2999997,6.2999997
polar,,,42,1,0,5.8799996,0,6.2999997,6.2999997
polar,,,43,0,0,5.8799996,0,6.2999997,6.2999997
polar,,,43,0.05,0,5.8799996,0,6.2999997,6.2999997
polar,,,43,0.1,0,5.8799996,0,6.2999997,6.2999997
polar,,,43,0.15,0,5.8799996,0,6.2999997,6.2999997
polar,,,43,0.2,0,5.8799996,0,6.2999997,6.2999997
polar,,,43,0.25,0,5.8799996,0,6.2999997,6.2999997
polar,,,43,0.3,0,5.8799996,0,6.2999997,6.2999997
polar,,,43,0.35,0,5.8799996,0,6.2999997,6.2999997
polar,,,43,0.4,0,5.8799996,0,6.2999997,6.2999997
polar,,,43,0.45,0,5.8799996,0,6.2999997,6.2999997
polar,,,43,0.5,0,5.8799996,0,6.2999997,6.2999997
polar,,,43,0.55,0,5.8799996,0,6.2999997,6.2999997
polar,,,43,0.6,0,5.8799996,0,6.2999997,6.2999997
polar,,,43,0.65,0,5.8799996,0,6.2999997,6.2999997
polar,,,43,0.7,0,5.8799996,0,6.2999997,6.2999997
polar,,,43,0.75,0,5.8799996,0,6.2999997,6.2999997
polar,,,43,0.8,0,5.8799996,0,6.2999997,6.2999997
polar,,,43,0.85,0,5.8799996,0,6.2999997,6.2999997
polar,,,43,0.9,0,5.8799996,0,6.2999997,6.2999997
polar,,,43,0.95,0,5.8799996,0,6.2999997,6.2999997
polar,,,43,1,0,5.8799996,0,6.2999997,6.2999997
polar,,,44,0,0,5.8799996,0,6.2999997,6.2999997
polar,,,44,0.05,0,5.8799996,0,6.2999997,6.2999997
polar,,,44,0.1,0,5.8799996,0,6.2999997,6.2999997
polar,,,44,0.15,0,5.8799996,0,6.2999997,6.2999997
polar,,,44,0.2,0,5.8799996,0,6.2999997,6.2999997
polar,,,44,0.25,0,5.8799996,0,6.2999997,6.2999997
polar,,,44,0.3,0,5.8799996,0,6.2999997,6.2999997
polar,,,44,0.35,0,5.8799996,0,6.2999997,6.2999997
polar,,,44,0.4,0,5.8799996,0,6.2999997,6.2999997
polar,,,44,0.45,0,5.8799996,0,6.2999997,6.2999997
polar,,,44,0.5,0,5.8799996,0,6.2999997,6.2999997
polar,,,44,0.55,0,5.8799996,0,6.2999997,6.2999997
polar,,,44,0.6,0,5.8799996,0,6.2999997,6.2999997
polar,,,44,0.65,0,5.8799996,0,6.2999997,6.2999997
polar,,,44,0.7,0,5.8799996,0,6.2999997,6.2999997
polar,,,44,0.75,0,5.8799996,0,6.2999997,6.2999997
polar,,,44,0.8,0,5.8799996,0,6.2999997,6.2999997
polar,,,44,0.85,0,5.8799996,0,6.2999997,6.2999997
polar,,,44,0.9,0,5.8799996,0,6.2999997,6.2999997
polar,,,44,0.95,0,5.8799996,0,6.2999997,6.2999997
polar,,,44,1,0,5.8799996,0,6.2999997,6.2999997
polar,,,45,0,0,5.8799996,0,6.2999997,6.2999997
polar,,,45,0.05,0,5.8799996,0,6.2999997,6.2999997
polar,,,45,0.1,0,5.8799996,0,6.2999997,6.2999997
polar,,,45,0.15,0,5.8799996,0,6.2999997,6.2999997
polar,,,45,0.2,0,5.8799996,0,6.2999997,6.2999997
polar,,,45,0.25,0,5.8799996,0,6.2999997,6.2999997
polar,,,45,0.3,0,5.8799996,0,6.2999997,6.2999997
polar,,,45,0.35,0,5.8799996,0,6.2999997,6.2999997
polar,,,45,0.4,0,5.8799996,0,6.2999997,6.2999997
polar,,,45,0.45,0,5.8799996,0,6.2999997,6.2999997
polar,,,45,0.5,0,5.8799996,0,6.2999997,6.2999997
polar,,,45,0.55,0,5.8799996,0,6.2999997,6.2999997
polar,,,45,0.6,0,5.8799996,0,6.2999997,6.2999997
polar,,,45,0.65,0,5.8799996,0,6.2999997,6.2999997
polar,,,45,0.7,0,5.8799996,0,6.2999997,6.2999997
polar,,,45,0.75,0,5.8799996,0,6.2999997,6.2999997
polar,,,45,0.8,0,5.8799996,0,6.2999997,6.2999997
polar,,,45,0.85,0,5.8799996,0,6.2999997,6.2999997
polar,,,45,0.9,0,5.8799996,0,6.2999997,6.2999997
polar,,,45,0.95,0,5.8799996,0,6.2999997,6.2999997
polar,,,45,1,0,5.8799996,0,6.2999997,6.2999997
polar,,,46,0,0,5.8799996,0,6.2999997,6.2999997
polar,,,46,0.05,0,5.8799996,0,6.2999997,6.2999997
polar,,,46,0.1,0,5.8799996,0,6.2999997,6.2999997
polar,,,46,0.15,0,5.8799996,0,6.2999997,6.2999997
polar,,,46,0.2,0,5.8799996,0,6.2999997,6.2999997
polar,,,46,0.25,0,5.8799996,0,6.2999997,6.2999997
polar,,,46,0.3,0,5.8799996,0,6.2999997,6.2999997
polar,,,46,0.35,0,5.8799996,0,6.2999997,6.2999997
polar,,,46,0.4,0,5.8799996,0,6.2999997,6.2999997
polar,,,46,0.45,0,5.8799996,0,6.2999997,6.2999997
polar,,,46,0.5,0,5.8799996,0,6.2999997,6.2999997
polar,,,46,0.55,0,5.8799996,0,6.2999997,6.2999997
polar,,,46,0.6,0,5.8799996,0,6.2999997,6.2999997
polar,,,46,0.65,0,5.8799996,0,6.2999997,6.2999997
polar,,,46,0.7,0,5.8799996,0,6.2999997,6.2999997
polar,,,46,0.75,0,5.8799996,0,6.2999997,6.2999997
polar,,,46,0.8,0,5.8799996,0,6.2999997,6.2999997
polar,,,46,0.85,0,5.8799996,0,6.2999997,6.2999997
polar,,,46,0.9,0,5.8799996,0,6.2999997,6.2999997
polar,,,46,0.95,0,5.8799996,0,6.2999997,6.2999997
polar,,,46,1,0,5.8799996,0,6.2999997,6.2999997
polar,,,47,0,0,5.8799996,0,6.2999997,6.2999997
polar,,,47,0.05,0,5.8799996,0,6.2999997,6.2999997
polar,,,47,0.1,0,5.8799996,0,6.2999997,6.2999997
polar,,,47,0.15,0,5.8799996,0,6.2999997,6.2999997
polar,,,47,0.2,0,5.8799996,0,6.2999997,6.2999997
polar,,,47,0.25,0,5.8799996,0,6.2999997,6.2999997
polar,,,47,0.3,0,5.8799996,0,6.2999997,6.2999997
polar,,,47,0.35,0,5.8799996,0,6.2999997,6.2999997
polar,,,47,0.4,0,5.8799996,0,6.2999997,6.2999997
polar,,,47,0.45,0,5.8799996,0,6.2999997,6.2999997
polar,,,47,0.5,0,5.8799996,0,6.2999997,6.2999997
polar,,,47,0.55,0,5.8799996,0,6.2999997,6.2999997
polar,,,47,0.6,0,5.8799996,0,6.2999997,6.2999997
polar,,,47,0.65,0,5.8799996,0,6.2999997,6.2999997
polar,,,47,0.7,0,5.8799996,0,6.2999997,6.2999997
polar,,,47,0.75,0,5.8799996,0,6.2999997,6.2999997
polar,,,47,0.8,0,5.8799996,0,6.2999997,6.2999997
polar,,,47,0.85,0,5.8799996,0,6.2999997,6.2999997
polar,,,47,0.9,0,5.8799996,0,6.2999997,6.2999997
polar,,,47,0.95,0,5.8799996,0,6.2999997,6.2999997
polar,,,47,1,0,5.8799996,0,6.2999997,6.2999997
polar,,,48,0,0,5.8799996,0,6.2999997,6.2999997
polar,,,48,0.05,0,5.8799996,0,6.2999997,6.2999997
polar,,,48,0.1,0,5.8799996,0,6.2999997,6.2999997
polar,,,48,0.15,0,5.8799996,0,6.2999997,6.2999997
polar,,,48,0.2,0,5.8799996,0,6.2999997,6.2999997
polar,,,48,0.25,0,5.8799996,0,6.2999997,6.2999997
polar,,,48,0.3,0,5.8799996,0,6.2999997,6.2999997
polar,,,48,0.35,0,5.8799996,0,6.2999997,6.2999997
polar,,,48,0.4,0,5.8799996,0,6.2999997,6.2999997
polar,,,48,0.45,0,5.8799996,0,6.2999997,6.2999997
polar,,,48,0.5,0,5.8799996,0,6.2999997,6.2999997
polar,,,48,0.55,0,5.8799996,0,6.2999997,6.2999997
polar,,,48,0.6,0,5.8799996,0,6.2999997,6.2999997
polar,,,48,0.65,0,5.8799996,0,6.2999997,6.2999997
polar,,,48,0.7,0,5.8799996,0,6.2999997,6.2999997
polar,,,48,0.75,0,5.8799996,0,6.2999997,6.2999997
polar,,,48,0.8,0,5.8799996,0,6.2999997,6.2999997
polar,,,48,0.85,0,5.8799996,0,6.2999997,6.2999997
polar,,,48,0.9,0,5.8799996,0,6.2999997,6.2999997
polar,,,48,0.95,0,5.8799996,0,6.2999997,6.2999997
polar,,,48,1,0,5.8799996,0,6.2999997,6.2999997
polar,,,49,0,0,5.8799996,0,6.2999997,6.2999997
polar,,,49,0.05,0,5.8799996,0,6.2999997,6.2999997
polar,,,49,0.1,0,5.8799996,0,6.2999997,6.2999997
polar,,,49,0.15,0,5.8799996,0,6.2999997,6.2999997
polar,,,49,0.2,0,5.8799996,0,6.2999997,6.2999997
polar,,,49,0.25,0,5.8799996,0,6.2999997,6.2999997
polar,,,49,0.3,0,5.8799996,0,6.2999997,6.2999997
polar,,,49,0.35,0,5.8799996,0,6.2999997,6.2999997
polar,,,49,0.4,0,5.8799996,0,6.2999997,6.2999997
polar,,,49,0.45,0,5.8799996,0,6.2999997,6.2999997
polar,,,49,0.5,0,5.8799996,0,6.2999997,6.2999997
polar,,,49,0.55,0,5.8799996,0,6.2999997,6.2999997
polar,,,49,0.6,0,5.8799996,0,6.2999997,6.2999997
polar,,,49,0.65,0,5.8799996,0,6.2999997,6.2999997
polar,,,49,0.7,0,5.8799996,0,6.2999997,6.2999997
polar,,,49,0.75,0,5.8799996,0,6.2999997,6.2999997
polar,,,49,0.8,0,5.8799996,0,6.2999997,6.2999997
polar,,,49,0.85,0,5.8799996,0,6.2999997,6.2999997
polar,,,49,0.9,0,5.8799996,0,6.2999997,6.2999997
polar,,,49,0.95,0,5.8799996,0,6.2999997,6.2999997
polar,,,49,1,0,5.8799996,0,6.2999997,6.2999997
polar,,,50,0,0,5.8799996,0,6.2999997,6.2999997
polar,,,50,0.05,0,5.8799996,0,6.2999997,6.2999997
polar,,,50,0.1,0,5.8799996,0,6.2999997,6.2999997
polar,,,50,0.15,0,5.8799996,0,6.2999997,6.2999997
polar,,,50,0.2,0,5.8799996,0,6.2999997,6.2999997
polar,,,50,0.25,0,5.8799996,0,6.2999997,6.2999997
polar,,,50,0.3,0,5.8799996,0,6.2999997,6.2999997
polar,,,50,0.35,0,5.8799996,0,6.2999997,6.2999997
polar,,,50,0.4,0,5.8799996,0,6.2999997,6.2999997
polar,,,50,0.45,0,5.8799996,0,6.2999997,6.2999997
polar,,,50,0.5,0,5.8799996,0,6.2999997,6.2999997
polar,,,50,0.55,0,5.8799996,0,6.2999997,6.2999997
polar,,,50,0.6,0,5.8799996,0,6.2999997,6.2999997
polar,,,50,0.65,0,5.8799996,0,6.2999997,6.2999997
polar,,,50,0.7,0,5.8799996,0,6.2999997,6.2999997
polar,,,50,0.75,0,5.8799996,0,6.2999997,6.2999997
polar,,,50,0.8,0,5.8799996,0,6.2999997,6.2999997
polar,,,50,0.85,0,5.8799996,0,6.2999997,6.2999997
polar,,,50,0.9,0,5.8799996,0,6.2999997,6.2999997
polar,,,50,0.95,0,5.8799996,0,6.2999997,6.2999997
polar,,,50,1,0,5.8799996,0,6.2999997,6.2999997
polar,,,51,0,0,5.8799996,0,6.2999997,6.2999997
polar,,,51,0.05,0,5.8799996,0,6.2999997,6.2999997
polar,,,51,0.1,0,5.8799996,0,6.2999997,6.2999997
polar,,,51,0.15,0,5.8799996,0,6.2999997,6.2999997
polar,,,51,0.2,0,5.8799996,0,6.2999997,6.2999997
polar,,,51,0.25,0,5.8799996,0,6.2999997,6.2999997
polar,,,51,0.3,0,5.8799996,0,6.2999997,6.2999997
polar,,,51,0.35,0,5.8799996,0,6.2999997,6.2999997
polar,,,51,0.4,0,5.8799996,0,6.2999997,6.2999997
polar,,,51,0.45,0,5.8799996,0,6.2999997,6.2999997
polar,,,51,0.5,0,5.8799996,0,6.2999997,6.2999997
polar,,,51,0.55,0,5.8799996,0,6.2999997,6.2999997
polar,,,51,0.6,0,5.8799996,0,6.2999997,6.2999997
polar,,,51,0.65,0,5.8799996,0,6.2999997,6.2999997
polar,,,51,0.7,0,5.8799996,0,6.2999997,6.2999997
polar,,,51,0.75,0,5.8799996,0,6.2999997,6.2999997
polar,,,51,0.8,0,5.8799996,0,6.2999997,6.2999997
polar,,,51,0.85,0,5.8799996,0,6.2999997,6.2999997
polar,,,51,0.9,0,5.8799996,0,6.2999997,6.2999997
polar,,,51,0.95,0,5.8799996,0,6.2999997,6.2999997
polar,,,51,1,0,5.8799996,0,6.2999997,6.2999997
polar,,,52,0,0,5.8799996,0,6.2999997,6.2999997
polar,,,52,0.05,0,5.8799996,0,6.2999997,6.2999997
polar,,,52,0.1,0,5.8799996,0,6.2999997,6.2999997
polar,,,52,0.15,0,5.8799996,0,6.2999997,6.2999997
polar,,,52,0.2,0,5.8799996,0,6.2999997,6.2999997
polar,,,52,0.25,0,5.8799996,0,6.2999997,6.2999997
polar,,,52,0.3,0,5.8799996,0,6.2999997,6.2999997
polar,,,52,0.35,0,5.8799996,0,6.2999997,6.2999997
polar,,,52,0.4,0,5.8799996,0,6.2999997,6.2999997
polar,,,52,0.45,0,5.8799996,0,6.2999997,6.2999997
polar,,,52,0.5,0,5.8799996,0,6.2999997,6.2999997
polar,,,52,0.55,0,5.8799996,0,6.2999997,6.2999997
polar,,,52,0.6,0,5.8799996,0,6.2999997,6.2999997
polar,,,52,0.65,0,5.8799996,0,6.2999997,6.2999997
polar,,,52,0.7,0,5.8799996,0,6.2999997,6.2999997
polar,,,52,0.75,0,5.8799996,0,6.2999997,6.2999997
polar,,,52,0.8,0,5.8799996,0,6.2999997,6.2999997
polar,,,52,0.85,0,5.8799996,0,6.2999997,6.2999997
polar,,,52,0.9,0,5.8799996,0,6.2999997,6.2999997
polar,,,52,0.95,0,5.8799996,0,6.2999997,6.2999997
polar,,,52,1,0,5.8799996,0,6.2999997,6.2999997
polar,,,53,0,0,5.8799996,0,6.2999997,6.2999997
polar,,,53,0.05,0,5.8799996,0,6.2999997,6.2999997
polar,,,53,0.1,0,5.8799996,0,6.2999997,6.2999997
polar,,,53,0.15,0,5.8799996,0,6.2999997,6.2999997
polar,,,53,0.2,0,5.8799996,0,6.2999997,6.2999997
polar,,,53,0.25,0,5.8799996,0,6.2999997,6.2999997
polar,,,53,0.3,0,5.8799996,0,6.2999997,6.2999997
polar,,,53,0.35,0,5.8799996,0,6.2999997,6.2999997
polar,,,53,0.4,0,5.8799996,0,6.2999997,6.2999997
polar,,,53,0.45,0,5.8799996,0,6.2999997,6.2999997
polar,,,53,0.5,0,5.8799996,0,6.2999997,6.2999997
polar,,,53,0.55,0,5.8799996,0,6.2999997,6.2999997
polar,,,53,0.6,0,5.8799996,0,6.2999997,6.2999997
polar,,,53,0.65,0,5.8799996,0,6.2999997,6.2999997
polar,,,53,0.7,0,5.8799996,0,6.2999997,6.2999997
polar,,,53,0.75,0,5.8799996,0,6.2999997,6.2999997
polar,,,53,0.8,0,5.8799996,0,6.2999997,6.2999997
polar,,,53,0.85,0,5.8799996,0,6.2999997,6.2999997
polar,,,53,0.9,0,5.8799996,0,6.2999997,6.2999997
polar,,,53,0.95,0,5.8799996,0,6.2999997,6.2999997
polar,,,53,1,0,5.8799996,0,6.2999997,6.2999997
polar,,,54,0,0,5.8799996,0,6.2999997,6.2999997
polar,,,54,0.05,0,5.8799996,0,6.2999997,6.2999997
polar,,,54,0.1,0,5.8799996,0,6.2999997,6.2999997
polar,,,54,0.15,0,5.8799996,0,6.2999997,6.2999997
polar,,,54,0.2,0,5.8799996,0,6.2999997,6.2999997
polar,,,54,0.25,0,5.8799996,0,6.2999997,6.2999997
polar,,,54,0.3,0,5.8799996,0,6.2999997,6.2999997
polar,,,54,0.35,0,5.8799996,0,6.2999997,6.2999997
polar,,,54,0.4,0,5.8799996,0,6.2999997,6.2999997
polar,,,54,0.45,0,5.8799996,0,6.2999997,6.2999997
polar,,,54,0.5,0,5.8799996,0,6.2999997,6.2999997
polar,,,54,0.55,0,5.8799996,0,6.2999997,6.2999997
polar,,,54,0.6,0,5.8799996,0,6.2999997,6.2999997
polar,,,54,0.65,0,5.8799996,0,6.2999997,6.2999997
polar,,,54,0.7,0,5.8799996,0,6.2999997,6.2999997
polar,,,54,0.75,0,5.8799996,0,6.2999997,6.2999997
polar,,,54,0.8,0,5.8799996,0,6.2999997,6.2999997
polar,,,54,0.85,0,5.8799996,0,6.2999997,6.2999997
polar,,,54,0.9,0,5.8799996,0,6.2999997,6.2999997
polar,,,54,0.95,0,5.8799996,0,6.2999997,6.2999997
polar,,,54,1,0,5.8799996,0,6.2999997,6.2999997
polar,,,55,0,0,5.8799996,0,6.2999997,6.2999997
polar,,,55,0.05,0,5.8799996,0,6.2999997,6.2999997
polar,,,55,0.1,0,5.8799996,0,6.2999997,6.2999997
polar,,,55,0.15,0,5.8799996,0,6.2999997,6.2999997
polar,,,55,0.2,0,5.8799996,0,6.2999997,6.2999997
polar,,,55,0.25,0,5.8799996,0,6.2999997,6.2999997
polar,,,55,0.3,0,5.8799996,0,6.2999997,6.2999997
polar,,,55,0.35,0,5.8799996,0,6.2999997,6.2999997
polar,,,55,0.4,0,5.8799996,0,6.2999997,6.2999997
polar,,,55,0.45,0,5.8799996,0,6.2999997,6.2999997
polar,,,55,0.5,0,5.8799996,0,6.2999997,6.2999997
polar,,,55,0.55,0,5.8799996,0,6.2999997,6.2999997
polar,,,55,0.6,0,5.8799996,0,6.2999997,6.2999997
polar,,,55,0.65,0,5.8799996,0,6.2999997,6.2999997
polar,,,55,0.7,0,5.8799996,0,6.2999997,6.2999997
polar,,,55,0.75,0,5.8799996,0,6.2999997,6.2999997
polar,,,55,0.8,0,5.8799996,0,6.2999997,6.2999997
polar,,,55,0.85,0,5.8799996,0,6.2999997,6.2999997
polar,,,55,0.9,0,5.8799996,0,6.2999997,6.2999997
polar,,,55,0.95,0,5.8799996,0,6.2999997,6.2999997
polar,,,55,1,0,5.8799996,0,6.2999997,6.2999997
polar,,,56,0,0,5.8799996,0,6.2999997,6.2999997
polar,,,56,0.05,0,5.8799996,0,6.2999997,6.2999997
polar,,,56,0.1,0,5.8799996,0,6.2999997,6.2999997
polar,,,56,0.15,0,5.8799996,0,6.2999997,6.2999997
polar,,,56,0.2,0,5.8799996,0,6.2999997,6.2999997
polar,,,56,0.25,0,5.8799996,0,6.2999997,6.2999997
polar,,,56,0.3,0,5.8799996,0,6.2999997,6.2999997
polar,,,56,0.35,0,5.8799996,0,6.2999997,6.2999997
polar,,,56,0.4,0,5.8799996,0,6.2999997,6.2999997
polar,,,56,0.45,0,5.8799996,0,6.2999997,6.2999997
polar,,,56,0.5,0,5.8799996,0,6.2999997,6.2999997
polar,,,56,0.55,0,5.8799996,0,6.2999997,6.2999997
polar,,,56,0.6,0,5.8799996,0,6.2999997,6.2999997
polar,,,56,0.65,0,5.8799996,0,6.2999997,6.2999997
polar,,,56,0.7,0,5.8799996,0,6.2999997,6.2999997
polar,,,56,0.75,0,5.8799996,0,6.2999997,6.2999997
polar,,,56,0.8,0,5.8799996,0,6.2999997,6.2999997
polar,,,56,0.85,0,5.8799996,0,6.2999997,6.2999997
polar,,,56,0.9,0,5.8799996,0,6.2999997,6.2999997
polar,,,56,0.95,0,5.8799996,0,6.2999997,6.2999997
polar,,,56,1,0,5.8799996,0,6.2999997,6.2999997
polar,,,57,0,0,5.8799996,0,6.2999997,6.2999997
polar,,,57,0.05,0,5.8799996,0,6.2999997,6.2999997
polar,,,57,0.1,0,5.8799996,0,6.2999997,6.2999997
polar,,,57,0.15,0,5.8799996,0,6.2999997,6.2999997
polar,,,57,0.2,0,5.8799996,0,6.2999997,6.2999997
polar,,,57,0.25,0,5.8799996,0,6.2999997,6.2999997
polar,,,57,0.3,0,5.8799996,0,6.2999997,6.2999997
polar,,,57,0.35,0,5.8799996,0,6.2999997,6.2999997
polar,,,57,0.4,0,5.8799996,0,6.2999997,6.2999997
polar,,,57,0.45,0,5.8799996,0,6.2999997,6.2999997
polar,,,57,0.5,0,5.8799996,0,6.2999997,6.2999997
polar,,,57,0.55,0,5.8799996,0,6.2999997,6.2999997
polar,,,57,0.6,0,5.8799996,0,6.2999997,6.2999997
polar,,,57,0.65,0,5.8799996,0,6.2999997,6.2999997
polar,,,57,0.7,0,5.8799996,0,6.2999997,6.2999997
polar,,,57,0.75,0,5.8799996,0,6.2999997,6.2999997
polar,,,57,0.8,0,5.8799996,0,6.2999997,6.2999997
polar,,,57,0.85,0,5.8799996,0,6.2999997,6.2999997
polar,,,57,0.9,0,5.8799996,0,6.2999997,6.2999997
polar,,,57,0.95,0,5.8799996,0,6.2999997,6.2999997
polar,,,57,1,0,5.8799996,0,6.2999997,6.2999997
polar,,,58,0,0,5.8799996,0,6.2999997,6.2999997
polar,,,58,0.05,0,5.8799996,0,6.2999997,6.2999997
polar,,,58,0.1,0,5.8799996,0,6.2999997,6.2999997
polar,,,58,0.15,0,5.8799996,0,6.2999997,6.2999997
polar,,,58,0.2,0,5.8799996,0,6.2999997,6.2999997
polar,,,58,0.25,0,5.8799996,0,6.2999997,6.2999997
polar,,,58,0.3,0,5.8799996,0,6.2999997,6.2999997
polar,,,58,0.35,0,5.8799996,0,6.2999997,6.2999997
polar,,,58,0.4,0,5.8799996,0,6.2999997,6.2999997
polar,,,58,0.45,0,5.8799996,0,6.2999997,6.2999997
polar,,,58,0.5,0,5.8799996,0,6.2999997,6.2999997
polar,,,58,0.55,0,5.8799996,0,6.2999997,6.2999997
polar,,,58,0.6,0,5.8799996,0,6.2999997,6.2999997
polar,,,58,0.65,0,5.8799996,0,6.2999997,6.2999997
polar,,,58,0.7,0,5.8799996,0,6.2999997,6.2999997
polar,,,58,0.75,0,5.8799996,0,6.2999997,6.2999997
polar,,,58,0.8,0,5.8799996,0,6.2999997,6.2999997
polar,,,58,0.85,0,5.8799996,0,6.2999997,6.2999997
polar,,,58,0.9,0,5.8799996,0,6.2999997,6.2999997
polar,,,58,0.95,0,5.8799996,0,6.2999997,6.2999997
polar,,,58,1,0,5.8799996,0,6.2999997,6.2999997
polar,,,59,0,0,5.8799996,0,6.2999997,6.2999997
polar,,,59,0.05,0,5.8799996,0,6.2999997,6.2999997
polar,,,59,0.1,0,5.8799996,0,6.2999997,6.2999997
polar,,,59,0.15,0,5.8799996,0,6.2999997,6.2999997
polar,,,59,0.2,0,5.8799996,0,6.2999997,6.2999997
polar,,,59,0.25,0,5.8799996,0,6.2999997,6.2999997
polar,,,59,0.3,0,5.8799996,0,6.2999997,6.2999997
polar,,,59,0.35,0,5.8799996,0,6.2999997,6.2999997
polar,,,59,0.4,0,5.8799996,0,6.2999997,6.2999997
polar,,,59,0.45,0,5.8799996,0,6.2999997,6.2999997
polar,,,59,0.5,0,5.8799996,0,6.2999997,6.2999997
polar,,,59,0.55,0,5.8799996,0,6.2999997,6.2999997
polar,,,59,0.6,0,5.8799996,0,6.2999997,6.2999997
polar,,,59,0.65,0,5.8799996,0,6.2999997,6.2999997
polar,,,59,0.7,0,5.8799996,0,6.2999997,6.2999997
polar,,,59,0.75,0,5.8799996,0,6.2999997,6.2999997
polar,,,59,0.8,0,5.8799996,0,6.2999997,6.2999997
polar,,,59,0.85,0,5.8799996,0,6.2999997,6.2999997
polar,,,59,0.9,0,5.8799996,0,6.2999997,6.2999997
polar,,,59,0.95,0,5.8799996,0,6.2999997,6.2999997
polar,,,59,1,0,5.8799996,0,6.2999997,6.2999997
polar,,,60,0,0,5.8799996,0,6.2999997,6.2999997
polar,,,60,0.05,0,5.8799996,0,6.2999997,6.2999997
polar,,,60,0.1,0,5.8799996,0,6.2999997,6.2999997
polar,,,60,0.15,0,5.8799996,0,6.2999997,6.2999997
polar,,,60,0.2,0,5.8799996,0,6.2999997,6.2999997
polar,,,60,0.25,0,5.8799996,0,6.2999997,6.2999997
polar,,,60,0.3,0,5.8799996,0,6.2999997,6.2999997
polar,,,60,0.35,0,5.8799996,0,6.2999997,6.2999997
polar,,,60,0.4,0,5.8799996,0,6.2999997,6.2999997
polar,,,60,0.45,0,5.8799996,0,6.2999997,6.2999997
polar,,,60,0.5,0,5.8799996,0,6.2999997,6.2999997
polar,,,60,0.55,0,5.8799996,0,6.2999997,6.2999997
polar,,,60,0.6,0,5.8799996,0,6.2999997,6.2999997
polar,,,60,0.65,0,5.8799996,0,6.2999997,6.2999997
polar,,,60,0.7,0,5.8799996,0,6.2999997,6.2999997
polar,,,60,0.75,0,5.8799996,0,6.2999997,6.2999997
polar,,,60,0.8,0,5.8799996,0,6.2999997,6.2999997
polar,,,60,0.85,0,5.8799996,0,6.2999997,6.2999997
polar,,,60,0.9,0,5.8799996,0,6.2999997,6.2999997
polar,,,60,0.95,0,5.8799996,0,6.2999997,6.2999997
polar,,,60,1,0,5.8799996,0,6.2999997,6.2999997
polar,,,61,0,0,5.8799996,0,6.2999997,6.2999997
polar,,,61,0.05,0,5.8799996,0,6.2999997,6.2999997
polar,,,61,0.1,0,5.8799996,0,6.2999997,6.2999997
polar,,,61,0.15,0,5.8799996,0,6.2999997,6.2999997
polar,,,61,0.2,0,5.8799996,0,6.2999997,6.2999997
polar,,,61,0.25,0,5.8799996,0,6.2999997,6.2999997
polar,,,61,0.3,0,5.8799996,0,6.2999997,6.2999997
polar,,,61,0.35,0,5.8799996,0,6.2999997,6.2999997
polar,,,61,0.4,0,5.8799996,0,6.2999997,6.2999997
polar,,,61,0.45,0,5.8799996,0,6.2999997,6.2999997
polar,,,61,0.5,0,5.8799996,0,6.2999997,6.2999997
polar,,,61,0.55,0,5.8799996,0,6.2999997,6.2999997
polar,,,61,0.6,0,5.8799996,0,6.2999997,6.2999997
polar,,,61,0.65,0,5.8799996,0,6.2999997,6.2999997
polar,,,61,0.7,0,5.8799996,0,6.2999997,6.2999997
polar,,,61,0.75,0,5.8799996,0,6.2999997,6.2999997
polar,,,61,0.8,0,5.8799996,0,6.2999997,6.2999997
polar,,,61,0.85,0,5.8799996,0,6.2999997,6.2999997
polar,,,61,0.9,0,5.8799996,0,6.2999997,6.2999997
polar,,,61,0.95,0,5.8799996,0,6.2999997,6.2999997
polar,,,61,1,0,5.8799996,0,6.2999997,6.2999997
polar,,,62,0,0,5.8799996,0,6.2999997,6.2999997
polar,,,62,0.05,0,5.8799996,0,6.2999997,6.2999997
polar,,,62,0.1,0,5.8799996,0,6.2999997,6.2999997
polar,,,62,0.15,0,5.8799996,0,6.2999997,6.2999997
polar,,,62,0.2,0,5.8799996,0,6.2999997,6.2999997
polar,,,62,0.25,0,5.8799996,0,6.2999997,6.2999997
polar,,,62,0.3,0,5.8799996,0,6.2999997,6.2999997
polar,,,62,0.35,0,5.8799996,0,6.2999997,6.2999997
polar,,,62,0.4,0,5.8799996,0,6.2999997,6.2999997
polar,,,62,0.45,0,5.8799996,0,6.2999997,6.2999997
polar,,,62,0.5,0,5.8799996,0,6.2999997,6.2999997
polar,,,62,0.55,0,5.8799996,0,6.2999997,6.2999997
polar,,,62,0.6,0,5.8799996,0,6.2999997,6.2999997
polar,,,62,0.65,0,5.8799996,0,6.2999997,6.2999997
polar,,,62,0.7,0,5.8799996,0,6.2999997,6.2999997
polar,,,62,0.75,0,5.8799996,0,6.2999997,6.2999997
polar,,,62,0.8,0,5.8799996,0,6.2999997,6.2999997
polar,,,62,0.85,0,5.8799996,0,6.2999997,6.2999997
polar,,,62,0.9,0,5.8799996,0,6.2999997,6.2999997
polar,,,62,0.95,0,5.8799996,0,6.2999997,6.2999997
polar,,,62,1,0,5.8799996,0,6.2999997,6.2999997
polar,,,63,0,0,5.8799996,0,6.2999997,6.2999997
polar,,,63,0.05,0,5.8799996,0,6.2999997,6.2999997
polar,,,63,0.1,0,5.8799996,0,6.2999997,6.2999997
polar,,,63,0.15,0,5.8799996,0,6.2999997,6.2999997
polar,,,63,0.2,0,5.8799996,0,6.2999997,6.2999997
polar,,,63,0.25,0,5.8799996,0,6.2999997,6.2999997
polar,,,63,0.3,0,5.8799996,0,6.2999997,6.2999997
polar,,,63,0.35,0,5.8799996,0,6.2999997,6.2999997
polar,,,63,0.4,0,5.8799996,0,6.2999997,6.2999997
polar,,,63,0.45,0,5.8799996,0,6.2999997,6.2999997
polar,,,63,0.5,0,5.8799996,0,6.2999997,6.2999997
polar,,,63,0.55,0,5.8799996,0,6.2999997,6.2999997
polar,,,63,0.6,0,5.8799996,0,6.2999997,6.2999997
polar,,,63,0.65,0,5.8799996,0,6.2999997,6.2999997
polar,,,63,0.7,0,5.8799996,0,6.2999997,6.2999997
polar,,,63,0.75,0,5.8799996,0,6.2999997,6.2999997
polar,,,63,0.8,0,5.8799996,0,6.2999997,6.2999997
polar,,,63,0.85,0,5.8799996,0,6.2999997,6.2999997
polar,,,63,0.9,0,5.8799996,0,6.2999997,6.2999997
polar,,,63,0.95,0,5.8799996,0,6.2999997,6.2999997
polar,,,63,1,0,5.8799996,0,6.2999997,6.2999997
polar,,,64,0,0,5.8799996,0,6.2999997,6.2999997
polar,,,64,0.05,0,5.8799996,0,6.2999997,6.2999997
polar,,,64,0.1,0,5.8799996,0,6.2999997,6.2999997
polar,,,64,0.15,0,5.8799996,0,6.2999997,6.2999997
polar,,,64,0.2,0,5.8799996,0,6.2999997,6.2999997
polar,,,64,0.25,0,5.8799996,0,6.2999997,6.2999997
polar,,,64,0.3,0,5.8799996,0,6.2999997,6.2999997
polar,,,64,0.35,0,5.8799996,0,6.2999997,6.2999997
polar,,,64,0.4,0,5.8799996,0,6.2999997,6.2999997
polar,,,64,0.45,0,5.8799996,0,6.2999997,6.2999997
polar,,,64,0.5,0,5.8799996,0,6.2999997,6.2999997
polar,,,64,0.55,0,5.8799996,0,6.2999997,6.2999997
polar,,,64,0.6,0,5.8799996,0,6.2999997,6.2999997
polar,,,64,0.65,0,5.8799996,0,6.2999997,6.2999997
polar,,,64,0.7,0,5.8799996,0,6.2999997,6.2999997
polar,,,64,0.75,0,5.8799996,0,6.2999997,6.2999997
polar,,,64,0.8,0,5.8799996,0,6.2999997,6.2999997
polar,,,64,0.85,0,5.8799996,0,6.2999997,6.2999997
polar,,,64,0.9,0,5.8799996,0,6.2999997,6.2999997
polar,,,64,0.95,0,5.8799996,0,6.2999997,6.2999997
polar,,,64,1,0,5.8799996,0,6.2999997,6.2999997
polar,,,65,0,0,5.8799996,0,6.2999997,6.2999997
polar,,,65,0.05,0,5.8799996,0,6.2999997,6.2999997
polar,,,65,0.1,0,5.8799996,0,6.2999997,6.2999997
polar,,,65,0.15,0,5.8799996,0,6.2999997,6.2999997
polar,,,65,0.2,0,5.8799996,0,6.2999997,6.2999997
polar,,,65,0.25,0,5.8799996,0,6.2999997,6.2999997
polar,,,65,0.3,0,5.8799996,0,6.2999997,6.2999997
polar,,,65,0.35,0,5.8799996,0,6.2999997,6.2999997
polar,,,65,0.4,0,5.8799996,0,6.2999997,6.2999997
polar,,,65,0.45,0,5.8799996,0,6.2999997,6.2999997
polar,,,65,0.5,0,5.8799996,0,6.2999997,6.2999997
polar,,,65,0.55,0,5.8799996,0,6.2999997,6.2999997
polar,,,65,0.6,0,5.8799996,0,6.2999997,6.2999997
polar,,,65,0.65,0,5.8799996,0,6.2999997,6.2999997
polar,,,65,0.7,0,5.8799996,0,6.2999997,6.2999997
polar,,,65,0.75,0,5.8799996,0,6.2999997,6.2999997
polar,,,65,0.8,0,5.8799996,0,6.2999997,6.2999997
polar,,,65,0.85,0,5.8799996,0,6.2999997,6.2999997
polar,,,65,0.9,0,5.8799996,0,6.2999997,6.2999997
polar,,,65,0.95,0,5.8799996,0,6.2999997,6.2999997
polar,,,65,1,0,5.8799996,0,6.2999997,6.2999997
polar,,,66,0,0,5.8799996,0,6.2999997,6.2999997
polar,,,66,0.05,0,5.8799996,0,6.2999997,6.2999997
polar,,,66,0.1,0,5.8799996,0,6.2999997,6.2999997
polar,,,66,0.15,0,5.8799996,0,6.2999997,6.2999997
polar,,,66,0.2,0,5.8799996,0,6.2999997,6.2999997
polar,,,66,0.25,0,5.8799996,0,6.2999997,6.2999997
polar,,,66,0.3,0,5.8799996,0,6.2999997,6.2999997
polar,,,66,0.35,0,5.8799996,0,6.2999997,6.2999997
polar,,,66,0.4,0,5.8799996,0,6.2999997,6.2999997
polar,,,66,0.45,0,5.8799996,0,6.2999997,6.2999997
polar,,,66,0.5,0,5.8799996,0,6.2999997,6.2999997
polar,,,66,0.55,0,5.8799996,0,6.2999997,6.2999997
polar,,,66,0.6,0,5.8799996,0,6.2999997,6.2999997
polar,,,66,0.65,0,5.8799996,0,6.2999997,6.2999997
polar,,,66,0.7,0,5.8799996,0,6.2999997,6.2999997
polar,,,66,0.75,0,5.8799996,0,6.2999997,6.2999997
polar,,,66,0.8,0,5.8799996,0,6.2999997,6.2999997
polar,,,66,0.85,0,5.8799996,0,6.2999997,6.2999997
polar,,,66,0.9,0,5.8799996,0,6.2999997,6.2999997
polar,,,66,0.95,0,5.8799996,0,6.2999997,6.2999997
polar,,,66,1,0,5.8799996,0,6.2999997,6.2999997
polar,,,67,0,0,5.8799996,0,6.2999997,6.2999997
polar,,,67,0.05,0,5.8799996,0,6.2999997,6.2999997
polar,,,67,0.1,0,5.8799996,0,6.2999997,6.2999997
polar,,,67,0.15,0,5.8799996,0,6.2999997,6.2999997
polar,,,67,0.2,0,5.8799996,0,6.2999997,6.2999997
polar,,,67,0.25,0,5.8799996,0,6.2999997,6.2999997
polar,,,67,0.3,0,5.8799996,0,6.2999997,6.2999997
polar,,,67,0.35,0,5.8799996,0,6.2999997,6.2999997
polar,,,67,0.4,0,5.8799996,0,6.2999997,6.2999997
polar,,,67,0.45,0,5.8799996,0,6.2999997,6.2999997
polar,,,67,0.5,0,5.8799996,0,6.2999997,6.2999997
polar,,,67,0.55,0,5.8799996,0,6.2999997,6.2999997
polar,,,67,0.6,0,5.8799996,0,6.2999997,6.2999997
polar,,,67,0.65,0,5.8799996,0,6.2999997,6.2999997
polar,,,67,0.7,0,5.8799996,0,6.2999997,6.2999997
polar,,,67,0.75,0,5.8799996,0,6.2999997,6.2999997
polar,,,67,0.8,0,5.8799996,0,6.2999997,6.2999997
polar,,,67,0.85,0,5.8799996,0,6.2999997,6.2999997
polar,,,67,0.9,0,5.8799996,0,6.2999997,6.2999997
polar,,,67,0.95,0,5.8799996,0,6.2999997,6.2999997
polar,,,67,1,0,5.8799996,0,6.2999997,6.2999997
polar,,,68,0,0,5.8799996,0,6.2999997,6.2999997
polar,,,68,0.05,0,5.8799996,0,6.2999997,6.2999997
polar,,,68,0.1,0,5.8799996,0,6.2999997,6.2999997
polar,,,68,0.15,0,5.8799996,0,6.2999997,6.2999997
polar,,,68,0.2,0,5.8799996,0,6.2999997,6.2999997
polar,,,68,0.25,0,5.8799996,0,6.2999997,6.2999997
polar,,,68,0.3,0,5.8799996,0,6.2999997,6.2999997
polar,,,68,0.35,0,5.8799996,0,6.2999997,6.2999997
polar,,,68,0.4,0,5.8799996,0,6.2999997,6.2999997
polar,,,68,0.45,0,5.8799996,0,6.2999997,6.2999997
polar,,,68,0.5,0,5.8799996,0,6.2999997,6.2999997
polar,,,68,0.55,0,5.8799996,0,6.2999997,6.2999997
polar,,,68,0.6,0,5.8799996,0,6.2999997,6.2999997
polar,,,68,0.65,0,5.8799996,0,6.2999997,6.2999997
polar,,,68,0.7,0,5.8799996,0,6.2999997,6.2999997
polar,,,68,0.75,0,5.8799996,0,6.2999997,6.2999997
polar,,,68,0.8,0,5.8799996,0,6.2999997,6.2999997
polar,,,68,0.85,0,5.8799996,0,6.2999997,6.2999997
polar,,,68,0.9,0,5.8799996,0,6.2999997,6.2999997
polar,,,68,0.95,0,5.8799996,0,6.2999997,6.2999997
polar,,,68,1,0,5.8799996,0,6.2999997,6.2999997
polar,,,69,0,0,5.8799996,0,6.2999997,6.2999997
polar,,,69,0.05,0,5.8799996,0,6.2999997,6.2999997
polar,,,69,0.1,0,5.8799996,0,6.2999997,6.2999997
polar,,,69,0.15,0,5.8799996,0,6.2999997,6.2999997
polar,,,69,0.2,0,5.8799996,0,6.2999997,6.2999997
polar,,,69,0.25,0,5.8799996,0,6.2999997,6.2999997
polar,,,69,0.3,0,5.8799996,0,6.2999997,6.2999997
polar,,,69,0.35,0,5.8799996,0,6.2999997,6.2999997
polar,,,69,0.4,0,5.8799996,0,6.2999997,6.2999997
polar,,,69,0.45,0,5.8799996,0,6.2999997,6.2999997
polar,,,69,0.5,0,5.8799996,0,6.2999997,6.2999997
polar,,,69,0.55,0,5.8799996,0,6.2999997,6.2999997
polar,,,69,0.6,0,5.8799996,0,6.2999997,6.2999997
polar,,,69,0.65,0,5.8799996,0,6.2999997,6.2999997
polar,,,69,0.7,0,5.8799996,0,6.2999997,6.2999997
polar,,,69,0.75,0,5.8799996,0,6.2999997,6.2999997
polar,,,69,0.8,0,5.8799996,0,6.2999997,6.2999997
polar,,,69,0.85,0,5.8799996,0,6.2999997,6.2999997
polar,,,69,0.9,0,5.8799996,0,6.2999997,6.2999997
polar,,,69,0.95,0,5.8799996,0,6.2999997,6.2999997
polar,,,69,1,0,5.8799996,0,6.2999997,6.2999997
polar,,,70,0,0,5.8799996,0,6.2999997,6.2999997
polar,,,70,0.05,0,5.8799996,0,6.2999997,6.2999997
polar,,,70,0.1,0,5.8799996,0,6.2999997,6.2999997
polar,,,70,0.15,0,5.8799996,0,6.2999997,6.2999997
polar,,,70,0.2,0,5.8799996,0,6.2999997,6.2999997
polar,,,70,0.25,0,5.8799996,0,6.2999997,6.2999997
polar,,,70,0.3,0,5.8799996,0,6.2999997,6.2999997
polar,,,70,0.35,0,5.8799996,0,6.2999997,6.2999997
polar,,,70,0.4,0,5.8799996,0,6.2999997,6.2999997
polar,,,70,0.45,0,5.8799996,0,6.2999997,6.2999997
polar,,,70,0.5,0,5.8799996,0,6.2999997,6.2999997
polar,,,70,0.55,0,5.8799996,0,6.2999997,6.2999997
polar,,,70,0.6,0,5.8799996,0,6.2999997,6.2999997
polar,,,70,0.65,0,5.8799996,0,6.2999997,6.2999997
polar,,,70,0.7,0,5.8799996,0,6.2999997,6.2999997
polar,,,70,0.75,0,5.8799996,0,6.2999997,6.2999997
polar,,,70,0.8,0,5.8799996,0,6.2999997,6.2999997
polar,,,70,0.85,0,5.8799996,0,6.2999997,6.2999997
polar,,,70,0.9,0,5.8799996,0,6.2999997,6.2999997
polar,,,70,0.95,0,5.8799996,0,6.2999997,6.2999997
polar,,,70,1,0,5.8799996,0,6.2999997,6.2999997
polar,,,71,0,0,5.8799996,0,6.2999997,6.2999997
polar,,,71,0.05,0,5.8799996,0,6.2999997,6.2999997
polar,,,71,0.1,0,5.8799996,0,6.2999997,6.2999997
polar,,,71,0.15,0,5.8799996,0,6.2999997,6.2999997
polar,,,71,0.2,0,5.8799996,0,6.2999997,6.2999997
polar,,,71,0.25,0,5.8799996,0,6.2999997,6.2999997
polar,,,71,0.3,0,5.8799996,0,6.2999997,6.2999997
polar,,,71,0.35,0,5.8799996,0,6.2999997,6.2999997
polar,,,71,0.4,0,5.8799996,0,6.2999997,6.2999997
polar,,,71,0.45,0,5.8799996,0,6.2999997,6.2999997
polar,,,71,0.5,0,5.8799996,0,6.2999997,6.2999997
polar,,,71,0.55,0,5.8799996,0,6.2999997,6.2999997
polar,,,71,0.6,0,5.8799996,0,6.2999997,6.2999997
polar,,,71,0.65,0,5.8799996,0,6.2999997,6.2999997
polar,,,71,0.7,0,5.8799996,0,6.2999997,6.2999997
polar,,,71,0.75,0,5.8799996,0,6.2999997,6.2999997
polar,,,71,0.8,0,5.8799996,0,6.2999997,6.2999997
polar,,,71,0.85,0,5.8799996,0,6.2999997,6.2999997
polar,,,71,0.9,0,5.8799996,0,6.2999997,6.2999997
polar,,,71,0.95,0,5.8799996,0,6.2999997,6.2999997
polar,,,71,1,0,5.8799996,0,6.2999997,6.2999997
polar,,,72,0,0,5.8799996,0,6.2999997,6.2999997
polar,,,72,0.05,0,5.8799996,0,6.2999997,6.2999997
polar,,,72,0.1,0,5.8799996,0,6.2999997,6.2999997
polar,,,72,0.15,0,5.8799996,0,6.2999997,6.2999997
polar,,,72,0.2,0,5.8799996,0,6.2999997,6.2999997
polar,,,72,0.25,0,5.8799996,0,6.2999997,6.2999997
polar,,,72,0.3,0,5.8799996,0,6.2999997,6.2999997
polar,,,72,0.35,0,5.8799996,0,6.2999997,6.2999997
polar,,,72,0.4,0,5.8799996,0,6.2999997,6.2999997
polar,,,72,0.45,0,5.8799996,0,6.2999997,6.2999997
polar,,,72,0.5,0,5.8799996,0,6.2999997,6.2999997
polar,,,72,0.55,0,5.8799996,0,6.2999997,6.2999997
polar,,,72,0.6,0,5.8799996,0,6.2999997,6.2999997
polar,,,72,0.65,0,5.8799996,0,6.2999997,6.2999997
polar,,,72,0.7,0,5.8799996,0,6.2999997,6.2999997
polar,,,72,0.75,0,5.8799996,0,6.2999997,6.2999997
polar,,,72,0.8,0,5.8799996,0,6.2999997,6.2999997
polar,,,72,0.85,0,5.8799996,0,6.2999997,6.2999997
polar,,,72,0.9,0,5.8799996,0,6.2999997,6.2999997
polar,,,72,0.95,0,5.8799996,0,6.2999997,6.2999997
polar,,,72,1,0,5.8799996,0,6.2999997,6.2999997
polar,,,73,0,0,5.8799996,0,6.2999997,6.2999997
polar,,,73,0.05,0,5.8799996,0,6.2999997,6.2999997
polar,,,73,0.1,0,5.8799996,0,6.2999997,6.2999997
polar,,,73,0.15,0,5.8799996,0,6.2999997,6.2999997
polar,,,73,0.2,0,5.8799996,0,6.2999997,6.2999997
polar,,,73,0.25,0,5.8799996,0,6.2999997,6.2999997
polar,,,73,0.3,0,5.8799996,0,6.2999997,6.2999997
polar,,,73,0.35,0,5.8799996,0,6.2999997,6.2999997
polar,,,73,0.4,0,5.8799996,0,6.2999997,6.2999997
polar,,,73,0.45,0,5.8799996,0,6.2999997,6.2999997
polar,,,73,0.5,0,5.8799996,0,6.2999997,6.2999997
polar,,,73,0.55,0,5.8799996,0,6.2999997,6.2999997
polar,,,73,0.6,0,5.8799996,0,6.2999997,6.2999997
polar,,,73,0.65,0,5.8799996,0,6.2999997,6.2999997
polar,,,73,0.7,0,5.8799996,0,6.2999997,6.2999997
polar,,,73,0.75,0,5.8799996,0,6.2999997,6.2999997
polar,,,73,0.8,0,5.8799996,0,6.2999997,6.2999997
polar,,,73,0.85,0,5.8799996,0,6.2999997,6.2999997
polar,,,73,0.9,0,5.8799996,0,6.2999997,6.2999997
polar,,,73,0.95,0,5.8799996,0,6.2999997,6.2999997
polar,,,73,1,0,5.8799996,0,6.2999997,6.2999997
polar,,,74,0,0,5.8799996,0,6.2999997,6.2999997
polar,,,74,0.05,0,5.8799996,0,6.2999997,6.2999997
polar,,,74,0.1,0,5.8799996,0,6.2999997,6.2999997
polar,,,74,0.15,0,5.8799996,0,6.2999997,6.2999997
polar,,,74,0.2,0,5.8799996,0,6.2999997,6.2999997
polar,,,74,0.25,0,5.8799996,0,6.2999997,6.2999997
polar,,,74,0.3,0,5.8799996,0,6.2999997,6.2999997
polar,,,74,0.35,0,5.8799996,0,6.2999997,6.2999997
polar,,,74,0.4,0,5.8799996,0,6.2999997,6.2999997
polar,,,74,0.45,0,5.8799996,0,6.2999997,6.2999997
polar,,,74,0.5,0,5.8799996,0,6.2999997,6.2999997
polar,,,74,0.55,0,5.8799996,0,6.2999997,6.2999997
polar,,,74,0.6,0,5.8799996,0,6.2999997,6.2999997
polar,,,74,0.65,0,5.8799996,0,6.2999997,6.2999997
polar,,,74,0.7,0,5.8799996,0,6.2999997,6.2999997
polar,,,74,0.75,0,5.8799996,0,6.2999997,6.2999997
polar,,,74,0.8,0,5.8799996,0,6.2999997,6.2999997
polar,,,74,0.85,0,5.8799996,0,6.2999997,6.2999997
polar,,,74,0.9,0,5.8799996,0,6.2999997,6.2999997
polar,,,74,0.95,0,5.8799996,0,6.2999997,6.2999997
polar,,,74,1,0,5.8799996,0,6.2999997,6.2999997
polar,,,75,0,0,5.8799996,0,6.2999997,6.2999997
polar,,,75,0.05,0,5.8799996,0,6.2999997,6.2999997
polar,,,75,0.1,0,5.8799996,0,6.2999997,6.2999997
polar,,,75,0.15,0,5.8799996,0,6.2999997,6.2999997
polar,,,75,0.2,0,5.8799996,0,6.2999997,6.2999997
polar,,,75,0.25,0,5.8799996,0,6.2999997,6.2999997
polar,,,75,0.3,0,5.8799996,0,6.2999997,6.2999997
polar,,,75,0.35,0,5.8799996,0,6.2999997,6.2999997
polar,,,75,0.4,0,5.8799996,0,6.2999997,6.2999997
polar,,,75,0.45,0,5.8799996,0,6.2999997,6.2999997
polar,,,75,0.5,0,5.8799996,0,6.2999997,6.2999997
polar,,,75,0.55,0,5.8799996,0,6.2999997,6.2999997
polar,,,75,0.6,0,5.8799996,0,6.2999997,6.2999997
polar,,,75,0.65,0,5.8799996,0,6.2999997,6.2999997
polar,,,75,0.7,0,5.8799996,0,6.2999997,6.2999997
polar,,,75,0.75,0,5.8799996,0,6.2999997,6.2999997
polar,,,75,0.8,0,5.8799996,0,6.2999997,6.2999997
polar,,,75,0.85,0,5.8799996,0,6.2999997,6.2999997
polar,,,75,0.9,0,5.8799996,0,6.2999997,6.2999997
polar,,,75,0.95,0,5.8799996,0,6.2999997,6.2999997
polar,,,75,1,0,5.8799996,0,6.2999997,6.2999997
polar,,,76,0,0,5.8799996,0,6.2999997,6.2999997
polar,,,76,0.05,0,5.8799996,0,6.2999997,6.2999997
polar,,,76,0.1,0,5.8799996,0,6.2999997,6.2999997
polar,,,76,0.15,0,5.8799996,0,6.2999997,6.2999997
polar,,,76,0.2,0,5.8799996,0,6.2999997,6.2999997
polar,,,76,0.25,0,5.8799996,0,6.2999997,6.2999997
polar,,,76,0.3,0,5.8799996,0,6.2999997,6.2999997
polar,,,76,0.35,0,5.8799996,0,6.2999997,6.2999997
polar,,,76,0.4,0,5.8799996,0,6.2999997,6.2999997
polar,,,76,0.45,0,5.8799996,0,6.2999997,6.2999997
polar,,,76,0.5,0,5.8799996,0,6.2999997,6.2999997
polar,,,76,0.55,0,5.8799996,0,6.2999997,6.2999997
polar,,,76,0.6,0,5.8799996,0,6.2999997,6.2999997
polar,,,76,0.65,0,5.8799996,0,6.2999997,6.2999997
polar,,,76,0.7,0,5.8799996,0,6.2999997,6.2999997
polar,,,76,0.75,0,5.8799996,0,6.2999997,6.2999997
polar,,,76,0.8,0,5.8799996,0,6.2999997,6.2999997
polar,,,76,0.85,0,5.8799996,0,6.2999997,6.2999997
polar,,,76,0.9,0,5.8799996,0,6.2999997,6.2999997
polar,,,76,0.95,0,5.8799996,0,6.2999997,6.2999997
polar,,,76,1,0,5.8799996,0,6.2999997,6.2999997
polar,,,77,0,0,5.8799996,0,6.2999997,6.2999997
polar,,,77,0.05,0,5.8799996,0,6.2999997,6.2999997
polar,,,77,0.1,0,5.8799996,0,6.2999997,6.2999997
polar,,,77,0.15,0,5.8799996,0,6.2999997,6.2999997
polar,,,77,0.2,0,5.8799996,0,6.2999997,6.2999997
polar,,,77,0.25,0,5.8799996,0,6.2999997,6.2999997
polar,,,77,0.3,0,5.8799996,0,6.2999997,6.2999997
polar,,,77,0.35,0,5.8799996,0,6.2999997,6.2999997
polar,,,77,0.4,0,5.8799996,0,6.2999997,6.2999997
polar,,,77,0.45,0,5.8799996,0,6.2999997,6.2999997
polar,,,77,0.5,0,5.8799996,0,6.2999997,6.2999997
polar,,,77,0.55,0,5.8799996,0,6.2999997,6.2999997
polar,,,77,0.6,0,5.8799996,0,6.2999997,6.2999997
polar,,,77,0.65,0,5.8799996,0,6.2999997,6.2999997
polar,,,77,0.7,0,5.8799996,0,6.2999997,6.2999997
polar,,,77,0.75,0,5.8799996,0,6.2999997,6.2999997
polar,,,77,0.8,0,5.8799996,0,6.2999997,6.2999997
polar,,,77,0.85,0,5.8799996,0,6.2999997,6.2999997
polar,,,77,0.9,0,5.8799996,0,6.2999997,6.2999997
polar,,,77,0.95,0,5.8799996,0,6.2999997,6.2999997
polar,,,77,1,0,5.8799996,0,6.2999997,6.2999997
polar,,,78,0,0,5.8799996,0,6.2999997,6.2999997
polar,,,78,0.05,0,5.8799996,0,6.2999997,6.2999997
polar,,,78,0.1,0,5.8799996,0,6.2999997,6.2999997
polar,,,78,0.15,0,5.8799996,0,6.2999997,6.2999997
polar,,,78,0.2,0,5.8799996,0,6.2999997,6.2999997
polar,,,78,0.25,0,5.8799996,0,6.2999997,6.2999997
polar,,,78,0.3,0,5.8799996,0,6.2999997,6.2999997
polar,,,78,0.35,0,5.8799996,0,6.2999997,6.2999997
polar,,,78,0.4,0,5.8799996,0,6.2999997,6.2999997
polar,,,78,0.45,0,5.8799996,0,6.2999997,6.2999997
polar,,,78,0.5,0,5.8799996,0,6.2999997,6.2999997
polar,,,78,0.55,0,5.8799996,0,6.2999997,6.2999997
polar,,,78,0.6,0,5.8799996,0,6.2999997,6.2999997
polar,,,78,0.65,0,5.8799996,0,6.2999997,6.2999997
polar,,,78,0.7,0,5.8799996,0,6.2999997,6.2999997
polar,,,78,0.75,0,5.8799996,0,6.2999997,6.2999997
polar,,,78,0.8,0,5.8799996,0,6.2999997,6.2999997
polar,,,78,0.85,0,5.8799996,0,6.2999997,6.2999997
polar,,,78,0.9,0,5.8799996,0,6.2999997,6.2999997
polar,,,78,0.95,0,5.8799996,0,6.2999997,6.2999997
polar,,,78,1,0,5.8799996,0,6.2999997,6.2999997
polar,,,79,0,0,5.8799996,0,6.2999997,6.2999997
polar,,,79,0.05,0,5.8799996,0,6.2999997,6.2999997
polar,,,79,0.1,0,5.8799996,0,6.2999997,6.2999997
polar,,,79,0.15,0,5.8799996,0,6.2999997,6.2999997
polar,,,79,0.2,0,5.8799996,0,6.2999997,6.2999997
polar,,,79,0.25,0,5.8799996,0,6.2999997,6.2999997
polar,,,79,0.3,0,5.8799996,0,6.2999997,6.2999997
polar,,,79,0.35,0,5.8799996,0,6.2999997,6.2999997
polar,,,79,0.4,0,5.8799996,0,6.2999997,6.2999997
polar,,,79,0.45,0,5.8799996,0,6.2999997,6.2999997
polar,,,79,0.5,0,5.8799996,0,6.2999997,6.2999997
polar,,,79,0.55,0,5.8799996,0,6.2999997,6.2999997
polar,,,79,0.6,0,5.8799996,0,6.2999997,6.2999997
polar,,,79,0.65,0,5.8799996,0,6.2999997,6.2999997
polar,,,79,0.7,0,5.8799996,0,6.2999997,6.2999997
polar,,,79,0.75,0,5.8799996,0,6.2999997,6.2999997
polar,,,79,0.8,0,5.8799996,0,6.2999997,6.2999997
polar,,,79,0.85,0,5.8799996,0,6.2999997,6.2999997
polar,,,79,0.9,0,5.8799996,0,6.2999997,6.2999997
polar,,,79,0.95,0,5.8799996,0,6.2999997,6.2999997
polar,,,79,1,0,5.8799996,0,6.2999997,6.2999997
polar,,,80,0,0,5.8799996,0,6.2999997,6.2999997
polar,,,80,0.05,0,5.8799996,0,6.2999997,6.2999997
polar,,,80,0.1,0,5.8799996,0,6.2999997,6.2999997
polar,,,80,0.15,0,5.8799996,0,6.2999997,6.2999997
polar,,,80,0.2,0,5.8799996,0,6.2999997,6.2999997
polar,,,80,0.25,0,5.8799996,0,6.2999997,6.2999997
polar,,,80,0.3,0,5.8799996,0,6.2999997,6.2999997
polar,,,80,0.35,0,5.8799996,0,6.2999997,6.2999997
polar,,,80,0.4,0,5.8799996,0,6.2999997,6.2999997
polar,,,80,0.45,0,5.8799996,0,6.2999997,6.2999997
polar,,,80,0.5,0,5.8799996,0,6.2999997,6.2999997
polar,,,80,0.55,0,5.8799996,0,6.2999997,6.2999997
polar,,,80,0.6,0,5.8799996,0,6.2999997,6.2999997
polar,,,80,0.65,0,5.8799996,0,6.2999997,6.2999997
polar,,,80,0.7,0,5.8799996,0,6.2999997,6.2999997
polar,,,80,0.75,0,5.8799996,0,6.2999997,6.2999997
polar,,,80,0.8,0,5.8799996,0,6.2999997,6.2999997
polar,,,80,0.85,0,5.8799996,0,6.2999997,6.2999997
polar,,,80,0.9,0,5.8799996,0,6.2999997,6.2999997
polar,,,80,0.95,0,5.8799996,0,6.2999997,6.2999997
polar,,,80,1,0,5.8799996,0,6.2999997,6.2999997
polar,,,81,0,0,5.8799996,0,6.2999997,6.2999997
polar,,,81,0.05,0,5.8799996,0,6.2999997,6.2999997
polar,,,81,0.1,0,5.8799996,0,6.2999997,6.2999997
polar,,,81,0.15,0,5.8799996,0,6.2999997,6.2999997
polar,,,81,0.2,0,5.8799996,0,6.2999997,6.2999997
polar,,,81,0.25,0,5.8799996,0,6.2999997,6.2999997
polar,,,81,0.3,0,5.8799996,0,6.2999997,6.2999997
polar,,,81,0.35,0,5.8799996,0,6.2999997,6.2999997
polar,,,81,0.4,0,5.8799996,0,6.2999997,6.2999997
polar,,,81,0.45,0,5.8799996,0,6.2999997,6.2999997
polar,,,81,0.5,0,5.8799996,0,6.2999997,6.2999997
polar,,,81,0.55,0,5.8799996,0,6.2999997,6.2999997
polar,,,81,0.6,0,5.8799996,0,6.2999997,6.2999997
polar,,,81,0.65,0,5.8799996,0,6.2999997,6.2999997
polar,,,81,0.7,0,5.8799996,0,6.2999997,6.2999997
polar,,,81,0.75,0,5.8799996,0,6.2999997,6.2999997
polar,,,81,0.8,0,5.8799996,0,6.2999997,6.2999997
polar,,,81,0.85,0,5.8799996,0,6.2999997,6.2999997
polar,,,81,0.9,0,5.8799996,0,6.2999997,6.2999997
polar,,,81,0.95,0,5.8799996,0,6.2999997,6.2999997
polar,,,81,1,0,5.8799996,0,6.2999997,6.2999997
polar,,,82,0,0,5.8799996,0,6.2999997,6.2999997
polar,,,82,0.05,0,5.8799996,0,6.2999997,6.2999997
polar,,,82,0.1,0,5.8799996,0,6.2999997,6.2999997
polar,,,82,0.15,0,5.8799996,0,6.2999997,6.2999997
polar,,,82,0.2,0,5.8799996,0,6.2999997,6.2999997
polar,,,82,0.25,0,5.8799996,0,6.2999997,6.2999997
polar,,,82,0.3,0,5.8799996,0,6.2999997,6.2999997
polar,,,82,0.35,0,5.8799996,0,6.2999997,6.2999997
polar,,,82,0.4,0,5.8799996,0,6.2999997,6.2999997
polar,,,82,0.45,0,5.8799996,0,6.2999997,6.2999997
polar,,,82,0.5,0,5.8799996,0,6.2999997,6.2999997
polar,,,82,0.55,0,5.8799996,0,6.2999997,6.2999997
polar,,,82,0.6,0,5.8799996,0,6.2999997,6.2999997
polar,,,82,0.65,0,5.8799996,0,6.2999997,6.2999997
polar,,,82,0.7,0,5.8799996,0,6.2999997,6.2999997
polar,,,82,0.75,0,5.8799996,0,6.2999997,6.2999997
polar,,,82,0.8,0,5.8799996,0,6.2999997,6.2999997
polar,,,82,0.85,0,5.8799996,0,6.2999997,6.2999997
polar,,,82,0.9,0,5.8799996,0,6.2999997,6.2999997
polar,,,82,0.95,0,5.8799996,0,6.2999997,6.2999997
polar,,,82,1,0,5.8799996,0,6.2999997,6.2999997
polar,,,83,0,0,5.8799996,0,6.2999997,6.2999997
polar,,,83,0.05,0,5.8799996,0,6.2999997,6.2999997
polar,,,83,0.1,0,5.8799996,0,6.2999997,6.2999997
polar,,,83,0.15,0,5.8799996,0,6.2999997,6.2999997
polar,,,83,0.2,0,5.8799996,0,6.2999997,6.2999997
polar,,,83,0.25,0,5.8799996,0,6.2999997,6.2999997
polar,,,83,0.3,0,5.8799996,0,6.2999997,6.2999997
polar,,,83,0.35,0,5.8799996,0,6.2999997,6.2999997
polar,,,83,0.4,0,5.8799996,0,6.2999997,6.2999997
polar,,,83,0.45,0,5.8799996,0,6.2999997,6.2999997
polar,,,83,0.5,0,5.8799996,0,6.2999997,6.2999997
polar,,,83,0.55,0,5.8799996,0,6.2999997,6.2999997
polar,,,83,0.6,0,5.8799996,0,6.2999997,6.2999997
polar,,,83,0.65,0,5.8799996,0,6.2999997,6.2999997
polar,,,83,0.7,0,5.8799996,0,6.2999997,6.2999997
polar,,,83,0.75,0,5.8799996,0,6.2999997,6.2999997
polar,,,83,0.8,0,5.8799996,0,6.2999997,6.2999997
polar,,,83,0.85,0,5.8799996,0,6.2999997,6.2999997
polar,,,83,0.9,0,5.8799996,0,6.2999997,6.2999997
polar,,,83,0.95,0,5.8799996,0,6.2999997,6.2999997
polar,,,83,1,0,5.8799996,0,6.2999997,6.2999997
polar,,,84,0,0,5.8799996,0,6.2999997,6.2999997
polar,,,84,0.05,0,5.8799996,0,6.2999997,6.2999997
polar,,,84,0.1,0,5.8799996,0,6.2999997,6.2999997
polar,,,84,0.15,0,5.8799996,0,6.2999997,6.2999997
polar,,,84,0.2,0,5.8799996,0,6.2999997,6.2999997
polar,,,84,0.25,0,5.8799996,0,6.2999997,6.2999997
polar,,,84,0.3,0,5.8799996,0,6.2999997,6.2999997
polar,,,84,0.35,0,5.8799996,0,6.2999997,6.2999997
polar,,,84,0.4,0,5.8799996,0,6.2999997,6.2999997
polar,,,84,0.45,0,5.8799996,0,6.2999997,6.2999997
polar,,,84,0.5,0,5.8799996,0,6.2999997,6.2999997
polar,,,84,0.55,0,5.8799996,0,6.2999997,6.2999997
polar,,,84,0.6,0,5.8799996,0,6.2999997,6.2999997
polar,,,84,0.65,0,5.8799996,0,6.2999997,6.2999997
polar,,,84,0.7,0,5.8799996,0,6.2999997,6.2999997
polar,,,84,0.75,0,5.8799996,0,6.2999997,6.2999997
polar,,,84,0.8,0,5.8799996,0,6.2999997,6.2999997
polar,,,84,0.85,0,5.8799996,0,6.2999997,6.2999997
polar,,,84,0.9,0,5.8799996,0,6.2999997,6.2999997
polar,,,84,0.95,0,5.8799996,0,6.2999997,6.2999997
polar,,,84,1,0,5.8799996,0,6.2999997,6.2999997
polar,,,85,0,0,5.8799996,0,6.2999997,6.2999997
polar,,,85,0.05,0,5.8799996,0,6.2999997,6.2999997
polar,,,85,0.1,0,5.8799996,0,6.2999997,6.2999997
polar,,,85,0.15,0,5.8799996,0,6.2999997,6.2999997
polar,,,85,0.2,0,5.8799996,0,6.2999997,6.2999997
polar,,,85,0.25,0,5.8799996,0,6.2999997,6.2999997
polar,,,85,0.3,0,5.8799996,0,6.2999997,6.2999997
polar,,,85,0.35,0,5.8799996,0,6.2999997,6.2999997
polar,,,85,0.4,0,5.8799996,0,6.2999997,6.2999997
polar,,,85,0.45,0,5.8799996,0,6.2999997,6.2999997
polar,,,85,0.5,0,5.8799996,0,6.2999997,6.2999997
polar,,,85,0.55,0,5.8799996,0,6.2999997,6.2999997
polar,,,85,0.6,0,5.8799996,0,6.2999997,6.2999997
polar,,,85,0.65,0,5.8799996,0,6.2999997,6.2999997
polar,,,85,0.7,0,5.8799996,0,6.2999997,6.2999997
polar,,,85,0.75,0,5.8799996,0,6.2999997,6.2999997
polar,,,85,0.8,0,5.8799996,0,6.2999997,6.2999997
polar,,,85,0.85,0,5.8799996,0,6.2999997,6.2999997
polar,,,85,0.9,0,5.8799996,0,6.2999997,6.2999997
polar,,,85,0.95,0,5.8799996,0,6.2999997,6.2999997
polar,,,85,1,0,5.8799996,0,6.2999997,6.2999997
polar,,,86,0,0,5.8799996,0,6.2999997,6.2999997
polar,,,86,0.05,0,5.8799996,0,6.2999997,6.2999997
polar,,,86,0.1,0,5.8799996,0,6.2999997,6.2999997
polar,,,86,0.15,0,5.8799996,0,6.2999997,6.2999997
polar,,,86,0.2,0,5.8799996,0,6.2999997,6.2999997
polar,,,86,0.25,0,5.8799996,0,6.2999997,6.2999997
polar,,,86,0.3,0,5.8799996,0,6.2999997,6.2999997
polar,,,86,0.35,0,5.8799996,0,6.2999997,6.2999997
polar,,,86,0.4,0,5.8799996,0,6.2999997,6.2999997
polar,,,86,0.45,0,5.8799996,0,6.2999997,6.2999997
polar,,,86,0.5,0,5.8799996,0,6.2999997,6.2999997
polar,,,86,0.55,0,5.8799996,0,6.2999997,6.2999997
polar,,,86,0.6,0,5.8799996,0,6.2999997,6.2999997
polar,,,86,0.65,0,5.8799996,0,6.2999997,6.2999997
polar,,,86,0.7,0,5.8799996,0,6.2999997,6.2999997
polar,,,86,0.75,0,5.8799996,0,6.2999997,6.2999997
polar,,,86,0.8,0,5.8799996,0,6.2999997,6.2999997
polar,,,86,0.85,0,5.8799996,0,6.2999997,6.2999997
polar,,,86,0.9,0,5.8799996,0,6.2999997,6.2999997
polar,,,86,0.95,0,5.8799996,0,6.2999997,6.2999997
polar,,,86,1,0,5.8799996,0,6.2999997,6.2999997
polar,,,87,0,0,5.8799996,0,6.2999997,6.2999997
polar,,,87,0.05,0,5.8799996,0,6.2999997,6.2999997
polar,,,87,0.1,0,5.8799996,0,6.2999997,6.2999997
polar,,,87,0.15,0,5.8799996,0,6.2999997,6.2999997
polar,,,87,0.2,0,5.8799996,0,6.2999997,6.2999997
polar,,,87,0.25,0,5.8799996,0,6.2999997,6.2999997
polar,,,87,0.3,0,5.8799996,0,6.2999997,6.2999997
polar,,,87,0.35,0,5.8799996,0,6.2999997,6.2999997
polar,,,87,0.4,0,5.8799996,0,6.2999997,6.2999997
polar,,,87,0.45,0,5.8799996,0,6.2999997,6.2999997
polar,,,87,0.5,0,5.8799996,0,6.2999997,6.2999997
polar,,,87,0.55,0,5.8799996,0,6.2999997,6.2999997
polar,,,87,0.6,0,5.8799996,0,6.2999997,6.2999997
polar,,,87,0.65,0,5.8799996,0,6.2999997,6.2999997
polar,,,87,0.7,0,5.8799996,0,6.2999997,6.2999997
polar,,,87,0.75,0,5.8799996,0,6.2999997,6.2999997
polar,,,87,0.8,0,5.8799996,0,6.2999997,6.2999997
polar,,,87,0.85,0,5.8799996,0,6.2999997,6.2999997
polar,,,87,0.9,0,5.8799996,0,6.2999997,6.2999997
polar,,,87,0.95,0,5.8799996,0,6.2999997,6.2999997
polar,,,87,1,0,5.8799996,0,6.2999997,6.2999997
polar,,,88,0,0,5.8799996,0,6.2999997,6.2999997
polar,,,88,0.05,0,5.8799996,0,6.2999997,6.2999997
polar,,,88,0.1,0,5.8799996,0,6.2999997,6.2999997
polar,,,88,0.15,0,5.8799996,0,6.2999997,6.2999997
polar,,,88,0.2,0,5.8799996,0,6.2999997,6.2999997
polar,,,88,0.25,0,5.8799996,0,6.2999997,6.2999997
polar,,,88,0.3,0,5.8799996,0,6.2999997,6.2999997
polar,,,88,0.35,0,5.8799996,0,6.2999997,6.2999997
polar,,,88,0.4,0,5.8799996,0,6.2999997,6.2999997
polar,,,88,0.45,0,5.8799996,0,6.2999997,6.2999997
polar,,,88,0.5,0,5.8799996,0,6.2999997,6.2999997
polar,,,88,0.55,0,5.8799996,0,6.2999997,6.2999997
polar,,,88,0.6,0,5.8799996,0,6.2999997,6.2999997
polar,,,88,0.65,0,5.8799996,0,6.2999997,6.2999997
polar,,,88,0.7,0,5.8799996,0,6.2999997,6.2999997
polar,,,88,0.75,0,5.8799996,0,6.2999997,6.2999997
polar,,,88,0.8,0,5.8799996,0,6.2999997,6.2999997
polar,,,88,0.85,0,5.8799996,0,6.2999997,6.2999997
polar,,,88,0.9,0,5.8799996,0,6.2999997,6.2999997
polar,,,88,0.95,0,5.8799996,0,6.2999997,6.2999997
polar,,,88,1,0,5.8799996,0,6.2999997,6.2999997
polar,,,89,0,0,5.8799996,0,6.2999997,6.2999997
polar,,,89,0.05,0,5.8799996,0,6.2999997,6.2999997
polar,,,89,0.1,0,5.8799996,0,6.2999997,6.2999997
polar,,,89,0.15,0,5.8799996,0,6.2999997,6.2999997
polar,,,89,0.2,0,5.8799996,0,6.2999997,6.2999997
polar,,,89,0.25,0,5.8799996,0,6.2999997,6.2999997
polar,,,89,0.3,0,5.8799996,0,6.2999997,6.2999997
polar,,,89,0.35,0,5.8799996,0,6.2999997,6.2999997
polar,,,89,0.4,0,5.8799996,0,6.2999997,6.2999997
polar,,,89,0.45,0,5.8799996,0,6.2999997,6.2999997
polar,,,89,0.5,0,5.8799996,0,6.2999997,6.2999997
polar,,,89,0.55,0,5.8799996,0,6.2999997,6.2999997
polar,,,89,0.6,0,5.8799996,0,6.2999997,6.2999997
polar,,,89,0.65,0,5.8799996,0,6.2999997,6.2999997
polar,,,89,0.7,0,5.8799996,0,6.2999997,6.2999997
polar,,,89,0.75,0,5.8799996,0,6.2999997,6.2999997
polar,,,89,0.8,0,5.8799996,0,6.2999997,6.2999997
polar,,,89,0.85,0,5.8799996,0,6.2999997,6.2999997
polar,,,89,0.9,0,5.8799996,0,6.2999997,6.2999997
polar,,,89,0.95,0,5.8799996,0,6.2999997,6.2999997
polar,,,89,1,0,5.8799996,0,6.2999997,6.2999997
polar,,,90,0,0,5.8799996,0,6.2999997,6.2999997
polar,,,90,0.05,0,5.8799996,0,6.2999997,6.2999997
polar,,,90,0.1,0,5.8799996,0,6.2999997,6.2999997
polar,,,90,0.15,0,5.8799996,0,6.2999997,6.2999997
polar,,,90,0.2,0,5.8799996,0,6.2999997,6.2999997
polar,,,90,0.25,0,5.8799996,0,6.2999997,6.2999997
polar,,,90,0.3,0,5.8799996,0,6.2999997,6.2999997
polar,,,90,0.35,0,5.8799996,0,6.2999997,6.2999997
polar,,,90,0.4,0,5.8799996,0,6.2999997,6.2999997
polar,,,90,0.45,0,5.8799996,0,6.2999997,6.2999997
polar,,,90,0.5,0,5.8799996,0,6.2999997,6.2999997
polar,,,90,0.55,0,5.8799996,0,6.2999997,6.2999997
polar,,,90,0.6,0,5.8799996,0,6.2999997,6.2999997
polar,,,90,0.65,0,5.8799996,0,6.2999997,6.2999997
polar,,,90,0.7,0,5.8799996,0,6.2999997,6.2999997
polar,,,90,0.75,0,5.8799996,0,6.2999997,6.2999997
polar,,,90,0.8,0,5.8799996,0,6.2999997,6.2999997
polar,,,90,0.85,0,5.8799996,0,6.2999997,6.2999997
polar,,,90,0.9,0,5.8799996,0,6.2999997,6.2999997
polar,,,90,0.95,0,5.8799996,0,6.2999997,6.2999997
polar,,,90,1,0,5.8799996,0,6.2999997,6.2999997
polar,,,91,0,0,5.8799996,0,6.2999997,6.2999997
polar,,,91,0.05,0,5.8799996,0,6.2999997,6.2999997
polar,,,91,0.1,0,5.8799996,0,6.2999997,6.2999997
polar,,,91,0.15,0,5.8799996,0,6.2999997,6.2999997
polar,,,91,0.2,0,5.8799996,0,6.2999997,6.2999997
polar,,,91,0.25,0,5.8799996,0,6.2999997,6.2999997
polar,,,91,0.3,0,5.8799996,0,6.2999997,6.2999997
polar,,,91,0.35,0,5.8799996,0,6.2999997,6.2999997
polar,,,91,0.4,0,5.8799996,0,6.2999997,6.2999997
polar,,,91,0.45,0,5.8799996,0,6.2999997,6.2999997
polar,,,91,0.5,0,5.8799996,0,6.2999997,6.2999997
polar,,,91,0.55,0,5.8799996,0,6.2999997,6.2999997
polar,,,91,0.6,0,5.8799996,0,6.2999997,6.2999997
polar,,,91,0.65,0,5.8799996,0,6.2999997,6.2999997
polar,,,91,0.7,0,5.8799996,0,6.2999997,6.2999997
polar,,,91,0.75,0,5.8799996,0,6.2999997,6.2999997
polar,,,91,0.8,0,5.8799996,0,6.2999997,6.2999997
polar,,,91,0.85,0,5.8799996,0,6.2999997,6.2999997
polar,,,91,0.9,0,5.8799996,0,6.2999997,6.2999997
polar,,,91,0.95,0,5.8799996,0,6.2999997,6.2999997
polar,,,91,1,0,5.8799996,0,6.2999997,6.2999997
polar,,,92,0,0,5.8799996,0,6.2999997,6.2999997
polar,,,92,0.05,0,5.8799996,0,6.2999997,6.2999997
polar,,,92,0.1,0,5.8799996,0,6.2999997,6.2999997
polar,,,92,0.15,0,5.8799996,0,6.2999997,6.2999997
polar,,,92,0.2,0,5.8799996,0,6.2999997,6.2999997
polar,,,92,0.25,0,5.8799996,0,6.2999997,6.2999997
polar,,,92,0.3,0,5.8799996,0,6.2999997,6.2999997
polar,,,92,0.35,0,5.8799996,0,6.2999997,6.2999997
polar,,,92,0.4,0,5.8799996,0,6.2999997,6.2999997
polar,,,92,0.45,0,5.8799996,0,6.2999997,6.2999997
polar,,,92,0.5,0,5.8799996,0,6.2999997,6.2999997
polar,,,92,0.55,0,5.8799996,0,6.2999997,6.2999997
polar,,,92,0.6,0,5.8799996,0,6.2999997,6.2999997
polar,,,92,0.65,0,5.8799996,0,6.2999997,6.2999997
polar,,,92,0.7,0,5.8799996,0,6.2999997,6.2999997
polar,,,92,0.75,0,5.8799996,0,6.2999997,6.2999997
polar,,,92,0.8,0,5.8799996,0,6.2999997,6.2999997
polar,,,92,0.85,0,5.8799996,0,6.2999997,6.2999997
polar,,,92,0.9,0,5.8799996,0,6.2999997,6.2999997
polar,,,92,0.95,0,5.8799996,0,6.2999997,6.2999997
polar,,,92,1,0,5.8799996,0,6.2999997,6.2999997
polar,,,93,0,0,5.8799996,0,6.2999997,6.2999997
polar,,,93,0.05,0,5.8799996,0,6.2999997,6.2999997
polar,,,93,0.1,0,5.8799996,0,6.2999997,6.2999997
polar,,,93,0.15,0,5.8799996,0,6.2999997,6.2999997
polar,,,93,0.2,0,5.8799996,0,6.2999997,6.2999997
polar,,,93,0.25,0,5.8799996,0,6.2999997,6.2999997
polar,,,93,0.3,0,5.8799996,0,6.2999997,6.2999997
polar,,,93,0.35,0,5.8799996,0,6.2999997,6.2999997
polar,,,93,0.4,0,5.8799996,0,6.2999997,6.2999997
polar,,,93,0.45,0,5.8799996,0,6.2999997,6.2999997
polar,,,93,0.5,0,5.8799996,0,6.2999997,6.2999997
polar,,,93,0.55,0,5.8799996,0,6.2999997,6.2999997
polar,,,93,0.6,0,5.8799996,0,6.2999997,6.2999997
polar,,,93,0.65,0,5.8799996,0,6.2999997,6.2999997
polar,,,93,0.7,0,5.8799996,0,6.2999997,6.2999997
polar,,,93,0.75,0,5.8799996,0,6.2999997,6.2999997
polar,,,93,0.8,0,5.8799996,0,6.2999997,6.2999997
polar,,,93,0.85,0,5.8799996,0,6.2999997,6.2999997
polar,,,93,0.9,0,5.8799996,0,6.2999997,6.2999997
polar,,,93,0.95,0,5.8799996,0,6.2999997,6.2999997
polar,,,93,1,0,5.8799996,0,6.2999997,6.2999997
polar,,,94,0,0,5.8799996,0,6.2999997,6.2999997
polar,,,94,0.05,0,5.8799996,0,6.2999997,6.2999997
polar,,,94,0.1,0,5.8799996,0,6.2999997,6.2999997
polar,,,94,0.15,0,5.8799996,0,6.2999997,6.2999997
polar,,,94,0.2,0,5.8799996,0,6.2999997,6.2999997
polar,,,94,0.25,0,5.8799996,0,6.2999997,6.2999997
polar,,,94,0.3,0,5.8799996,0,6.2999997,6.2999997
polar,,,94,0.35,0,5.8799996,0,6.2999997,6.2999997
polar,,,94,0.4,0,5.8799996,0,6.2999997,6.2999997
polar,,,94,0.45,0,5.8799996,0,6.2999997,6.2999997
polar,,,94,0.5,0,5.8799996,0,6.2999997,6.2999997
polar,,,94,0.55,0,5.8799996,0,6.2999997,6.2999997
polar,,,94,0.6,0,5.8799996,0,6.2999997,6.2999997
polar,,,94,0.65,0,5.8799996,0,6.2999997,6.2999997
polar,,,94,0.7,0,5.8799996,0,6.2999997,6.2999997
polar,,,94,0.75,0,5.8799996,0,6.2999997,6.2999997
polar,,,94,0.8,0,5.8799996,0,6.2999997,6.2999997
polar,,,94,0.85,0,5.8799996,0,6.2999997,6.2999997
polar,,,94,0.9,0,5.8799996,0,6.2999997,6.2999997
polar,,,94,0.95,0,5.8799996,0,6.2999997,6.2999997
polar,,,94,1,0,5.8799996,0,6.2999997,6.2999997
polar,,,95,0,0,5.8799996,0,6.2999997,6.2999997
polar,,,95,0.05,0,5.8799996,0,6.2999997,6.2999997
polar,,,95,0.1,0,5.8799996,0,6.2999997,6.2999997
polar,,,95,0.15,0,5.8799996,0,6.2999997,6.2999997
polar,,,95,0.2,0,5.8799996,0,6.2999997,6.2999997
polar,,,95,0.25,0,5.8799996,0,6.2999997,6.2999997
polar,,,95,0.3,0,5.8799996,0,6.2999997,6.2999997
polar,,,95,0.35,0,5.8799996,0,6.2999997,6.2999997
polar,,,95,0.4,0,5.8799996,0,6.2999997,6.2999997
polar,,,95,0.45,0,5.8799996,0,6.2999997,6.2999997
polar,,,95,0.5,0,5.8799996,0,6.2999997,6.2999997
polar,,,95,0.55,0,5.8799996,0,6.2999997,6.2999997
polar,,,95,0.6,0,5.8799996,0,6.2999997,6.2999997
polar,,,95,0.65,0,5.8799996,0,6.2999997,6.2999997
polar,,,95,0.7,0,5.8799996,0,6.2999997,6.2999997
polar,,,95,0.75,0,5.8799996,0,6.2999997,6.2999997
polar,,,95,0.8,0,5.8799996,0,6.2999997,6.2999997
polar,,,95,0.85,0,5.8799996,0,6.2999997,6.2999997
polar,,,95,0.9,0,5.8799996,0,6.2999997,6.2999997
polar,,,95,0.95,0,5.8799996,0,6.2999997,6.2999997
polar,,,95,1,0,5.8799996,0,6.2999997,6.2999997
polar,,,96,0,0,5.8799996,0,6.2999997,6.2999997
polar,,,96,0.05,0,5.8799996,0,6.2999997,6.2999997
polar,,,96,0.1,0,5.8799996,0,6.2999997,6.2999997
polar,,,96,0.15,0,5.8799996,0,6.2999997,6.2999997
polar,,,96,0.2,0,5.8799996,0,6.2999997,6.2999997
polar,,,96,0.25,0,5.8799996,0,6.2999997,6.2999997
polar,,,96,0.3,0,5.8799996,0,6.2999997,6.2999997
polar,,,96,0.35,0,5.8799996,0,6.2999997,6.2999997
polar,,,96,0.4,0,5.8799996,0,6.2999997,6.2999997
polar,,,96,0.45,0,5.8799996,0,6.2999997,6.2999997
polar,,,96,0.5,0,5.8799996,0,6.2999997,6.2999997
polar,,,96,0.55,0,5.8799996,0,6.2999997,6.2999997
polar,,,96,0.6,0,5.8799996,0,6.2999997,6.2999997
polar,,,96,0.65,0,5.8799996,0,6.2999997,6.2999997
polar,,,96,0.7,0,5.8799996,0,6.2999997,6.2999997
polar,,,96,0.75,0,5.8799996,0,6.2999997,6.2999997
polar,,,96,0.8,0,5.8799996,0,6.2999997,6.2999997
polar,,,96,0.85,0,5.8799996,0,6.2999997,6.2999997
polar,,,96,0.9,0,5.8799996,0,6.2999997,6.2999997
polar,,,96,0.95,0,5.8799996,0,6.2999997,6.2999997
polar,,,96,1,0,5.8799996,0,6.2999997,6.2999997
polar,,,97,0,0,5.8799996,0,6.2999997,6.2999997
polar,,,97,0.05,0,5.8799996,0,6.2999997,6.2999997
polar,,,97,0.1,0,5.8799996,0,6.2999997,6.2999997
polar,,,97,0.15,0,5.8799996,0,6.2999997,6.2999997
polar,,,97,0.2,0,5.8799996,0,6.2999997,6.2999997
polar,,,97,0.25,0,5.8799996,0,6.2999997,6.2999997
polar,,,97,0.3,0,5.8799996,0,6.2999997,6.2999997
polar,,,97,0.35,0,5.8799996,0,6.2999997,6.2999997
polar,,,97,0.4,0,5.8799996,0,6.2999997,6.2999997
polar,,,97,0.45,0,5.8799996,0,6.2999997,6.2999997
polar,,,97,0.5,0,5.8799996,0,6.2999997,6.2999997
polar,,,97,0.55,0,5.8799996,0,6.2999997,6.2999997
polar,,,97,0.6,0,5.8799996,0,6.2999997,6.2999997
polar,,,97,0.65,0,5.8799996,0,6.2999997,6.2999997
polar,,,97,0.7,0,5.8799996,0,6.2999997,6.2999997
polar,,,97,0.75,0,5.8799996,0,6.2999997,6.2999997
polar,,,97,0.8,0,5.8799996,0,6.2999997,6.2999997
polar,,,97,0.85,0,5.8799996,0,6.2999997,6.2999997
polar,,,97,0.9,0,5.8799996,0,6.2999997,6.2999997
polar,,,97,0.95,0,5.8799996,0,6.2999997,6.2999997
polar,,,97,1,0,5.8799996,0,6.2999997,6.2999997
polar,,,98,0,0,5.8799996,0,6.2999997,6.2999997
polar,,,98,0.05,0,5.8799996,0,6.2999997,6.2999997
polar,,,98,0.1,0,5.8799996,0,6.2999997,6.2999997
polar,,,98,0.15,0,5.8799996,0,6.2999997,6.2999997
polar,,,98,0.2,0,5.8799996,0,6.2999997,6.2999997
polar,,,98,0.25,0,5.8799996,0,6.2999997,6.2999997
polar,,,98,0.3,0,5.8799996,0,6.2999997,6.2999997
polar,,,98,0.35,0,5.8799996,0,6.2999997,6.2999997
polar,,,98,0.4,0,5.8799996,0,6.2999997,6.2999997
polar,,,98,0.45,0,5.8799996,0,6.2999997,6.2999997
polar,,,98,0.5,0,5.8799996,0,6.2999997,6.2999997
polar,,,98,0.55,0,5.8799996,0,6.2999997,6.2999997
polar,,,98,0.6,0,5.8799996,0,6.2999997,6.2999997
polar,,,98,0.65,0,5.8799996,0,6.2999997,6.2999997
polar,,,98,0.7,0,5.8799996,0,6.2999997,6.2999997
polar,,,98,0.75,0,5.8799996,0,6.2999997,6.2999997
polar,,,98,0.8,0,5.8799996,0,6.2999997,6.2999997
polar,,,98,0.85,0,5.8799996,0,6.2999997,6.2999997
polar,,,98,0.9,0,5.8799996,0,6.2999997,6.2999997
polar,,,98,0.95,0,5.8799996,0,6.2999997,6.2999997
polar,,,98,1,0,5.8799996,0,6.2999997,6.2999997
polar,,,99,0,0,5.8799996,0,6.2999997,6.2999997
polar,,,99,0.05,0,5.8799996,0,6.2999997,6.2999997
polar,,,99,0.1,0,5.8799996,0,6.2999997,6.2999997
polar,,,99,0.15,0,5.8799996,0,6.2999997,6.2999997
polar,,,99,0.2,0,5.8799996,0,6.2999997,6.2999997
polar,,,99,0.25,0,5.8799996,0,6.2999997,6.2999997
polar,,,99,0.3,0,5.8799996,0,6.2999997,6.2999997
polar,,,99,0.35,0,5.8799996,0,6.2999997,6.2999997
polar,,,99,0.4,0,5.8799996,0,6.2999997,6.2999997
polar,,,99,0.45,0,5.8799996,0,6.2999997,6.2999997
polar,,,99,0.5,0,5.8799996,0,6.2999997,6.2999997
polar,,,99,0.55,0,5.8799996,0,6.2999997,6.2999997
polar,,,99,0.6,0,5.8799996,0,6.2999997,6.2999997
polar,,,99,0.65,0,5.8799996,0,6.2999997,6.2999997
polar,,,99,0.7,0,5.8799996,0,6.2999997,6.2999997
polar,,,99,0.75,0,5.8799996,0,6.2999997,6.2999997
polar,,,99,0.8,0,5.8799996,0,6.2999997,6.2999997
polar,,,99,0.85,0,5.8799996,0,6.2999997,6.2999997
polar,,,99,0.9,0,5.8799996,0,6.2999997,6.2999997
polar,,,99,0.95,0,5.8799996,0,6.2999997,6.2999997
polar,,,99,1,0,5.8799996,0,6.2999997,6.2999997
polar,,,100,0,0,5.8799996,0,6.2999997,6.2999997
polar,,,100,0.05,0,5.8799996,0,6.2999997,6.2999997
polar,,,100,0.1,0,5.8799996,0,6.2999997,6.2999997
polar,,,100,0.15,0,5.8799996,0,6.2999997,6.2999997
polar,,,100,0.2,0,5.8799996,0,6.2999997,6.2999997
polar,,,100,0.25,0,5.8799996,0,6.2999997,6.2999997
polar,,,100,0.3,0,5.8799996,0,6.2999997,6.2999997
polar,,,100,0.35,0,5.8799996,0,6.2999997,6.2999997
polar,,,100,0.4,0,5.8799996,0,6.2999997,6.2999997
polar,,,100,0.45,0,5.8799996,0,6.2999997,6.2999997
polar,,,100,0.5,0,5.8799996,0,6.2999997,6.2999997
polar,,,100,0.55,0,5.8799996,0,6.2999997,6.2999997
polar,,,100,0.6,0,5.8799996,0,6.2999997,6.2999997
polar,,,100,0.65,0,5.8799996,0,6.2999997,6.2999997
polar,,,100,0.7,0,5.8799996,0,6.2999997,6.2999997
polar,,,100,0.75,0,5.8799996,0,6.2999997,6.2999997
polar,,,100,0.8,0,5.8799996,0,6.2999997,6.2999997
polar,,,100,0.85,0,5.8799996,0,6.2999997,6.2999997
polar,,,100,0.9,0,5.8799996,0,6.2999997,6.2999997
polar,,,100,0.95,0,5.8799996,0,6.2999997,6.2999997
polar,,,100,1,0,5.8799996,0,6.2999997,6.2999997
polar,,,101,0,0,5.8799996,0,6.2999997,6.2999997
polar,,,101,0.05,0,5.8799996,0,6.2999997,6.2999997
polar,,,101,0.1,0,5.8799996,0,6.2999997,6.2999997
polar,,,101,0.15,0,5.8799996,0,6.2999997,6.2999997
polar,,,101,0.2,0,5.8799996,0,6.2999997,6.2999997
polar,,,101,0.25,0,5.8799996,0,6.2999997,6.2999997
polar,,,101,0.3,0,5.8799996,0,6.2999997,6.2999997
polar,,,101,0.35,0,5.8799996,0,6.2999997,6.2999997
polar,,,101,0.4,0,5.8799996,0,6.2999997,6.2999997
polar,,,101,0.45,0,5.8799996,0,6.2999997,6.2999997
polar,,,101,0.5,0,5.8799996,0,6.2999997,6.2999997
polar,,,101,0.55,0,5.8799996,0,6.2999997,6.2999997
polar,,,101,0.6,0,5.8799996,0,6.2999997,6.2999997
polar,,,101,0.65,0,5.8799996,0,6.2999997,6.2999997
polar,,,101,0.7,0,5.8799996,0,6.2999997,6.2999997
polar,,,101,0.75,0,5.8799996,0,6.2999997,6.2999997
polar,,,101,0.8,0,5.8799996,0,6.2999997,6.2999997
polar,,,101,0.85,0,5.8799996,0,6.2999997,6.2999997
polar,,,101,0.9,0,5.8799996,0,6.2999997,6.2999997
polar,,,101,0.95,0,5.8799996,0,6.2999997,6.2999997
polar,,,101,1,0,5.8799996,0,6.2999997,6.2999997
polar,,,102,0,0,5.8799996,0,6.2999997,6.2999997
polar,,,102,0.05,0,5.8799996,0,6.2999997,6.2999997
polar,,,102,0.1,0,5.8799996,0,6.2999997,6.2999997
polar,,,102,0.15,0,5.8799996,0,6.2999997,6.2999997
polar,,,102,0.2,0,5.8799996,0,6.2999997,6.2999997
polar,,,102,0.25,0,5.8799996,0,6.2999997,6.2999997
polar,,,102,0.3,0,5.8799996,0,6.2999997,6.2999997
polar,,,102,0.35,0,5.8799996,0,6.2999997,6.2999997
polar,,,102,0.4,0,5.8799996,0,6.2999997,6.2999997
polar,,,102,0.45,0,5.8799996,0,6.2999997,6.2999997
polar,,,102,0.5,0,5.8799996,0,6.2999997,6.2999997
polar,,,102,0.55,0,5.8799996,0,6.2999997,6.2999997
polar,,,102,0.6,0,5.8799996,0,6.2999997,6.2999997
polar,,,102,0.65,0,5.8799996,0,6.2999997,6.2999997
polar,,,102,0.7,0,5.8799996,0,6.2999997,6.2999997
polar,,,102,0.75,0,5.8799996,0,6.2999997,6.2999997
polar,,,102,0.8,0,5.8799996,0,6.2999997,6.2999997
polar,,,102,0.85,0,5.8799996,0,6.2999997,6.2999997
polar,,,102,0.9,0,5.8799996,0,6.2999997,6.2999997
polar,,,102,0.95,0,5.8799996,0,6.2999997,6.2999997
polar,,,102,1,0,5.8799996,0,6.2999997,6.2999997
polar,,,103,0,0,5.8799996,0,6.2999997,6.2999997
polar,,,103,0.05,0,5.8799996,0,6.2999997,6.2999997
polar,,,103,0.1,0,5.8799996,0,6.2999997,6.2999997
polar,,,103,0.15,0,5.8799996,0,6.2999997,6.2999997
polar,,,103,0.2,0,5.8799996,0,6.2999997,6.2999997
polar,,,103,0.25,0,5.8799996,0,6.2999997,6.2999997
polar,,,103,0.3,0,5.8799996,0,6.2999997,6.2999997
polar,,,103,0.35,0,5.8799996,0,6.2999997,6.2999997
polar,,,103,0.4,0,5.8799996,0,6.2999997,6.2999997
polar,,,103,0.45,0,5.8799996,0,6.2999997,6.2999997
polar,,,103,0.5,0,5.8799996,0,6.2999997,6.2999997
polar,,,103,0.55,0,5.8799996,0,6.2999997,6.2999997
polar,,,103,0.6,0,5.8799996,0,6.2999997,6.2999997
polar,,,103,0.65,0,5.8799996,0,6.2999997,6.2999997
polar,,,103,0.7,0,5.8799996,0,6.2999997,6.2999997
polar,,,103,0.75,0,5.8799996,0,6.2999997,6.2999997
polar,,,103,0.8,0,5.8799996,0,6.2999997,6.2999997
polar,,,103,0.85,0,5.8799996,0,6.2999997,6.2999997
polar,,,103,0.9,0,5.8799996,0,6.2999997,6.2999997
polar,,,103,0.95,0,5.8799996,0,6.2999997,6.2999997
polar,,,103,1,0,5.8799996,0,6.2999997,6.2999997
polar,,,104,0,0,5.8799996,0,6.2999997,6.2999997
polar,,,104,0.05,0,5.8799996,0,6.2999997,6.2999997
polar,,,104,0.1,0,5.8799996,0,6.2999997,6.2999997
polar,,,104,0.15,0,5.8799996,0,6.2999997,6.2999997
polar,,,104,0.2,0,5.8799996,0,6.2999997,6.2999997
polar,,,104,0.25,0,5.8799996,0,6.2999997,6.2999997
polar,,,104,0.3,0,5.8799996,0,6.2999997,6.2999997
polar,,,104,0.35,0,5.8799996,0,6.2999997,6.2999997
polar,,,104,0.4,0,5.8799996,0,6.2999997,6.2999997
polar,,,104,0.45,0,5.8799996,0,6.2999997,6.2999997
polar,,,104,0.5,0,5.8799996,0,6.2999997,6.2999997
polar,,,104,0.55,0,5.8799996,0,6.2999997,6.2999997
polar,,,104,0.6,0,5.8799996,0,6.2999997,6.2999997
polar,,,104,0.65,0,5.8799996,0,6.2999997,6.2999997
polar,,,104,0.7,0,5.8799996,0,6.2999997,6.2999997
polar,,,104,0.75,0,5.8799996,0,6.2999997,6.2999997
polar,,,104,0.8,0,5.8799996,0,6.2999997,6.2999997
polar,,,104,0.85,0,5.8799996,0,6.2999997,6.2999997
polar,,,104,0.9,0,5.8799996,0,6.2999997,6.2999997
polar,,,104,0.95,0,5.8799996,0,6.2999997,6.2999997
polar,,,104,1,0,5.8799996,0,6.2999997,6.2999997
polar,,,105,0,0,5.8799996,0,6.2999997,6.2999997
polar,,,105,0.05,0,5.8799996,0,6.2999997,6.2999997
polar,,,105,0.1,0,5.8799996,0,6.2999997,6.2999997
polar,,,105,0.15,0,5.8799996,0,6.2999997,6.2999997
polar,,,105,0.2,0,5.8799996,0,6.2999997,6.2999997
polar,,,105,0.25,0,5.8799996,0,6.2999997,6.2999997
polar,,,105,0.3,0,5.8799996,0,6.2999997,6.2999997
polar,,,105,0.35,0,5.8799996,0,6.2999997,6.2999997
polar,,,105,0.4,0,5.8799996,0,6.2999997,6.2999997
polar,,,105,0.45,0,5.8799996,0,6.2999997,6.2999997
polar,,,105,0.5,0,5.8799996,0,6.2999997,6.2999997
polar,,,105,0.55,0,5.8799996,0,6.2999997,6.2999997
polar,,,105,0.6,0,5.8799996,0,6.2999997,6.2999997
polar,,,105,0.65,0,5.8799996,0,6.2999997,6.2999997
polar,,,105,0.7,0,5.8799996,0,6.2999997,6.2999997
polar,,,105,0.75,0,5.8799996,0,6.2999997,6.2999997
polar,,,105,0.8,0,5.8799996,0,6.2999997,6.2999997
polar,,,105,0.85,0,5.8799996,0,6.2999997,6.2999997
polar,,,105,0.9,0,5.8799996,0,6.2999997,6.2999997
polar,,,105,0.95,0,5.8799996,0,6.2999997,6.2999997
polar,,,105,1,0,5.8799996,0,6.2999997,6.2999997
polar,,,106,0,0,5.8799996,0,6.2999997,6.2999997
polar,,,106,0.05,0,5.8799996,0,6.2999997,6.2999997
polar,,,106,0.1,0,5.8799996,0,6.2999997,6.2999997
polar,,,106,0.15,0,5.8799996,0,6.2999997,6.2999997
polar,,,106,0.2,0,5.8799996,0,6.2999997,6.2999997
polar,,,106,0.25,0,5.8799996,0,6.2999997,6.2999997
polar,,,106,0.3,0,5.8799996,0,6.2999997,6.2999997
polar,,,106,0.35,0,5.8799996,0,6.2999997,6.2999997
polar,,,106,0.4,0,5.8799996,0,6.2999997,6.2999997
polar,,,106,0.45,0,5.8799996,0,6.2999997,6.2999997
polar,,,106,0.5,0,5.8799996,0,6.2999997,6.2999997
polar,,,106,0.55,0,5.8799996,0,6.2999997,6.2999997
polar,,,106,0.6,0,5.8799996,0,6.2999997,6.2999997
polar,,,106,0.65,0,5.8799996,0,6.2999997,6.2999997
polar,,,106,0.7,0,5.8799996,0,6.2999997,6.2999997
polar,,,106,0.75,0,5.8799996,0,6.2999997,6.2999997
polar,,,106,0.8,0,5.8799996,0,6.2999997,6.2999997
polar,,,106,0.85,0,5.8799996,0,6.2999997,6.2999997
polar,,,106,0.9,0,5.8799996,0,6.2999997,6.2999997
polar,,,106,0.95,0,5.8799996,0,6.2999997,6.2999997
polar,,,106,1,0,5.8799996,0,6.2999997,6.2999997
polar,,,107,0,0,5.8799996,0,6.2999997,6.2999997
polar,,,107,0.05,0,5.8799996,0,6.2999997,6.2999997
polar,,,107,0.1,0,5.8799996,0,6.2999997,6.2999997
polar,,,107,0.15,0,5.8799996,0,6.2999997,6.2999997
polar,,,107,0.2,0,5.8799996,0,6.2999997,6.2999997
polar,,,107,0.25,0,5.8799996,0,6.2999997,6.2999997
polar,,,107,0.3,0,5.8799996,0,6.2999997,6.2999997
polar,,,107,0.35,0,5.8799996,0,6.2999997,6.2999997
polar,,,107,0.4,0,5.8799996,0,6.2999997,6.2999997
polar,,,107,0.45,0,5.8799996,0,6.2999997,6.2999997
polar,,,107,0.5,0,5.8799996,0,6.2999997,6.2999997
polar,,,107,0.55,0,5.8799996,0,6.2999997,6.2999997
polar,,,107,0.6,0,5.8799996,0,6.2999997,6.2999997
polar,,,107,0.65,0,5.8799996,0,6.2999997,6.2999997
polar,,,107,0.7,0,5.8799996,0,6.2999997,6.2999997
polar,,,107,0.75,0,5.8799996,0,6.2999997,6.2999997
polar,,,107,0.8,0,5.8799996,0,6.2999997,6.2999997
polar,,,107,0.85,0,5.8799996,0,6.2999997,6.2999997
polar,,,107,0.9,0,5.8799996,0,6.2999997,6.2999997
polar,,,107,0.95,0,5.8799996,0,6.2999997,6.2999997
polar,,,107,1,0,5.8799996,0,6.2999997,6.2999997
polar,,,108,0,0,5.8799996,0,6.2999997,6.2999997
polar,,,108,0.05,0,5.8799996,0,6.2999997,6.2999997
polar,,,108,0.1,0,5.8799996,0,6.2999997,6.2999997
polar,,,108,0.15,0,5.8799996,0,6.2999997,6.2999997
polar,,,108,0.2,0,5.8799996,0,6.2999997,6.2999997
polar,,,108,0.25,0,5.8799996,0,6.2999997,6.2999997
polar,,,108,0.3,0,5.8799996,0,6.2999997,6.2999997
polar,,,108,0.35,0,5.8799996,0,6.2999997,6.2999997
polar,,,108,0.4,0,5.8799996,0,6.2999997,6.2999997
polar,,,108,0.45,0,5.8799996,0,6.2999997,6.2999997
polar,,,108,0.5,0,5.8799996,0,6.2999997,6.2999997
polar,,,108,0.55,0,5.8799996,0,6.2999997,6.2999997
polar,,,108,0.6,0,5.8799996,0,6.2999997,6.2999997
polar,,,108,0.65,0,5.8799996,0,6.2999997,6.2999997
polar,,,108,0.7,0,5.8799996,0,6.2999997,6.2999997
polar,,,108,0.75,0,5.8799996,0,6.2999997,6.2999997
polar,,,108,0.8,0,5.8799996,0,6.2999997,6.2999997
polar,,,108,0.85,0,5.8799996,0,6.2999997,6.2999997
polar,,,108,0.9,0,5.8799996,0,6.2999997,6.2999997
polar,,,108,0.95,0,5.8799996,0,6.2999997,6.2999997
polar,,,108,1,0,5.8799996,0,6.2999997,6.2999997
polar,,,109,0,0,5.8799996,0,6.2999997,6.2999997
polar,,,109,0.05,0,5.8799996,0,6.2999997,6.2999997
polar,,,109,0.1,0,5.8799996,0,6.2999997,6.2999997
polar,,,109,0.15,0,5.8799996,0,6.2999997,6.2999997
polar,,,109,0.2,0,5.8799996,0,6.2999997,6.2999997
polar,,,109,0.25,0,5.8799996,0,6.2999997,6.2999997
polar,,,109,0.3,0,5.8799996,0,6.2999997,6.2999997
polar,,,109,0.35,0,5.8799996,0,6.2999997,6.2999997
polar,,,109,0.4,0,5.8799996,0,6.2999997,6.2999997
polar,,,109,0.45,0,5.8799996,0,6.2999997,6.2999997
polar,,,109,0.5,0,5.8799996,0,6.2999997,6.2999997
polar,,,109,0.55,0,5.8799996,0,6.2999997,6.2999997
polar,,,109,0.6,0,5.8799996,0,6.2999997,6.2999997
polar,,,109,0.65,0,5.8799996,0,6.2999997,6.2999997
polar,,,109,0.7,0,5.8799996,0,6.2999997,6.2999997
polar,,,109,0.75,0,5.8799996,0,6.2999997,6.2999997
polar,,,109,0.8,0,5.8799996,0,6.2999997,6.2999997
polar,,,109,0.85,0,5.8799996,0,6.2999997,6.2999997
polar,,,109,0.9,0,5.8799996,0,6.2999997,6.2999997
polar,,,109,0.95,0,5.8799996,0,6.2999997,6.2999997
polar,,,109,1,0,5.8799996,0,6.2999997,6.2999997
polar,,,110,0,0,5.8799996,0,6.2999997,6.2999997
polar,,,110,0.05,0,5.8799996,0,6.2999997,6.2999997
polar,,,110,0.1,0,5.8799996,0,6.2999997,6.2999997
polar,,,110,0.15,0,5.8799996,0,6.2999997,6.2999997
polar,,,110,0.2,0,5.8799996,0,6.2999997,6.2999997
polar,,,110,0.25,0,5.8799996,0,6.2999997,6.2999997
polar,,,110,0.3,0,5.8799996,0,6.2999997,6.2999997
polar,,,110,0.35,0,5.8799996,0,6.2999997,6.2999997
polar,,,110,0.4,0,5.8799996,0,6.2999997,6.2999997
polar,,,110,0.45,0,5.8799996,0,6.2999997,6.2999997
polar,,,110,0.5,0,5.8799996,0,6.2999997,6.2999997
polar,,,110,0.55,0,5.8799996,0,6.2999997,6.2999997
polar,,,110,0.6,0,5.8799996,0,6.2999997,6.2999997
polar,,,110,0.65,0,5.8799996,0,6.2999997,6.2999997
polar,,,110,0.7,0,5.8799996,0,6.2999997,6.2999997
polar,,,110,0.75,0,5.8799996,0,6.2999997,6.2999997
polar,,,110,0.8,0,5.8799996,0,6.2999997,6.2999997
polar,,,110,0.85,0,5.8799996,0,6.2999997,6.2999997
polar,,,110,0.9,0,5.8799996,0,6.2999997,6.2999997
polar,,,110,0.95,0,5.8799996,0,6.2999997,6.2999997
polar,,,110,1,0,5.8799996,0,6.2999997,6.2999997
polar,,,111,0,0,5.8799996,0,6.2999997,6.2999997
polar,,,111,0.05,0,5.8799996,0,6.2999997,6.2999997
polar,,,111,0.1,0,5.8799996,0,6.2999997,6.2999997
polar,,,111,0.15,0,5.8799996,0,6.2999997,6.2999997
polar,,,111,0.2,0,5.8799996,0,6.2999997,6.2999997
polar,,,111,0.25,0,5.8799996,0,6.2999997,6.2999997
polar,,,111,0.3,0,5.8799996,0,6.2999997,6.2999997
polar,,,111,0.35,0,5.8799996,0,6.2999997,6.2999997
polar,,,111,0.4,0,5.8799996,0,6.2999997,6.2999997
polar,,,111,0.45,0,5.8799996,0,6.2999997,6.2999997
polar,,,111,0.5,0,5.8799996,0,6.2999997,6.2999997
polar,,,111,0.55,0,5.8799996,0,6.2999997,6.2999997
polar,,,111,0.6,0,5.8799996,0,6.2999997,6.2999997
polar,,,111,0.65,0,5.8799996,0,6.2999997,6.2999997
polar,,,111,0.7,0,5.8799996,0,6.2999997,6.2999997
polar,,,111,0.75,0,5.8799996,0,6.2999997,6.2999997
polar,,,111,0.8,0,5.8799996,0,6.2999997,6.2999997
polar,,,111,0.85,0,5.8799996,0,6.2999997,6.2999997
polar,,,111,0.9,0,5.8799996,0,6.2999997,6.2999997
polar,,,111,0.95,0,5.8799996,0,6.2999997,6.2999997
polar,,,111,1,0,5.8799996,0,6.2999997,6.2999997
polar,,,112,0,0,5.8799996,0,6.2999997,6.2999997
polar,,,112,0.05,0,5.8799996,0,6.2999997,6.2999997
polar,,,112,0.1,0,5.8799996,0,6.2999997,6.2999997
polar,,,112,0.15,0,5.8799996,0,6.2999997,6.2999997
polar,,,112,0.2,0,5.8799996,0,6.2999997,6.2999997
polar,,,112,0.25,0,5.8799996,0,6.2999997,6.2999997
polar,,,112,0.3,0,5.8799996,0,6.2999997,6.2999997
polar,,,112,0.35,0,5.8799996,0,6.2999997,6.2999997
polar,,,112,0.4,0,5.8799996,0,6.2999997,6.2999997
polar,,,112,0.45,0,5.8799996,0,6.2999997,6.2999997
polar,,,112,0.5,0,5.8799996,0,6.2999997,6.2999997
polar,,,112,0.55,0,5.8799996,0,6.2999997,6.2999997
polar,,,112,0.6,0,5.8799996,0,6.2999997,6.2999997
polar,,,112,0.65,0,5.8799996,0,6.2999997,6.2999997
polar,,,112,0.7,0,5.8799996,0,6.2999997,6.2999997
polar,,,112,0.75,0,5.8799996,0,6.2999997,6.2999997
polar,,,112,0.8,0,5.8799996,0,6.2999997,6.2999997
polar,,,112,0.85,0,5.8799996,0,6.2999997,6.2999997
polar,,,112,0.9,0,5.8799996,0,6.2999997,6.2999997
polar,,,112,0.95,0,5.8799996,0,6.2999997,6.2999997
polar,,,112,1,0,5.8799996,0,6.2999997,6.2999997
polar,,,113,0,0,5.8799996,0,6.2999997,6.2999997
polar,,,113,0.05,0,5.8799996,0,6.2999997,6.2999997
polar,,,113,0.1,0,5.8799996,0,6.2999997,6.2999997
polar,,,113,0.15,0,5.8799996,0,6.2999997,6.2999997
polar,,,113,0.2,0,5.8799996,0,6.2999997,6.2999997
polar,,,113,0.25,0,5.8799996,0,6.2999997,6.2999997
polar,,,113,0.3,0,5.8799996,0,6.2999997,6.2999997
polar,,,113,0.35,0,5.8799996,0,6.2999997,6.2999997
polar,,,113,0.4,0,5.8799996,0,6.2999997,6.2999997
polar,,,113,0.45,0,5.8799996,0,6.2999997,6.2999997
polar,,,113,0.5,0,5.8799996,0,6.2999997,6.2999997
polar,,,113,0.55,0,5.8799996,0,6.2999997,6.2999997
polar,,,113,0.6,0,5.8799996,0,6.2999997,6.2999997
polar,,,113,0.65,0,5.8799996,0,6.2999997,6.2999997
polar,,,113,0.7,0,5.8799996,0,6.2999997,6.2999997
polar,,,113,0.75,0,5.8799996,0,6.2999997,6.2999997
polar,,,113,0.8,0,5.8799996,0,6.2999997,6.2999997
polar,,,113,0.85,0,5.8799996,0,6.2999997,6.2999997
polar,,,113,0.9,0,5.8799996,0,6.2999997,6.2999997
polar,,,113,0.95,0,5.8799996,0,6.2999997,6.2999997
polar,,,113,1,0,5.8799996,0,6.2999997,6.2999997
polar,,,114,0,0,5.8799996,0,6.2999997,6.2999997
polar,,,114,0.05,0,5.8799996,0,6.2999997,6.2999997
polar,,,114,0.1,0,5.8799996,0,6.2999997,6.2999997
polar,,,114,0.15,0,5.8799996,0,6.2999997,6.2999997
polar,,,114,0.2,0,5.8799996,0,6.2999997,6.2999997
polar,,,114,0.25,0,5.8799996,0,6.2999997,6.2999997
polar,,,114,0.3,0,5.8799996,0,6.2999997,6.2999997
polar,,,114,0.35,0,5.8799996,0,6.2999997,6.2999997
polar,,,114,0.4,0,5.8799996,0,6.2999997,6.2999997
polar,,,114,0.45,0,5.8799996,0,6.2999997,6.2999997
polar,,,114,0.5,0,5.8799996,0,6.2999997,6.2999997
polar,,,114,0.55,0,5.8799996,0,6.2999997,6.2999997
polar,,,114,0.6,0,5.8799996,0,6.2999997,6.2999997
polar,,,114,0.65,0,5.8799996,0,6.2999997,6.2999997
polar,,,114,0.7,0,5.8799996,0,6.2999997,6.2999997
polar,,,114,0.75,0,5.8799996,0,6.2999997,6.2999997
polar,,,114,0.8,0,5.8799996,0,6.2999997,6.2999997
polar,,,114,0.85,0,5.8799996,0,6.2999997,6.2999997
polar,,,114,0.9,0,5.8799996,0,6.2999997,6.2999997
polar,,,114,0.95,0,5.8799996,0,6.2999997,6.2999997
polar,,,114,1,0,5.8799996,0,6.2999997,6.2999997
polar,,,115,0,0,5.8799996,0,6.2999997,6.2999997
polar,,,115,0.05,0,5.8799996,0,6.2999997,6.2999997
polar,,,115,0.1,0,5.8799996,0,6.2999997,6.2999997
polar,,,115,0.15,0,5.8799996,0,6.2999997,6.2999997
polar,,,115,0.2,0,5.8799996,0,6.2999997,6.2999997
polar,,,115,0.25,0,5.8799996,0,6.2999997,6.2999997
polar,,,115,0.3,0,5.8799996,0,6.2999997,6.2999997
polar,,,115,0.35,0,5.8799996,0,6.2999997,6.2999997
polar,,,115,0.4,0,5.8799996,0,6.2999997,6.2999997
polar,,,115,0.45,0,5.8799996,0,6.2999997,6.2999997
polar,,,115,0.5,0,5.8799996,0,6.2999997,6.2999997
polar,,,115,0.55,0,5.8799996,0,6.2999997,6.2999997
polar,,,115,0.6,0,5.8799996,0,6.2999997,6.2999997
polar,,,115,0.65,0,5.8799996,0,6.2999997,6.2999997
polar,,,115,0.7,0,5.8799996,0,6.2999997,6.2999997
polar,,,115,0.75,0,5.8799996,0,6.2999997,6.2999997
polar,,,115,0.8,0,5.8799996,0,6.2999997,6.2999997
polar,,,115,0.85,0,5.8799996,0,6.2999997,6.2999997
polar,,,115,0.9,0,5.8799996,0,6.2999997,6.2999997
polar,,,115,0.95,0,5.8799996,0,6.2999997,6.2999997
polar,,,115,1,0,5.8799996,0,6.2999997,6.2999997
polar,,,116,0,0,5.8799996,0,6.2999997,6.2999997
polar,,,116,0.05,0,5.8799996,0,6.2999997,6.2999997
polar,,,116,0.1,0,5.8799996,0,6.2999997,6.2999997
polar,,,116,0.15,0,5.8799996,0,6.2999997,6.2999997
polar,,,116,0.2,0,5.8799996,0,6.2999997,6.2999997
polar,,,116,0.25,0,5.8799996,0,6.2999997,6.2999997
polar,,,116,0.3,0,5.8799996,0,6.2999997,6.2999997
polar,,,116,0.35,0,5.8799996,0,6.2999997,6.2999997
polar,,,116,0.4,0,5.8799996,0,6.2999997,6.2999997
polar,,,116,0.45,0,5.8799996,0,6.2999997,6.2999997
polar,,,116,0.5,0,5.8799996,0,6.2999997,6.2999997
polar,,,116,0.55,0,5.8799996,0,6.2999997,6.2999997
polar,,,116,0.6,0,5.8799996,0,6.2999997,6.2999997
polar,,,116,0.65,0,5.8799996,0,6.2999997,6.2999997
polar,,,116,0.7,0,5.8799996,0,6.2999997,6.2999997
polar,,,116,0.75,0,5.8799996,0,6.2999997,6.2999997
polar,,,116,0.8,0,5.8799996,0,6.2999997,6.2999997
polar,,,116,0.85,0,5.8799996,0,6.2999997,6.2999997
polar,,,116,0.9,0,5.8799996,0,6.2999997,6.2999997
polar,,,116,0.95,0,5.8799996,0,6.2999997,6.2999997
polar,,,116,1,0,5.8799996,0,6.2999997,6.2999997
polar,,,117,0,0,5.8799996,0,6.2999997,6.2999997
polar,,,117,0.05,0,5.8799996,0,6.2999997,6.2999997
polar,,,117,0.1,0,5.8799996,0,6.2999997,6.2999997
polar,,,117,0.15,0,5.8799996,0,6.2999997,6.2999997
polar,,,117,0.2,0,5.8799996,0,6.2999997,6.2999997
polar,,,117,0.25,0,5.8799996,0,6.2999997,6.2999997
polar,,,117,0.3,0,5.8799996,0,6.2999997,6.2999997
polar,,,117,0.35,0,5.8799996,0,6.2999997,6.2999997
polar,,,117,0.4,0,5.8799996,0,6.2999997,6.2999997
polar,,,117,0.45,0,5.8799996,0,6.2999997,6.2999997
polar,,,117,0.5,0,5.8799996,0,6.2999997,6.2999997
polar,,,117,0.55,0,5.8799996,0,6.2999997,6.2999997
polar,,,117,0.6,0,5.8799996,0,6.2999997,6.2999997
polar,,,117,0.65,0,5.8799996,0,6.2999997,6.2999997
polar,,,117,0.7,0,5.8799996,0,6.2999997,6.2999997
polar,,,117,0.75,0,5.8799996,0,6.2999997,6.2999997
polar,,,117,0.8,0,5.8799996,0,6.2999997,6.2999997
polar,,,117,0.85,0,5.8799996,0,6.2999997,6.2999997
polar,,,117,0.9,0,5.8799996,0,6.2999997,6.2999997
polar,,,117,0.95,0,5.8799996,0,6.2999997,6.2999997
polar,,,117,1,0,5.8799996,0,6.2999997,6.2999997
polar,,,118,0,0,5.8799996,0,6.2999997,6.2999997
polar,,,118,0.05,0,5.8799996,0,6.2999997,6.2999997
polar,,,118,0.1,0,5.8799996,0,6.2999997,6.2999997
polar,,,118,0.15,0,5.8799996,0,6.2999997,6.2999997
polar,,,118,0.2,0,5.8799996,0,6.2999997,6.2999997
polar,,,118,0.25,0,5.8799996,0,6.2999997,6.2999997
polar,,,118,0.3,0,5.8799996,0,6.2999997,6.2999997
polar,,,118,0.35,0,5.8799996,0,6.2999997,6.2999997
polar,,,118,0.4,0,5.8799996,0,6.2999997,6.2999997
polar,,,118,0.45,0,5.8799996,0,6.2999997,6.2999997
polar,,,118,0.5,0,5.8799996,0,6.2999997,6.2999997
polar,,,118,0.55,0,5.8799996,0,6.2999997,6.2999997
polar,,,118,0.6,0,5.8799996,0,6.2999997,6.2999997
polar,,,118,0.65,0,5.8799996,0,6.2999997,6.2999997
polar,,,118,0.7,0,5.8799996,0,6.2999997,6.2999997
polar,,,118,0.75,0,5.8799996,0,6.2999997,6.2999997
polar,,,118,0.8,0,5.8799996,0,6.2999997,6.2999997
polar,,,118,0.85,0,5.8799996,0,6.2999997,6.2999997
polar,,,118,0.9,0,5.8799996,0,6.2999997,6.2999997
polar,,,118,0.95,0,5.8799996,0,6.2999997,6.2999997
polar,,,118,1,0,5.8799996,0,6.2999997,6.2999997
polar,,,119,0,0,5.8799996,0,6.2999997,6.2999997
polar,,,119,0.05,0,5.8799996,0,6.2999997,6.2999997
polar,,,119,0.1,0,5.8799996,0,6.2999997,6.2999997
polar,,,119,0.15,0,5.8799996,0,6.2999997,6.2999997
polar,,,119,0.2,0,5.8799996,0,6.2999997,6.2999997
polar,,,119,0.25,0,5.8799996,0,6.2999997,6.2999997
polar,,,119,0.3,0,5.8799996,0,6.2999997,6.2999997
polar,,,119,0.35,0,5.8799996,0,6.2999997,6.2999997
polar,,,119,0.4,0,5.8799996,0,6.2999997,6.2999997
polar,,,119,0.45,0,5.8799996,0,6.2999997,6.2999997
polar,,,119,0.5,0,5.8799996,0,6.2999997,6.2999997
polar,,,119,0.55,0,5.8799996,0,6.2999997,6.2999997
polar,,,119,0.6,0,5.8799996,0,6.2999997,6.2999997
polar,,,119,0.65,0,5.8799996,0,6.2999997,6.2999997
polar,,,119,0.7,0,5.8799996,0,6.2999997,6.2999997
polar,,,119,0.75,0,5.8799996,0,6.2999997,6.2999997
polar,,,119,0.8,0,5.8799996,0,6.2999997,6.2999997
polar,,,119,0.85,0,5.8799996,0,6.2999997,6.2999997
polar,,,119,0.9,0,5.8799996,0,6.2999997,6.2999997
polar,,,119,0.95,0,5.8799996,0,6.2999997,6.2999997
polar,,,119,1,0,5.8799996,0,6.2999997,6.2999997
polar,,,120,0,0,5.8799996,0,6.2999997,6.2999997
polar,,,120,0.05,0,5.8799996,0,6.2999997,6.2999997
polar,,,120,0.1,0,5.8799996,0,6.2999997,6.2999997
polar,,,120,0.15,0,5.8799996,0,6.2999997,6.2999997
polar,,,120,0.2,0,5.8799996,0,6.2999997,6.2999997
polar,,,120,0.25,0,5.8799996,0,6.2999997,6.2999997
polar,,,120,0.3,0,5.8799996,0,6.2999997,6.2999997
polar,,,120,0.35,0,5.8799996,0,6.2999997,6.2999997
polar,,,120,0.4,0,5.8799996,0,6.2999997,6.2999997
polar,,,120,0.45,0,5.8799996,0,6.2999997,6.2999997
polar,,,120,0.5,0,5.8799996,0,6.2999997,6.2999997
polar,,,120,0.55,0,5.8799996,0,6.2999997,6.2999997
polar,,,120,0.6,0,5.8799996,0,6.2999997,6.2999997
polar,,,120,0.65,0,5.8799996,0,6.2999997,6.2999997
polar,,,120,0.7,0,5.8799996,0,6.2999997,6.2999997
polar,,,120,0.75,0,5.8799996,0,6.2999997,6.2999997
polar,,,120,0.8,0,5.8799996,0,6.2999997,6.2999997
polar,,,120,0.85,0,5.8799996,0,6.2999997,6.2999997
polar,,,120,0.9,0,5.8799996,0,6.2999997,6.2999997
polar,,,120,0.95,0,5.8799996,0,6.2999997,6.2999997
polar,,,120,1,0,5.8799996,0,6.2999997,6.2999997
polar,,,121,0,0,5.8799996,0,6.2999997,6.2999997
polar,,,121,0.05,0,5.8799996,0,6.2999997,6.2999997
polar,,,121,0.1,0,5.8799996,0,6.2999997,6.2999997
polar,,,121,0.15,0,5.8799996,0,6.2999997,6.2999997
polar,,,121,0.2,0,5.8799996,0,6.2999997,6.2999997
polar,,,121,0.25,0,5.8799996,0,6.2999997,6.2999997
polar,,,121,0.3,0,5.8799996,0,6.2999997,6.2999997
polar,,,121,0.35,0,5.8799996,0,6.2999997,6.2999997
polar,,,121,0.4,0,5.8799996,0,6.2999997,6.2999997
polar,,,121,0.45,0,5.8799996,0,6.2999997,6.2999997
polar,,,121,0.5,0,5.8799996,0,6.2999997,6.2999997
polar,,,121,0.55,0,5.8799996,0,6.2999997,6.2999997
polar,,,121,0.6,0,5.8799996,0,6.2999997,6.2999997
polar,,,121,0.65,0,5.8799996,0,6.2999997,6.2999997
polar,,,121,0.7,0,5.8799996,0,6.2999997,6.2999997
polar,,,121,0.75,0,5.8799996,0,6.2999997,6.2999997
polar,,,121,0.8,0,5.8799996,0,6.2999997,6.2999997
polar,,,121,0.85,0,5.8799996,0,6.2999997,6.2999997
polar,,,121,0.9,0,5.8799996,0,6.2999997,6.2999997
polar,,,121,0.95,0,5.8799996,0,6.2999997,6.2999997
polar,,,121,1,0,5.8799996,0,6.2999997,6.2999997
polar,,,122,0,0,5.8799996,0,6.2999997,6.2999997
polar,,,122,0.05,0,5.8799996,0,6.2999997,6.2999997
polar,,,122,0.1,0,5.8799996,0,6.2999997,6.2999997
polar,,,122,0.15,0,5.8799996,0,6.2999997,6.2999997
polar,,,122,0.2,0,5.8799996,0,6.2999997,6.2999997
polar,,,122,0.25,0,5.8799996,0,6.2999997,6.2999997
polar,,,122,0.3,0,5.8799996,0,6.2999997,6.2999997
polar,,,122,0.35,0,5.8799996,0,6.2999997,6.2999997
polar,,,122,0.4,0,5.8799996,0,6.2999997,6.2999997
polar,,,122,0.45,0,5.8799996,0,6.2999997,6.2999997
polar,,,122,0.5,0,5.8799996,0,6.2999997,6.2999997
polar,,,122,0.55,0,5.8799996,0,6.2999997,6.2999997
polar,,,122,0.6,0,5.8799996,0,6.2999997,6.2999997
polar,,,122,0.65,0,5.8799996,0,6.2999997,6.2999997
polar,,,122,0.7,0,5.8799996,0,6.2999997,6.2999997
polar,,,122,0.75,0,5.8799996,0,6.2999997,6.2999997
polar,,,122,0.8,0,5.8799996,0,6.2999997,6.2999997
polar,,,122,0.85,0,5.8799996,0,6.2999997,6.2999997
polar,,,122,0.9,0,5.8799996,0,6.2999997,6.2999997
polar,,,122,0.95,0,5.8799996,0,6.2999997,6.2999997
polar,,,122,1,0,5.8799996,0,6.2999997,6.2999997
polar,,,123,0,0,5.8799996,0,6.2999997,6.2999997
polar,,,123,0.05,0,5.8799996,0,6.2999997,6.2999997
polar,,,123,0.1,0,5.8799996,0,6.2999997,6.2999997
polar,,,123,0.15,0,5.8799996,0,6.2999997,6.2999997
polar,,,123,0.2,0,5.8799996,0,6.2999997,6.2999997
polar,,,123,0.25,0,5.8799996,0,6.2999997,6.2999997
polar,,,123,0.3,0,5.8799996,0,6.2999997,6.2999997
polar,,,123,0.35,0,5.8799996,0,6.2999997,6.2999997
polar,,,123,0.4,0,5.8799996,0,6.2999997,6.2999997
polar,,,123,0.45,0,5.8799996,0,6.2999997,6.2999997
polar,,,123,0.5,0,5.8799996,0,6.2999997,6.2999997
polar,,,123,0.55,0,5.8799996,0,6.2999997,6.2999997
polar,,,123,0.6,0,5.8799996,0,6.2999997,6.2999997
polar,,,123,0.65,0,5.8799996,0,6.2999997,6.2999997
polar,,,123,0.7,0,5.8799996,0,6.2999997,6.2999997
polar,,,123,0.75,0,5.8799996,0,6.2999997,6.2999997
polar,,,123,0.8,0,5.8799996,0,6.2999997,6.2999997
polar,,,123,0.85,0,5.8799996,0,6.2999997,6.2999997
polar,,,123,0.9,0,5.8799996,0,6.2999997,6.2999997
polar,,,123,0.95,0,5.8799996,0,6.2999997,6.2999997
polar,,,123,1,0,5.8799996,0,6.2999997,6.2999997
polar,,,124,0,0,5.8799996,0,6.2999997,6.2999997
polar,,,124,0.05,0,5.8799996,0,6.2999997,6.2999997
polar,,,124,0.1,0,5.8799996,0,6.2999997,6.2999997
polar,,,124,0.15,0,5.8799996,0,6.2999997,6.2999997
polar,,,124,0.2,0,5.8799996,0,6.2999997,6.2999997
polar,,,124,0.25,0,5.8799996,0,6.2999997,6.2999997
polar,,,124,0.3,0,5.8799996,0,6.2999997,6.2999997
polar,,,124,0.35,0,5.8799996,0,6.2999997,6.2999997
polar,,,124,0.4,0,5.8799996,0,6.2999997,6.2999997
polar,,,124,0.45,0,5.8799996,0,6.2999997,6.2999997
polar,,,124,0.5,0,5.8799996,0,6.2999997,6.2999997
polar,,,124,0.55,0,5.8799996,0,6.2999997,6.2999997
polar,,,124,0.6,0,5.8799996,0,6.2999997,6.2999997
polar,,,124,0.65,0,5.8799996,0,6.2999997,6.2999997
polar,,,124,0.7,0,5.8799996,0,6.2999997,6.2999997
polar,,,124,0.75,0,5.8799996,0,6.2999997,6.2999997
polar,,,124,0.8,0,5.8799996,0,6.2999997,6.2999997
polar,,,124,0.85,0,5.8799996,0,6.2999997,6.2999997
polar,,,124,0.9,0,5.8799996,0,6.2999997,6.2999997
polar,,,124,0.95,0,5.8799996,0,6.2999997,6.2999997
polar,,,124,1,0,5.8799996,0,6.2999997,6.2999997
polar,,,125,0,0,5.8799996,0,6.2999997,6.2999997
polar,,,125,0.05,0,5.8799996,0,6.2999997,6.2999997
polar,,,125,0.1,0,5.8799996,0,6.2999997,6.2999997
polar,,,125,0.15,0,5.8799996,0,6.2999997,6.2999997
polar,,,125,0.2,0,5.8799996,0,6.2999997,6.2999997
polar,,,125,0.25,0,5.8799996,0,6.2999997,6.2999997
polar,,,125,0.3,0,5.8799996,0,6.2999997,6.2999997
polar,,,125,0.35,0,5.8799996,0,6.2999997,6.2999997
polar,,,125,0.4,0,5.8799996,0,6.2999997,6.2999997
polar,,,125,0.45,0,5.8799996,0,6.2999997,6.2999997
polar,,,125,0.5,0,5.8799996,0,6.2999997,6.2999997
polar,,,125,0.55,0,5.8799996,0,6.2999997,6.2999997
polar,,,125,0.6,0,5.8799996,0,6.2999997,6.2999997
polar,,,125,0.65,0,5.8799996,0,6.2999997,6.2999997
polar,,,125,0.7,0,5.8799996,0,6.2999997,6.2999997
polar,,,125,0.75,0,5.8799996,0,6.2999997,6.2999997
polar,,,125,0.8,0,5.8799996,0,6.2999997,6.2999997
polar,,,125,0.85,0,5.8799996,0,6.2999997,6.2999997
polar,,,125,0.9,0,5.8799996,0,6.2999997,6.2999997
polar,,,125,0.95,0,5.8799996,0,6.2999997,6.2999997
polar,,,125,1,0,5.8799996,0,6.2999997,6.2999997
polar,,,126,0,0,5.8799996,0,6.2999997,6.2999997
polar,,,126,0.05,0,5.8799996,0,6.2999997,6.2999997
polar,,,126,0.1,0,5.8799996,0,6.2999997,6.2999997
polar,,,126,0.15,0,5.8799996,0,6.2999997,6.2999997
polar,,,126,0.2,0,5.8799996,0,6.2999997,6.2999997
polar,,,126,0.25,0,5.8799996,0,6.2999997,6.2999997
polar,,,126,0.3,0,5.8799996,0,6.2999997,6.2999997
polar,,,126,0.35,0,5.8799996,0,6.2999997,6.2999997
polar,,,126,0.4,0,5.8799996,0,6.2999997,6.2999997
polar,,,126,0.45,0,5.8799996,0,6.2999997,6.2999997
polar,,,126,0.5,0,5.8799996,0,6.2999997,6.2999997
polar,,,126,0.55,0,5.8799996,0,6.2999997,6.2999997
polar,,,126,0.6,0,5.8799996,0,6.2999997,6.2999997
polar,,,126,0.65,0,5.8799996,0,6.2999997,6.2999997
polar,,,126,0.7,0,5.8799996,0,6.2999997,6.2999997
polar,,,126,0.75,0,5.8799996,0,6.2999997,6.2999997
polar,,,126,0.8,0,5.8799996,0,6.2999997,6.2999997
polar,,,126,0.85,0,5.8799996,0,6.2999997,6.2999997
polar,,,126,0.9,0,5.8799996,0,6.2999997,6.2999997
polar,,,126,0.95,0,5.8799996,0,6.2999997,6.2999997
polar,,,126,1,0,5.8799996,0,6.2999997,6.2999997
polar,,,127,0,0,5.8799996,0,6.2999997,6.2999997
polar,,,127,0.05,0,5.8799996,0,6.2999997,6.2999997
polar,,,127,0.1,0,5.8799996,0,6.2999997,6.2999997
polar,,,127,0.15,0,5.8799996,0,6.2999997,6.2999997
polar,,,127,0.2,0,5.8799996,0,6.2999997,6.2999997
polar,,,127,0.25,0,5.8799996,0,6.2999997,6.2999997
polar,,,127,0.3,0,5.8799996,0,6.2999997,6.2999997
polar,,,127,0.35,0,5.8799996,0,6.2999997,6.2999997
polar,,,127,0.4,0,5.8799996,0,6.2999997,6.2999997
polar,,,127,0.45,0,5.8799996,0,6.2999997,6.2999997
polar,,,127,0.5,0,5.8799996,0,6.2999997,6.2999997
polar,,,127,0.55,0,5.8799996,0,6.2999997,6.2999997
polar,,,127,0.6,0,5.8799996,0,6.2999997,6.2999997
polar,,,127,0.65,0,5.8799996,0,6.2999997,6.2999997
polar,,,127,0.7,0,5.8799996,0,6.2999997,6.2999997
polar,,,127,0.75,0,5.8799996,0,6.2999997,6.2999997
polar,,,127,0.8,0,5.8799996,0,6.2999997,6.2999997
polar,,,127,0.85,0,5.8799996,0,6.2999997,6.2999997
polar,,,127,0.9,0,5.8799996,0,6.2999997,6.2999997
polar,,,127,0.95,0,5.8799996,0,6.2999997,6.2999997
polar,,,127,1,0,5.8799996,0,6.2999997,6.2999997
polar,,,128,0,0,5.8799996,0,6.2999997,6.2999997
polar,,,128,0.05,0,5.8799996,0,6.2999997,6.2999997
polar,,,128,0.1,0,5.8799996,0,6.2999997,6.2999997
polar,,,128,0.15,0,5.8799996,0,6.2999997,6.2999997
polar,,,128,0.2,0,5.8799996,0,6.2999997,6.2999997
polar,,,128,0.25,0,5.8799996,0,6.2999997,6.2999997
polar,,,128,0.3,0,5.8799996,0,6.2999997,6.2999997
polar,,,128,0.35,0,5.8799996,0,6.2999997,6.2999997
polar,,,128,0.4,0,5.8799996,0,6.2999997,6.2999997
polar,,,128,0.45,0,5.8799996,0,6.2999997,6.2999997
polar,,,128,0.5,0,5.8799996,0,6.2999997,6.2999997
polar,,,128,0.55,0,5.8799996,0,6.2999997,6.2999997
polar,,,128,0.6,0,5.8799996,0,6.2999997,6.2999997
polar,,,128,0.65,0,5.8799996,0,6.2999997,6.2999997
polar,,,128,0.7,0,5.8799996,0,6.2999997,6.2999997
polar,,,128,0.75,0,5.8799996,0,6.2999997,6.2999997
polar,,,128,0.8,0,5.8799996,0,6.2999997,6.2999997
polar,,,128,0.85,0,5.8799996,0,6.2999997,6.2999997
polar,,,128,0.9,0,5.8799996,0,6.2999997,6.2999997
polar,,,128,0.95,0,5.8799996,0,6.2999997,6.2999997
polar,,,128,1,0,5.8799996,0,6.2999997,6.2999997
polar,,,129,0,0,5.8799996,0,6.2999997,6.2999997
polar,,,129,0.05,0,5.8799996,0,6.2999997,6.2999997
polar,,,129,0.1,0,5.8799996,0,6.2999997,6.2999997
polar,,,129,0.15,0,5.8799996,0,6.2999997,6.2999997
polar,,,129,0.2,0,5.8799996,0,6.2999997,6.2999997
polar,,,129,0.25,0,5.8799996,0,6.2999997,6.2999997
polar,,,129,0.3,0,5.8799996,0,6.2999997,6.2999997
polar,,,129,0.35,0,5.8799996,0,6.2999997,6.2999997
polar,,,129,0.4,0,5.8799996,0,6.2999997,6.2999997
polar,,,129,0.45,0,5.8799996,0,6.2999997,6.2999997
polar,,,129,0.5,0,5.8799996,0,6.2999997,6.2999997
polar,,,129,0.55,0,5.8799996,0,6.2999997,6.2999997
polar,,,129,0.6,0,5.8799996,0,6.2999997,6.2999997
polar,,,129,0.65,0,5.8799996,0,6.2999997,6.2999997
polar,,,129,0.7,0,5.8799996,0,6.2999997,6.2999997
polar,,,129,0.75,0,5.8799996,0,6.2999997,6.2999997
polar,,,129,0.8,0,5.8799996,0,6.2999997,6.2999997
polar,,,129,0.85,0,5.8799996,0,6.2999997,6.2999997
polar,,,129,0.9,0,5.8799996,0,6.2999997,6.2999997
polar,,,129,0.95,0,5.8799996,0,6.2999997,6.2999997
polar,,,129,1,0,5.8799996,0,6.2999997,6.2999997
polar,,,130,0,0,5.8799996,0,6.2999997,6.2999997
polar,,,130,0.05,0,5.8799996,0,6.2999997,6.2999997
polar,,,130,0.1,0,5.8799996,0,6.2999997,6.2999997
polar,,,130,0.15,0,5.8799996,0,6.2999997,6.2999997
polar,,,130,0.2,0,5.8799996,0,6.2999997,6.2999997
polar,,,130,0.25,0,5.8799996,0,6.2999997,6.2999997
polar,,,130,0.3,0,5.8799996,0,6.2999997,6.2999997
polar,,,130,0.35,0,5.8799996,0,6.2999997,6.2999997
polar,,,130,0.4,0,5.8799996,0,6.2999997,6.2999997
polar,,,130,0.45,0,5.8799996,0,6.2999997,6.2999997
polar,,,130,0.5,0,5.8799996,0,6.2999997,6.2999997
polar,,,130,0.55,0,5.8799996,0,6.2999997,6.2999997
polar,,,130,0.6,0,5.8799996,0,6.2999997,6.2999997
polar,,,130,0.65,0,5.8799996,0,6.2999997,6.2999997
polar,,,130,0.7,0,5.8799996,0,6.2999997,6.2999997
polar,,,130,0.75,0,5.8799996,0,6.2999997,6.2999997
polar,,,130,0.8,0,5.8799996,0,6.2999997,6.2999997
polar,,,130,0.85,0,5.8799996,0,6.2999997,6.2999997
polar,,,130,0.9,0,5.8799996,0,6.2999997,6.2999997
polar,,,130,0.95,0,5.8799996,0,6.2999997,6.2999997
polar,,,130,1,0,5.8799996,0,6.2999997,6.2999997
polar,,,131,0,0,5.8799996,0,6.2999997,6.2999997
polar,,,131,0.05,0,5.8799996,0,6.2999997,6.2999997
polar,,,131,0.1,0,5.8799996,0,6.2999997,6.2999997
polar,,,131,0.15,0,5.8799996,0,6.2999997,6.2999997
polar,,,131,0.2,0,5.8799996,0,6.2999997,6.2999997
polar,,,131,0.25,0,5.8799996,0,6.2999997,6.2999997
polar,,,131,0.3,0,5.8799996,0,6.2999997,6.2999997
polar,,,131,0.35,0,5.8799996,0,6.2999997,6.2999997
polar,,,131,0.4,0,5.8799996,0,6.2999997,6.2999997
polar,,,131,0.45,0,5.8799996,0,6.2999997,6.2999997
polar,,,131,0.5,0,5.8799996,0,6.2999997,6.2999997
polar,,,131,0.55,0,5.8799996,0,6.2999997,6.2999997
polar,,,131,0.6,0,5.8799996,0,6.2999997,6.2999997
polar,,,131,0.65,0,5.8799996,0,6.2999997,6.2999997
polar,,,131,0.7,0,5.8799996,0,6.2999997,6.2999997
polar,,,131,0.75,0,5.8799996,0,6.2999997,6.2999997
polar,,,131,0.8,0,5.8799996,0,6.2999997,6.2999997
polar,,,131,0.85,0,5.8799996,0,6.2999997,6.2999997
polar,,,131,0.9,0,5.8799996,0,6.2999997,6.2999997
polar,,,131,0.95,0,5.8799996,0,6.2999997,6.2999997
polar,,,131,1,0,5.8799996,0,6.2999997,6.2999997
polar,,,132,0,0,5.8799996,0,6.2999997,6.2999997
polar,,,132,0.05,0,5.8799996,0,6.2999997,6.2999997
polar,,,132,0.1,0,5.8799996,0,6.2999997,6.2999997
polar,,,132,0.15,0,5.8799996,0,6.2999997,6.2999997
polar,,,132,0.2,0,5.8799996,0,6.2999997,6.2999997
polar,,,132,0.25,0,5.8799996,0,6.2999997,6.2999997
polar,,,132,0.3,0,5.8799996,0,6.2999997,6.2999997
polar,,,132,0.35,0,5.8799996,0,6.2999997,6.2999997
polar,,,132,0.4,0,5.8799996,0,6.2999997,6.2999997
polar,,,132,0.45,0,5.8799996,0,6.2999997,6.2999997
polar,,,132,0.5,0,5.8799996,0,6.2999997,6.2999997
polar,,,132,0.55,0,5.8799996,0,6.2999997,6.2999997
polar,,,132,0.6,0,5.8799996,0,6.2999997,6.2999997
polar,,,132,0.65,0,5.8799996,0,6.2999997,6.2999997
polar,,,132,0.7,0,5.8799996,0,6.2999997,6.2999997
polar,,,132,0.75,0,5.8799996,0,6.2999997,6.2999997
polar,,,132,0.8,0,5.8799996,0,6.2999997,6.2999997
polar,,,132,0.85,0,5.8799996,0,6.2999997,6.2999997
polar,,,132,0.9,0,5.8799996,0,6.2999997,6.2999997
polar,,,132,0.95,0,5.8799996,0,6.2999997,6.2999997
polar,,,132,1,0,5.8799996,0,6.2999997,6.2999997
polar,,,133,0,0,5.8799996,0,6.2999997,6.2999997
polar,,,133,0.05,0,5.8799996,0,6.2999997,6.2999997
polar,,,133,0.1,0,5.8799996,0,6.2999997,6.2999997
polar,,,133,0.15,0,5.8799996,0,6.2999997,6.2999997
polar,,,133,0.2,0,5.8799996,0,6.2999997,6.2999997
polar,,,133,0.25,0,5.8799996,0,6.2999997,6.2999997
polar,,,133,0.3,0,5.8799996,0,6.2999997,6.2999997
polar,,,133,0.35,0,5.8799996,0,6.2999997,6.2999997
polar,,,133,0.4,0,5.8799996,0,6.2999997,6.2999997
polar,,,133,0.45,0,5.8799996,0,6.2999997,6.2999997
polar,,,133,0.5,0,5.8799996,0,6.2999997,6.2999997
polar,,,133,0.55,0,5.8799996,0,6.2999997,6.2999997
polar,,,133,0.6,0,5.8799996,0,6.2999997,6.2999997
polar,,,133,0.65,0,5.8799996,0,6.2999997,6.2999997
polar,,,133,0.7,0,5.8799996,0,6.2999997,6.2999997
polar,,,133,0.75,0,5.8799996,0,6.2999997,6.2999997
polar,,,133,0.8,0,5.8799996,0,6.2999997,6.2999997
polar,,,133,0.85,0,5.8799996,0,6.2999997,6.2999997
polar,,,133,0.9,0,5.8799996,0,6.2999997,6.2999997
polar,,,133,0.95,0,5.8799996,0,6.2999997,6.2999997
polar,,,133,1,0,5.8799996,0,6.2999997,6.2999997
polar,,,134,0,0,5.8799996,0,6.2999997,6.2999997
polar,,,134,0.05,0,5.8799996,0,6.2999997,6.2999997
polar,,,134,0.1,0,5.8799996,0,6.2999997,6.2999997
polar,,,134,0.15,0,5.8799996,0,6.2999997,6.2999997
polar,,,134,0.2,0,5.8799996,0,6.2999997,6.2999997
polar,,,134,0.25,0,5.8799996,0,6.2999997,6.2999997
polar,,,134,0.3,0,5.8799996,0,6.2999997,6.2999997
polar,,,134,0.35,0,5.8799996,0,6.2999997,6.2999997
polar,,,134,0.4,0,5.8799996,0,6.2999997,6.2999997
polar,,,134,0.45,0,5.8799996,0,6.2999997,6.2999997
polar,,,134,0.5,0,5.8799996,0,6.2999997,6.2999997
polar,,,134,0.55,0,5.8799996,0,6.2999997,6.2999997
polar,,,134,0.6,0,5.8799996,0,6.2999997,6.2999997
polar,,,134,0.65,0,5.8799996,0,6.2999997,6.2999997
polar,,,134,0.7,0,5.8799996,0,6.2999997,6.2999997
polar,,,134,0.75,0,5.8799996,0,6.2999997,6.2999997
polar,,,134,0.8,0,5.8799996,0,6.2999997,6.2999997
polar,,,134,0.85,0,5.8799996,0,6.2999997,6.2999997
polar,,,134,0.9,0,5.8799996,0,6.2999997,6.2999997
polar,,,134,0.95,0,5.8799996,0,6.2999997,6.2999997
polar,,,134,1,0,5.8799996,0,6.2999997,6.2999997
polar,,,135,0,0,5.8799996,0,6.2999997,6.2999997
polar,,,135,0.05,0,5.8799996,0,6.2999997,6.2999997
polar,,,135,0.1,0,5.8799996,0,6.2999997,6.2999997
polar,,,135,0.15,0,5.8799996,0,6.2999997,6.2999997
polar,,,135,0.2,0,5.8799996,0,6.2999997,6.2999997
polar,,,135,0.25,0,5.8799996,0,6.2999997,6.2999997
polar,,,135,0.3,0,5.8799996,0,6.2999997,6.2999997
polar,,,135,0.35,0,5.8799996,0,6.2999997,6.2999997
polar,,,135,0.4,0,5.8799996,0,6.2999997,6.2999997
polar,,,135,0.45,0,5.8799996,0,6.2999997,6.2999997
polar,,,135,0.5,0,5.8799996,0,6.2999997,6.2999997
polar,,,135,0.55,0,5.8799996,0,6.2999997,6.2999997
polar,,,135,0.6,0,5.8799996,0,6.2999997,6.2999997
polar,,,135,0.65,0,5.8799996,0,6.2999997,6.2999997
polar,,,135,0.7,0,5.8799996,0,6.2999997,6.2999997
polar,,,135,0.75,0,5.8799996,0,6.2999997,6.2999997
polar,,,135,0.8,0,5.8799996,0,6.2999997,6.2999997
polar,,,135,0.85,0,5.8799996,0,6.2999997,6.2999997
polar,,,135,0.9,0,5.8799996,0,6.2999997,6.2999997
polar,,,135,0.95,0,5.8799996,0,6.2999997,6.2999997
polar,,,135,1,0,5.8799996,0,6.2999997,6.2999997
polar,,,136,0,0,5.8799996,0,6.2999997,6.2999997
polar,,,136,0.05,0,5.8799996,0,6.2999997,6.2999997
polar,,,136,0.1,0,5.8799996,0,6.2999997,6.2999997
polar,,,136,0.15,0,5.8799996,0,6.2999997,6.2999997
polar,,,136,0.2,0,5.8799996,0,6.2999997,6.2999997
polar,,,136,0.25,0,5.8799996,0,6.2999997,6.2999997
polar,,,136,0.3,0,5.8799996,0,6.2999997,6.2999997
polar,,,136,0.35,0,5.8799996,0,6.2999997,6.2999997
polar,,,136,0.4,0,5.8799996,0,6.2999997,6.2999997
polar,,,136,0.45,0,5.8799996,0,6.2999997,6.2999997
polar,,,136,0.5,0,5.8799996,0,6.2999997,6.2999997
polar,,,136,0.55,0,5.8799996,0,6.2999997,6.2999997
polar,,,136,0.6,0,5.8799996,0,6.2999997,6.2999997
polar,,,136,0.65,0,5.8799996,0,6.2999997,6.2999997
polar,,,136,0.7,0,5.8799996,0,6.2999997,6.2999997
polar,,,136,0.75,0,5.8799996,0,6.2999997,6.2999997
polar,,,136,0.8,0,5.8799996,0,6.2999997,6.2999997
polar,,,136,0.85,0,5.8799996,0,6.2999997,6.2999997
polar,,,136,0.9,0,5.8799996,0,6.2999997,6.2999997
polar,,,136,0.95,0,5.8799996,0,6.2999997,6.2999997
polar,,,136,1,0,5.8799996,0,6.2999997,6.2999997
polar,,,137,0,0,5.8799996,0,6.2999997,6.2999997
polar,,,137,0.05,0,5.8799996,0,6.2999997,6.2999997
polar,,,137,0.1,0,5.8799996,0,6.2999997,6.2999997
polar,,,137,0.15,0,5.8799996,0,6.2999997,6.2999997
polar,,,137,0.2,0,5.8799996,0,6.2999997,6.2999997
polar,,,137,0.25,0,5.8799996,0,6.2999997,6.2999997
polar,,,137,0.3,0,5.8799996,0,6.2999997,6.2999997
polar,,,137,0.35,0,5.8799996,0,6.2999997,6.2999997
polar,,,137,0.4,0,5.8799996,0,6.2999997,6.2999997
polar,,,137,0.45,0,5.8799996,0,6.2999997,6.2999997
polar,,,137,0.5,0,5.8799996,0,6.2999997,6.2999997
polar,,,137,0.55,0,5.8799996,0,6.2999997,6.2999997
polar,,,137,0.6,0,5.8799996,0,6.2999997,6.2999997
polar,,,137,0.65,0,5.8799996,0,6.2999997,6.2999997
polar,,,137,0.7,0,5.8799996,0,6.2999997,6.2999997
polar,,,137,0.75,0,5.8799996,0,6.2999997,6.2999997
polar,,,137,0.8,0,5.8799996,0,6.2999997,6.2999997
polar,,,137,0.85,0,5.8799996,0,6.2999997,6.2999997
polar,,,137,0.9,0,5.8799996,0,6.2999997,6.2999997
polar,,,137,0.95,0,5.8799996,0,6.2999997,6.2999997
polar,,,137,1,0,5.8799996,0,6.2999997,6.2999997
polar,,,138,0,0,5.8799996,0,6.2999997,6.2999997
polar,,,138,0.05,0,5.8799996,0,6.2999997,6.2999997
polar,,,138,0.1,0,5.8799996,0,6.2999997,6.2999997
polar,,,138,0.15,0,5.8799996,0,6.2999997,6.2999997
polar,,,138,0.2,0,5.8799996,0,6.2999997,6.2999997
polar,,,138,0.25,0,5.8799996,0,6.2999997,6.2999997
polar,,,138,0.3,0,5.8799996,0,6.2999997,6.2999997
polar,,,138,0.35,0,5.8799996,0,6.2999997,6.2999997
polar,,,138,0.4,0,5.8799996,0,6.2999997,6.2999997
polar,,,138,0.45,0,5.8799996,0,6.2999997,6.2999997
polar,,,138,0.5,0,5.8799996,0,6.2999997,6.2999997
polar,,,138,0.55,0,5.8799996,0,6.2999997,6.2999997
polar,,,138,0.6,0,5.8799996,0,6.2999997,6.2999997
polar,,,138,0.65,0,5.8799996,0,6.2999997,6.2999997
polar,,,138,0.7,0,5.8799996,0,6.2999997,6.2999997
polar,,,138,0.75,0,5.8799996,0,6.2999997,6.2999997
polar,,,138,0.8,0,5.8799996,0,6.2999997,6.2999997
polar,,,138,0.85,0,5.8799996,0,6.2999997,6.2999997
polar,,,138,0.9,0,5.8799996,0,6.2999997,6.2999997
polar,,,138,0.95,0,5.8799996,0,6.2999997,6.2999997
polar,,,138,1,0,5.8799996,0,6.2999997,6.2999997
polar,,,139,0,0,5.8799996,0,6.2999997,6.2999997
polar,,,139,0.05,0,5.8799996,0,6.2999997,6.2999997
polar,,,139,0.1,0,5.8799996,0,6.2999997,6.2999997
polar,,,139,0.15,0,5.8799996,0,6.2999997,6.2999997
polar,,,139,0.2,0,5.8799996,0,6.2999997,6.2999997
polar,,,139,0.25,0,5.8799996,0,6.2999997,6.2999997
polar,,,139,0.3,0,5.8799996,0,6.2999997,6.2999997
polar,,,139,0.35,0,5.8799996,0,6.2999997,6.2999997
polar,,,139,0.4,0,5.8799996,0,6.2999997,6.2999997
polar,,,139,0.45,0,5.8799996,0,6.2999997,6.2999997
polar,,,139,0.5,0,5.8799996,0,6.2999997,6.2999997
polar,,,139,0.55,0,5.8799996,0,6.2999997,6.2999997
polar,,,139,0.6,0,5.8799996,0,6.2999997,6.2999997
polar,,,139,0.65,0,5.8799996,0,6.2999997,6.2999997
polar,,,139,0.7,0,5.8799996,0,6.2999997,6.2999997
polar,,,139,0.75,0,5.8799996,0,6.2999997,6.2999997
polar,,,139,0.8,0,5.8799996,0,6.2999997,6.2999997
polar,,,139,0.85,0,5.8799996,0,6.2999997,6.2999997
polar,,,139,0.9,0,5.8799996,0,6.2999997,6.2999997
polar,,,139,0.95,0,5.8799996,0,6.2999997,6.2999997
polar,,,139,1,0,5.8799996,0,6.2999997,6.2999997
polar,,,140,0,0,5.8799996,0,6.2999997,6.2999997
polar,,,140,0.05,0,5.8799996,0,6.2999997,6.2999997
polar,,,140,0.1,0,5.8799996,0,6.2999997,6.2999997
polar,,,140,0.15,0,5.8799996,0,6.2999997,6.2999997
polar,,,140,0.2,0,5.8799996,0,6.2999997,6.2999997
polar,,,140,0.25,0,5.8799996,0,6.2999997,6.2999997
polar,,,140,0.3,0,5.8799996,0,6.2999997,6.2999997
polar,,,140,0.35,0,5.8799996,0,6.2999997,6.2999997
polar,,,140,0.4,0,5.8799996,0,6.2999997,6.2999997
polar,,,140,0.45,0,5.8799996,0,6.2999997,6.2999997
polar,,,140,0.5,0,5.8799996,0,6.2999997,6.2999997
polar,,,140,0.55,0,5.8799996,0,6.2999997,6.2999997
polar,,,140,0.6,0,5.8799996,0,6.2999997,6.2999997
polar,,,140,0.65,0,5.8799996,0,6.2999997,6.2999997
polar,,,140,0.7,0,5.8799996,0,6.2999997,6.2999997
polar,,,140,0.75,0,5.8799996,0,6.2999997,6.2999997
polar,,,140,0.8,0,5.8799996,0,6.2999997,6.2999997
polar,,,140,0.85,0,5.8799996,0,6.2999997,6.2999997
polar,,,140,0.9,0,5.8799996,0,6.2999997,6.2999997
polar,,,140,0.95,0,5.8799996,0,6.2999997,6.2999997
polar,,,140,1,0,5.8799996,0,6.2999997,6.2999997
polar,,,141,0,0,5.8799996,0,6.2999997,6.2999997
polar,,,141,0.05,0,5.8799996,0,6.2999997,6.2999997
polar,,,141,0.1,0,5.8799996,0,6.2999997,6.2999997
polar,,,141,0.15,0,5.8799996,0,6.2999997,6.2999997
polar,,,141,0.2,0,5.8799996,0,6.2999997,6.2999997
polar,,,141,0.25,0,5.8799996,0,6.2999997,6.2999997
polar,,,141,0.3,0,5.8799996,0,6.2999997,6.2999997
polar,,,141,0.35,0,5.8799996,0,6.2999997,6.2999997
polar,,,141,0.4,0,5.8799996,0,6.2999997,6.2999997
polar,,,141,0.45,0,5.8799996,0,6.2999997,6.2999997
polar,,,141,0.5,0,5.8799996,0,6.2999997,6.2999997
polar,,,141,0.55,0,5.8799996,0,6.2999997,6.2999997
polar,,,141,0.6,0,5.8799996,0,6.2999997,6.2999997
polar,,,141,0.65,0,5.8799996,0,6.2999997,6.2999997
polar,,,141,0.7,0,5.8799996,0,6.2999997,6.2999997
polar,,,141,0.75,0,5.8799996,0,6.2999997,6.2999997
polar,,,141,0.8,0,5.8799996,0,6.2999997,6.2999997
polar,,,141,0.85,0,5.8799996,0,6.2999997,6.2999997
polar,,,141,0.9,0,5.8799996,0,6.2999997,6.2999997
polar,,,141,0.95,0,5.8799996,0,6.2999997,6.2999997
polar,,,141,1,0,5.8799996,0,6.2999997,6.2999997
polar,,,142,0,0,5.8799996,0,6.2999997,6.2999997
polar,,,142,0.05,0,5.8799996,0,6.2999997,6.2999997
polar,,,142,0.1,0,5.8799996,0,6.2999997,6.2999997
polar,,,142,0.15,0,5.8799996,0,6.2999997,6.2999997
polar,,,142,0.2,0,5.8799996,0,6.2999997,6.2999997
polar,,,142,0.25,0,5.8799996,0,6.2999997,6.2999997
polar,,,142,0.3,0,5.8799996,0,6.2999997,6.2999997
polar,,,142,0.35,0,5.8799996,0,6.2999997,6.2999997
polar,,,142,0.4,0,5.8799996,0,6.2999997,6.2999997
polar,,,142,0.45,0,5.8799996,0,6.2999997,6.2999997
polar,,,142,0.5,0,5.8799996,0,6.2999997,6.2999997
polar,,,142,0.55,0,5.8799996,0,6.2999997,6.2999997
polar,,,142,0.6,0,5.8799996,0,6.2999997,6.2999997
polar,,,142,0.65,0,5.8799996,0,6.2999997,6.2999997
polar,,,142,0.7,0,5.8799996,0,6.2999997,6.2999997
polar,,,142,0.75,0,5.8799996,0,6.2999997,6.2999997
polar,,,142,0.8,0,5.8799996,0,6.2999997,6.2999997
polar,,,142,0.85,0,5.8799996,0,6.2999997,6.2999997
polar,,,142,0.9,0,5.8799996,0,6.2999997,6.2999997
polar,,,142,0.95,0,5.8799996,0,6.2999997,6.2999997
polar,,,142,1,0,5.8799996,0,6.2999997,6.2999997
polar,,,143,0,0,5.8799996,0,6.2999997,6.2999997
polar,,,143,0.05,0,5.8799996,0,6.2999997,6.2999997
polar,,,143,0.1,0,5.8799996,0,6.2999997,6.2999997
polar,,,143,0.15,0,5.8799996,0,6.2999997,6.2999997
polar,,,143,0.2,0,5.8799996,0,6.2999997,6.2999997
polar,,,143,0.25,0,5.8799996,0,6.2999997,6.2999997
polar,,,143,0.3,0,5.8799996,0,6.2999997,6.2999997
polar,,,143,0.35,0,5.8799996,0,6.2999997,6.2999997
polar,,,143,0.4,0,5.8799996,0,6.2999997,6.2999997
polar,,,143,0.45,0,5.8799996,0,6.2999997,6.2999997
polar,,,143,0.5,0,5.8799996,0,6.2999997,6.2999997
polar,,,143,0.55,0,5.8799996,0,6.2999997,6.2999997
polar,,,143,0.6,0,5.8799996,0,6.2999997,6.2999997
polar,,,143,0.65,0,5.8799996,0,6.2999997,6.2999997
polar,,,143,0.7,0,5.8799996,0,6.2999997,6.2999997
polar,,,143,0.75,0,5.8799996,0,6.2999997,6.2999997
polar,,,143,0.8,0,5.8799996,0,6.2999997,6.2999997
polar,,,143,0.85,0,5.8799996,0,6.2999997,6.2999997
polar,,,143,0.9,0,5.8799996,0,6.2999997,6.2999997
polar,,,143,0.95,0,5.8799996,0,6.2999997,6.2999997
polar,,,143,1,0,5.8799996,0,6.2999997,6.2999997
polar,,,144,0,0,5.8799996,0,6.2999997,6.2999997
polar,,,144,0.05,0,5.8799996,0,6.2999997,6.2999997
polar,,,144,0.1,0,5.8799996,0,6.2999997,6.2999997
polar,,,144,0.15,0,5.8799996,0,6.2999997,6.2999997
polar,,,144,0.2,0,5.8799996,0,6.2999997,6.2999997
polar,,,144,0.25,0,5.8799996,0,6.2999997,6.2999997
polar,,,144,0.3,0,5.8799996,0,6.2999997,6.2999997
polar,,,144,0.35,0,5.8799996,0,6.2999997,6.2999997
polar,,,144,0.4,0,5.8799996,0,6.2999997,6.2999997
polar,,,144,0.45,0,5.8799996,0,6.2999997,6.2999997
polar,,,144,0.5,0,5.8799996,0,6.2999997,6.2999997
polar,,,144,0.55,0,5.8799996,0,6.2999997,6.2999997
polar,,,144,0.6,0,5.8799996,0,6.2999997,6.2999997
polar,,,144,0.65,0,5.8799996,0,6.2999997,6.2999997
polar,,,144,0.7,0,5.8799996,0,6.2999997,6.2999997
polar,,,144,0.75,0,5.8799996,0,6.2999997,6.2999997
polar,,,144,0.8,0,5.8799996,0,6.2999997,6.2999997
polar,,,144,0.85,0,5.8799996,0,6.2999997,6.2999997
polar,,,144,0.9,0,5.8799996,0,6.2999997,6.2999997
polar,,,144,0.95,0,5.8799996,0,6.2999997,6.2999997
polar,,,144,1,0,5.8799996,0,6.2999997,6.2999997
polar,,,145,0,0,5.8799996,0,6.2999997,6.2999997
polar,,,145,0.05,0,5.8799996,0,6.2999997,6.2999997
polar,,,145,0.1,0,5.8799996,0,6.2999997,6.2999997
polar,,,145,0.15,0,5.8799996,0,6.2999997,6.2999997
polar,,,145,0.2,0,5.8799996,0,6.2999997,6.2999997
polar,,,145,0.25,0,5.8799996,0,6.2999997,6.2999997
polar,,,145,0.3,0,5.8799996,0,6.2999997,6.2999997
polar,,,145,0.35,0,5.8799996,0,6.2999997,6.2999997
polar,,,145,0.4,0,5.8799996,0,6.2999997,6.2999997
polar,,,145,0.45,0,5.8799996,0,6.2999997,6.2999997
polar,,,145,0.5,0,5.8799996,0,6.2999997,6.2999997
polar,,,145,0.55,0,5.8799996,0,6.2999997,6.2999997
polar,,,145,0.6,0,5.8799996,0,6.2999997,6.2999997
polar,,,145,0.65,0,5.8799996,0,6.2999997,6.2999997
polar,,,145,0.7,0,5.8799996,0,6.2999997,6.2999997
polar,,,145,0.75,0,5.8799996,0,6.2999997,6.2999997
polar,,,145,0.8,0,5.8799996,0,6.2999997,6.2999997
polar,,,145,0.85,0,5.8799996,0,6.2999997,6.2999997
polar,,,145,0.9,0,5.8799996,0,6.2999997,6.2999997
polar,,,145,0.95,0,5.8799996,0,6.2999997,6.2999997
polar,,,145,1,0,5.8799996,0,6.2999997,6.2999997
polar,,,146,0,0,5.8799996,0,6.2999997,6.2999997
polar,,,146,0.05,0,5.8799996,0,6.2999997,6.2999997
polar,,,146,0.1,0,5.8799996,0,6.2999997,6.2999997
polar,,,146,0.15,0,5.8799996,0,6.2999997,6.2999997
polar,,,146,0.2,0,5.8799996,0,6.2999997,6.2999997
polar,,,146,0.25,0,5.8799996,0,6.2999997,6.2999997
polar,,,146,0.3,0,5.8799996,0,6.2999997,6.2999997
polar,,,146,0.35,0,5.8799996,0,6.2999997,6.2999997
polar,,,146,0.4,0,5.8799996,0,6.2999997,6.2999997
polar,,,146,0.45,0,5.8799996,0,6.2999997,6.2999997
polar,,,146,0.5,0,5.8799996,0,6.2999997,6.2999997
polar,,,146,0.55,0,5.8799996,0,6.2999997,6.2999997
polar,,,146,0.6,0,5.8799996,0,6.2999997,6.2999997
polar,,,146,0.65,0,5.8799996,0,6.2999997,6.2999997
polar,,,146,0.7,0,5.8799996,0,6.2999997,6.2999997
polar,,,146,0.75,0,5.8799996,0,6.2999997,6.2999997
polar,,,146,0.8,0,5.8799996,0,6.2999997,6.2999997
polar,,,146,0.85,0,5.8799996,0,6.2999997,6.2999997
polar,,,146,0.9,0,5.8799996,0,6.2999997,6.2999997
polar,,,146,0.95,0,5.8799996,0,6.2999997,6.2999997
polar,,,146,1,0,5.8799996,0,6.2999997,6.2999997
polar,,,147,0,0,5.8799996,0,6.2999997,6.2999997
polar,,,147,0.05,0,5.8799996,0,6.2999997,6.2999997
polar,,,147,0.1,0,5.8799996,0,6.2999997,6.2999997
polar,,,147,0.15,0,5.8799996,0,6.2999997,6.2999997
polar,,,147,0.2,0,5.8799996,0,6.2999997,6.2999997
polar,,,147,0.25,0,5.8799996,0,6.2999997,6.2999997
polar,,,147,0.3,0,5.8799996,0,6.2999997,6.2999997
polar,,,147,0.35,0,5.8799996,0,6.2999997,6.2999997
polar,,,147,0.4,0,5.8799996,0,6.2999997,6.2999997
polar,,,147,0.45,0,5.8799996,0,6.2999997,6.2999997
polar,,,147,0.5,0,5.8799996,0,6.2999997,6.2999997
polar,,,147,0.55,0,5.8799996,0,6.2999997,6.2999997
polar,,,147,0.6,0,5.8799996,0,6.2999997,6.2999997
polar,,,147,0.65,0,5.8799996,0,6.2999997,6.2999997
polar,,,147,0.7,0,5.8799996,0,6.2999997,6.2999997
polar,,,147,0.75,0,5.8799996,0,6.2999997,6.2999997
polar,,,147,0.8,0,5.8799996,0,6.2999997,6.2999997
polar,,,147,0.85,0,5.8799996,0,6.2999997,6.2999997
polar,,,147,0.9,0,5.8799996,0,6.2999997,6.2999997
polar,,,147,0.95,0,5.8799996,0,6.2999997,6.2999997
polar,,,147,1,0,5.8799996,0,6.2999997,6.2999997
polar,,,148,0,0,5.8799996,0,6.2999997,6.2999997
polar,,,148,0.05,0,5.8799996,0,6.2999997,6.2999997
polar,,,148,0.1,0,5.8799996,0,6.2999997,6.2999997
polar,,,148,0.15,0,5.8799996,0,6.2999997,6.2999997
polar,,,148,0.2,0,5.8799996,0,6.2999997,6.2999997
polar,,,148,0.25,0,5.8799996,0,6.2999997,6.2999997
polar,,,148,0.3,0,5.8799996,0,6.2999997,6.2999997
polar,,,148,0.35,0,5.8799996,0,6.2999997,6.2999997
polar,,,148,0.4,0,5.8799996,0,6.2999997,6.2999997
polar,,,148,0.45,0,5.8799996,0,6.2999997,6.2999997
polar,,,148,0.5,0,5.8799996,0,6.2999997,6.2999997
polar,,,148,0.55,0,5.8799996,0,6.2999997,6.2999997
polar,,,148,0.6,0,5.8799996,0,6.2999997,6.2999997
polar,,,148,0.65,0,5.8799996,0,6.2999997,6.2999997
polar,,,148,0.7,0,5.8799996,0,6.2999997,6.2999997
polar,,,148,0.75,0,5.8799996,0,6.2999997,6.2999997
polar,,,148,0.8,0,5.8799996,0,6.2999997,6.2999997
polar,,,148,0.85,0,5.8799996,0,6.2999997,6.2999997
polar,,,148,0.9,0,5.8799996,0,6.2999997,6.2999997
polar,,,148,0.95,0,5.8799996,0,6.2999997,6.2999997
polar,,,148,1,0,5.8799996,0,6.2999997,6.2999997
polar,,,149,0,0,5.8799996,0,6.2999997,6.2999997
polar,,,149,0.05,0,5.8799996,0,6.2999997,6.2999997
polar,,,149,0.1,0,5.8799996,0,6.2999997,6.2999997
polar,,,149,0.15,0,5.8799996,0,6.2999997,6.2999997
polar,,,149,0.2,0,5.8799996,0,6.2999997,6.2999997
polar,,,149,0.25,0,5.8799996,0,6.2999997,6.2999997
polar,,,149,0.3,0,5.8799996,0,6.2999997,6.2999997
polar,,,149,0.35,0,5.8799996,0,6.2999997,6.2999997
polar,,,149,0.4,0,5.8799996,0,6.2999997,6.2999997
polar,,,149,0.45,0,5.8799996,0,6.2999997,6.2999997
polar,,,149,0.5,0,5.8799996,0,6.2999997,6.2999997
polar,,,149,0.55,0,5.8799996,0,6.2999997,6.2999997
polar,,,149,0.6,0,5.8799996,0,6.2999997,6.2999997
polar,,,149,0.65,0,5.8799996,0,6.2999997,6.2999997
polar,,,149,0.7,0,5.8799996,0,6.2999997,6.2999997
polar,,,149,0.75,0,5.8799996,0,6.2999997,6.2999997
polar,,,149,0.8,0,5.8799996,0,6.2999997,6.2999997
polar,,,149,0.85,0,5.8799996,0,6.2999997,6.2999997
polar,,,149,0.9,0,5.8799996,0,6.2999997,6.2999997
polar,,,149,0.95,0,5.8799996,0,6.2999997,6.2999997
polar,,,149,1,0,5.8799996,0,6.2999997,6.2999997
polar,,,150,0,0,5.8799996,0,6.2999997,6.2999997
polar,,,150,0.05,0,5.8799996,0,6.2999997,6.2999997
polar,,,150,0.1,0,5.8799996,0,6.2999997,6.2999997
polar,,,150,0.15,0,5.8799996,0,6.2999997,6.2999997
polar,,,150,0.2,0,5.8799996,0,6.2999997,6.2999997
polar,,,150,0.25,0,5.8799996,0,6.2999997,6.2999997
polar,,,150,0.3,0,5.8799996,0,6.2999997,6.2999997
polar,,,150,0.35,0,5.8799996,0,6.2999997,6.2999997
polar,,,150,0.4,0,5.8799996,0,6.2999997,6.2999997
polar,,,150,0.45,0,5.8799996,0,6.2999997,6.2999997
polar,,,150,0.5,0,5.8799996,0,6.2999997,6.2999997
polar,,,150,0.55,0,5.8799996,0,6.2999997,6.2999997
polar,,,150,0.6,0,5.8799996,0,6.2999997,6.2999997
polar,,,150,0.65,0,5.8799996,0,6.2999997,6.2999997
polar,,,150,0.7,0,5.8799996,0,6.2999997,6.2999997
polar,,,150,0.75,0,5.8799996,0,6.2999997,6.2999997
polar,,,150,0.8,0,5.8799996,0,6.2999997,6.2999997
polar,,,150,0.85,0,5.8799996,0,6.2999997,6.2999997
polar,,,150,0.9,0,5.8799996,0,6.2999997,6.2999997
polar,,,150,0.95,0,5.8799996,0,6.2999997,6.2999997
polar,,,150,1,0,5.8799996,0,6.2999997,6.2999997
polar,,,151,0,0,5.8799996,0,6.2999997,6.2999997
polar,,,151,0.05,0,5.8799996,0,6.2999997,6.2999997
polar,,,151,0.1,0,5.8799996,0,6.2999997,6.2999997
polar,,,151,0.15,0,5.8799996,0,6.2999997,6.2999997
polar,,,151,0.2,0,5.8799996,0,6.2999997,6.2999997
polar,,,151,0.25,0,5.8799996,0,6.2999997,6.2999997
polar,,,151,0.3,0,5.8799996,0,6.2999997,6.2999997
polar,,,151,0.35,0,5.8799996,0,6.2999997,6.2999997
polar,,,151,0.4,0,5.8799996,0,6.2999997,6.2999997
polar,,,151,0.45,0,5.8799996,0,6.2999997,6.2999997
polar,,,151,0.5,0,5.8799996,0,6.2999997,6.2999997
polar,,,151,0.55,0,5.8799996,0,6.2999997,6.2999997
polar,,,151,0.6,0,5.8799996,0,6.2999997,6.2999997
polar,,,151,0.65,0,5.8799996,0,6.2999997,6.2999997
polar,,,151,0.7,0,5.8799996,0,6.2999997,6.2999997
polar,,,151,0.75,0,5.8799996,0,6.2999997,6.2999997
polar,,,151,0.8,0,5.8799996,0,6.2999997,6.2999997
polar,,,151,0.85,0,5.8799996,0,6.2999997,6.2999997
polar,,,151,0.9,0,5.8799996,0,6.2999997,6.2999997
polar,,,151,0.95,0,5.8799996,0,6.2999997,6.2999997
polar,,,151,1,0,5.8799996,0,6.2999997,6.2999997
polar,,,152,0,0,5.8799996,0,6.2999997,6.2999997
polar,,,152,0.05,0,5.8799996,0,6.2999997,6.2999997
polar,,,152,0.1,0,5.8799996,0,6.2999997,6.2999997
polar,,,152,0.15,0,5.8799996,0,6.2999997,6.2999997
polar,,,152,0.2,0,5.8799996,0,6.2999997,6.2999997
polar,,,152,0.25,0,5.8799996,0,6.2999997,6.2999997
polar,,,152,0.3,0,5.8799996,0,6.2999997,6.2999997
polar,,,152,0.35,0,5.8799996,0,6.2999997,6.2999997
polar,,,152,0.4,0,5.8799996,0,6.2999997,6.2999997
polar,,,152,0.45,0,5.8799996,0,6.2999997,6.2999997
polar,,,152,0.5,0,5.8799996,0,6.2999997,6.2999997
polar,,,152,0.55,0,5.8799996,0,6.2999997,6.2999997
polar,,,152,0.6,0,5.8799996,0,6.2999997,6.2999997
polar,,,152,0.65,0,5.8799996,0,6.2999997,6.2999997
polar,,,152,0.7,0,5.8799996,0,6.2999997,6.2999997
polar,,,152,0.75,0,5.8799996,0,6.2999997,6.2999997
polar,,,152,0.8,0,5.8799996,0,6.2999997,6.2999997
polar,,,152,0.85,0,5.8799996,0,6.2999997,6.2999997
polar,,,152,0.9,0,5.8799996,0,6.2999997,6.2999997
polar,,,152,0.95,0,5.8799996,0,6.2999997,6.2999997
polar,,,152,1,0,5.8799996,0,6.2999997,6.2999997
polar,,,153,0,0,5.8799996,0,6.2999997,6.2999997
polar,,,153,0.05,0,5.8799996,0,6.2999997,6.2999997
polar,,,153,0.1,0,5.8799996,0,6.2999997,6.2999997
polar,,,153,0.15,0,5.8799996,0,6.2999997,6.2999997
polar,,,153,0.2,0,5.8799996,0,6.2999997,6.2999997
polar,,,153,0.25,0,5.8799996,0,6.2999997,6.2999997
polar,,,153,0.3,0,5.8799996,0,6.2999997,6.2999997
polar,,,153,0.35,0,5.8799996,0,6.2999997,6.2999997
polar,,,153,0.4,0,5.8799996,0,6.2999997,6.2999997
polar,,,153,0.45,0,5.8799996,0,6.2999997,6.2999997
polar,,,153,0.5,0,5.8799996,0,6.2999997,6.2999997
polar,,,153,0.55,0,5.8799996,0,6.2999997,6.2999997
polar,,,153,0.6,0,5.8799996,0,6.2999997,6.2999997
polar,,,153,0.65,0,5.8799996,0,6.2999997,6.2999997
polar,,,153,0.7,0,5.8799996,0,6.2999997,6.2999997
polar,,,153,0.75,0,5.8799996,0,6.2999997,6.2999997
polar,,,153,0.8,0,5.8799996,0,6.2999997,6.2999997
polar,,,153,0.85,0,5.8799996,0,6.2999997,6.2999997
polar,,,153,0.9,0,5.8799996,0,6.2999997,6.2999997
polar,,,153,0.95,0,5.8799996,0,6.2999997,6.2999997
polar,,,153,1,0,5.8799996,0,6.2999997,6.2999997
polar,,,154,0,0,5.8799996,0,6.2999997,6.2999997
polar,,,154,0.05,0,5.8799996,0,6.2999997,6.2999997
polar,,,154,0.1,0,5.8799996,0,6.2999997,6.2999997
polar,,,154,0.15,0,5.8799996,0,6.2999997,6.2999997
polar,,,154,0.2,0,5.8799996,0,6.2999997,6.2999997
polar,,,154,0.25,0,5.8799996,0,6.2999997,6.2999997
polar,,,154,0.3,0,5.8799996,0,6.2999997,6.2999997
polar,,,154,0.35,0,5.8799996,0,6.2999997,6.2999997
polar,,,154,0.4,0,5.8799996,0,6.2999997,6.2999997
polar,,,154,0.45,0,5.8799996,0,6.2999997,6.2999997
polar,,,154,0.5,0,5.8799996,0,6.2999997,6.2999997
polar,,,154,0.55,0,5.8799996,0,6.2999997,6.2999997
polar,,,154,0.6,0,5.8799996,0,6.2999997,6.2999997
polar,,,154,0.65,0,5.8799996,0,6.2999997,6.2999997
polar,,,154,0.7,0,5.8799996,0,6.2999997,6.2999997
polar,,,154,0.75,0,5.8799996,0,6.2999997,6.2999997
polar,,,154,0.8,0,5.8799996,0,6.2999997,6.2999997
polar,,,154,0.85,0,5.8799996,0,6.2999997,6.2999997
polar,,,154,0.9,0,5.8799996,0,6.2999997,6.2999997
polar,,,154,0.95,0,5.8799996,0,6.2999997,6.2999997
polar,,,154,1,0,5.8799996,0,6.2999997,6.2999997
polar,,,155,0,0,5.8799996,0,6.2999997,6.2999997
polar,,,155,0.05,0,5.8799996,0,6.2999997,6.2999997
polar,,,155,0.1,0,5.8799996,0,6.2999997,6.2999997
polar,,,155,0.15,0,5.8799996,0,6.2999997,6.2999997
polar,,,155,0.2,0,5.8799996,0,6.2999997,6.2999997
polar,,,155,0.25,0,5.8799996,0,6.2999997,6.2999997
polar,,,155,0.3,0,5.8799996,0,6.2999997,6.2999997
polar,,,155,0.35,0,5.8799996,0,6.2999997,6.2999997
polar,,,155,0.4,0,5.8799996,0,6.2999997,6.2999997
polar,,,155,0.45,0,5.8799996,0,6.2999997,6.2999997
polar,,,155,0.5,0,5.8799996,0,6.2999997,6.2999997
polar,,,155,0.55,0,5.8799996,0,6.2999997,6.2999997
polar,,,155,0.6,0,5.8799996,0,6.2999997,6.2999997
polar,,,155,0.65,0,5.8799996,0,6.2999997,6.2999997
polar,,,155,0.7,0,5.8799996,0,6.2999997,6.2999997
polar,,,155,0.75,0,5.8799996,0,6.2999997,6.2999997
polar,,,155,0.8,0,5.8799996,0,6.2999997,6.2999997
polar,,,155,0.85,0,5.8799996,0,6.2999997,6.2999997
polar,,,155,0.9,0,5.8799996,0,6.2999997,6.2999997
polar,,,155,0.95,0,5.8799996,0,6.2999997,6.2999997
polar,,,155,1,0,5.8799996,0,6.2999997,6.2999997
polar,,,156,0,0,5.8799996,0,6.2999997,6.2999997
polar,,,156,0.05,0,5.8799996,0,6.2999997,6.2999997
polar,,,156,0.1,0,5.8799996,0,6.2999997,6.2999997
polar,,,156,0.15,0,5.8799996,0,6.2999997,6.2999997
polar,,,156,0.2,0,5.8799996,0,6.2999997,6.2999997
polar,,,156,0.25,0,5.8799996,0,6.2999997,6.2999997
polar,,,156,0.3,0,5.8799996,0,6.2999997,6.2999997
polar,,,156,0.35,0,5.8799996,0,6.2999997,6.2999997
polar,,,156,0.4,0,5.8799996,0,6.2999997,6.2999997
polar,,,156,0.45,0,5.8799996,0,6.2999997,6.2999997
polar,,,156,0.5,0,5.8799996,0,6.2999997,6.2999997
polar,,,156,0.55,0,5.8799996,0,6.2999997,6.2999997
polar,,,156,0.6,0,5.8799996,0,6.2999997,6.2999997
polar,,,156,0.65,0,5.8799996,0,6.2999997,6.2999997
polar,,,156,0.7,0,5.8799996,0,6.2999997,6.2999997
polar,,,156,0.75,0,5.8799996,0,6.2999997,6.2999997
polar,,,156,0.8,0,5.8799996,0,6.2999997,6.2999997
polar,,,156,0.85,0,5.8799996,0,6.2999997,6.2999997
polar,,,156,0.9,0,5.8799996,0,6.2999997,6.2999997
polar,,,156,0.95,0,5.8799996,0,6.2999997,6.2999997
polar,,,156,1,0,5.8799996,0,6.2999997,6.2999997
polar,,,157,0,0,5.8799996,0,6.2999997,6.2999997
polar,,,157,0.05,0,5.8799996,0,6.2999997,6.2999997
polar,,,157,0.1,0,5.8799996,0,6.2999997,6.2999997
polar,,,157,0.15,0,5.8799996,0,6.2999997,6.2999997
polar,,,157,0.2,0,5.8799996,0,6.2999997,6.2999997
polar,,,157,0.25,0,5.8799996,0,6.2999997,6.2999997
polar,,,157,0.3,0,5.8799996,0,6.2999997,6.2999997
polar,,,157,0.35,0,5.8799996,0,6.2999997,6.2999997
polar,,,157,0.4,0,5.8799996,0,6.2999997,6.2999997
polar,,,157,0.45,0,5.8799996,0,6.2999997,6.2999997
polar,,,157,0.5,0,5.8799996,0,6.2999997,6.2999997
polar,,,157,0.55,0,5.8799996,0,6.2999997,6.2999997
polar,,,157,0.6,0,5.8799996,0,6.2999997,6.2999997
polar,,,157,0.65,0,5.8799996,0,6.2999997,6.2999997
polar,,,157,0.7,0,5.8799996,0,6.2999997,6.2999997
polar,,,157,0.75,0,5.8799996,0,6.2999997,6.2999997
polar,,,157,0.8,0,5.8799996,0,6.2999997,6.2999997
polar,,,157,0.85,0,5.8799996,0,6.2999997,6.2999997
polar,,,157,0.9,0,5.8799996,0,6.2999997,6.2999997
polar,,,157,0.95,0,5.8799996,0,6.2999997,6.2999997
polar,,,157,1,0,5.8799996,0,6.2999997,6.2999997
polar,,,158,0,0,5.8799996,0,6.2999997,6.2999997
polar,,,158,0.05,0,5.8799996,0,6.2999997,6.2999997
polar,,,158,0.1,0,5.8799996,0,6.2999997,6.2999997
polar,,,158,0.15,0,5.8799996,0,6.2999997,6.2999997
polar,,,158,0.2,0,5.8799996,0,6.2999997,6.2999997
polar,,,158,0.25,0,5.8799996,0,6.2999997,6.2999997
polar,,,158,0.3,0,5.8799996,0,6.2999997,6.2999997
polar,,,158,0.35,0,5.8799996,0,6.2999997,6.2999997
polar,,,158,0.4,0,5.8799996,0,6.2999997,6.2999997
polar,,,158,0.45,0,5.8799996,0,6.2999997,6.2999997
polar,,,158,0.5,0,5.8799996,0,6.2999997,6.2999997
polar,,,158,0.55,0,5.8799996,0,6.2999997,6.2999997
polar,,,158,0.6,0,5.8799996,0,6.2999997,6.2999997
polar,,,158,0.65,0,5.8799996,0,6.2999997,6.2999997
polar,,,158,0.7,0,5.8799996,0,6.2999997,6.2999997
polar,,,158,0.75,0,5.8799996,0,6.2999997,6.2999997
polar,,,158,0.8,0,5.8799996,0,6.2999997,6.2999997
polar,,,158,0.85,0,5.8799996,0,6.2999997,6.2999997
polar,,,158,0.9,0,5.8799996,0,6.2999997,6.2999997
polar,,,158,0.95,0,5.8799996,0,6.2999997,6.2999997
polar,,,158,1,0,5.8799996,0,6.2999997,6.2999997
polar,,,159,0,0,5.8799996,0,6.2999997,6.2999997
polar,,,159,0.05,0,5.8799996,0,6.2999997,6.2999997
polar,,,159,0.1,0,5.8799996,0,6.2999997,6.2999997
polar,,,159,0.15,0,5.8799996,0,6.2999997,6.2999997
polar,,,159,0.2,0,5.8799996,0,6.2999997,6.2999997
polar,,,159,0.25,0,5.8799996,0,6.2999997,6.2999997
polar,,,159,0.3,0,5.8799996,0,6.2999997,6.2999997
polar,,,159,0.35,0,5.8799996,0,6.2999997,6.2999997
polar,,,159,0.4,0,5.8799996,0,6.2999997,6.2999997
polar,,,159,0.45,0,5.8799996,0,6.2999997,6.2999997
polar,,,159,0.5,0,5.8799996,0,6.2999997,6.2999997
polar,,,159,0.55,0,5.8799996,0,6.2999997,6.2999997
polar,,,159,0.6,0,5.8799996,0,6.2999997,6.2999997
polar,,,159,0.65,0,5.8799996,0,6.2999997,6.2999997
polar,,,159,0.7,0,5.8799996,0,6.2999997,6.2999997
polar,,,159,0.75,0,5.8799996,0,6.2999997,6.2999997
polar,,,159,0.8,0,5.8799996,0,6.2999997,6.2999997
polar,,,159,0.85,0,5.8799996,0,6.2999997,6.2999997
polar,,,159,0.9,0,5.8799996,0,6.2999997,6.2999997
polar,,,159,0.95,0,5.8799996,0,6.2999997,6.2999997
polar,,,159,1,0,5.8799996,0,6.2999997,6.2999997
polar,,,160,0,0,5.8799996,0,6.2999997,6.2999997
polar,,,160,0.05,0,5.8799996,0,6.2999997,6.2999997
polar,,,160,0.1,0,5.8799996,0,6.2999997,6.2999997
polar,,,160,0.15,0,5.8799996,0,6.2999997,6.2999997
polar,,,160,0.2,0,5.8799996,0,6.2999997,6.2999997
polar,,,160,0.25,0,5.8799996,0,6.2999997,6.2999997
polar,,,160,0.3,0,5.8799996,0,6.2999997,6.2999997
polar,,,160,0.35,0,5.8799996,0,6.2999997,6.2999997
polar,,,160,0.4,0,5.8799996,0,6.2999997,6.2999997
polar,,,160,0.45,0,5.8799996,0,6.2999997,6.2999997
polar,,,160,0.5,0,5.8799996,0,6.2999997,6.2999997
polar,,,160,0.55,0,5.8799996,0,6.2999997,6.2999997
polar,,,160,0.6,0,5.8799996,0,6.2999997,6.2999997
polar,,,160,0.65,0,5.8799996,0,6.2999997,6.2999997
polar,,,160,0.7,0,5.8799996,0,6.2999997,6.2999997
polar,,,160,0.75,0,5.8799996,0,6.2999997,6.2999997
polar,,,160,0.8,0,5.8799996,0,6.2999997,6.2999997
polar,,,160,0.85,0,5.8799996,0,6.2999997,6.2999997
polar,,,160,0.9,0,5.8799996,0,6.2999997,6.2999997
polar,,,160,0.95,0,5.8799996,0,6.2999997,6.2999997
polar,,,160,1,0,5.8799996,0,6.2999997,6.2999997
polar,,,161,0,0,5.8799996,0,6.2999997,6.2999997
polar,,,161,0.05,0,5.8799996,0,6.2999997,6.2999997
polar,,,161,0.1,0,5.8799996,0,6.2999997,6.2999997
polar,,,161,0.15,0,5.8799996,0,6.2999997,6.2999997
polar,,,161,0.2,0,5.8799996,0,6.2999997,6.2999997
polar,,,161,0.25,0,5.8799996,0,6.2999997,6.2999997
polar,,,161,0.3,0,5.8799996,0,6.2999997,6.2999997
polar,,,161,0.35,0,5.8799996,0,6.2999997,6.2999997
polar,,,161,0.4,0,5.8799996,0,6.2999997,6.2999997
polar,,,161,0.45,0,5.8799996,0,6.2999997,6.2999997
polar,,,161,0.5,0,5.8799996,0,6.2999997,6.2999997
polar,,,161,0.55,0,5.8799996,0,6.2999997,6.2999997
polar,,,161,0.6,0,5.8799996,0,6.2999997,6.2999997
polar,,,161,0.65,0,5.8799996,0,6.2999997,6.2999997
polar,,,161,0.7,0,5.8799996,0,6.2999997,6.2999997
polar,,,161,0.75,0,5.8799996,0,6.2999997,6.2999997
polar,,,161,0.8,0,5.8799996,0,6.2999997,6.2999997
polar,,,161,0.85,0,5.8799996,0,6.2999997,6.2999997
polar,,,161,0.9,0,5.8799996,0,6.2999997,6.2999997
polar,,,161,0.95,0,5.8799996,0,6.2999997,6.2999997
polar,,,161,1,0,5.8799996,0,6.2999997,6.2999997
polar,,,162,0,0,5.8799996,0,6.2999997,6.2999997
polar,,,162,0.05,0,5.8799996,0,6.2999997,6.2999997
polar,,,162,0.1,0,5.8799996,0,6.2999997,6.2999997
polar,,,162,0.15,0,5.8799996,0,6.2999997,6.2999997
polar,,,162,0.2,0,5.8799996,0,6.2999997,6.2999997
polar,,,162,0.25,0,5.8799996,0,6.2999997,6.2999997
polar,,,162,0.3,0,5.8799996,0,6.2999997,6.2999997
polar,,,162,0.35,0,5.8799996,0,6.2999997,6.2999997
polar,,,162,0.4,0,5.8799996,0,6.2999997,6.2999997
polar,,,162,0.45,0,5.8799996,0,6.2999997,6.2999997
polar,,,162,0.5,0,5.8799996,0,6.2999997,6.2999997
polar,,,162,0.55,0,5.8799996,0,6.2999997,6.2999997
polar,,,162,0.6,0,5.8799996,0,6.2999997,6.2999997
polar,,,162,0.65,0,5.8799996,0,6.2999997,6.2999997
polar,,,162,0.7,0,5.8799996,0,6.2999997,6.2999997
polar,,,162,0.75,0,5.8799996,0,6.2999997,6.2999997
polar,,,162,0.8,0,5.8799996,0,6.2999997,6.2999997
polar,,,162,0.85,0,5.8799996,0,6.2999997,6.2999997
polar,,,162,0.9,0,5.8799996,0,6.2999997,6.2999997
polar,,,162,0.95,0,5.8799996,0,6.2999997,6.2999997
polar,,,162,1,0,5.8799996,0,6.2999997,6.2999997
polar,,,163,0,0,5.8799996,0,6.2999997,6.2999997
polar,,,163,0.05,0,5.8799996,0,6.2999997,6.2999997
polar,,,163,0.1,0,5.8799996,0,6.2999997,6.2999997
polar,,,163,0.15,0,5.8799996,0,6.2999997,6.2999997
polar,,,163,0.2,0,5.8799996,0,6.2999997,6.2999997
polar,,,163,0.25,0,5.8799996,0,6.2999997,6.2999997
polar,,,163,0.3,0,5.8799996,0,6.2999997,6.2999997
polar,,,163,0.35,0,5.8799996,0,6.2999997,6.2999997
polar,,,163,0.4,0,5.8799996,0,6.2999997,6.2999997
polar,,,163,0.45,0,5.8799996,0,6.2999997,6.2999997
polar,,,163,0.5,0,5.8799996,0,6.2999997,6.2999997
polar,,,163,0.55,0,5.8799996,0,6.2999997,6.2999997
polar,,,163,0.6,0,5.8799996,0,6.2999997,6.2999997
polar,,,163,0.65,0,5.8799996,0,6.2999997,6.2999997
polar,,,163,0.7,0,5.8799996,0,6.2999997,6.2999997
polar,,,163,0.75,0,5.8799996,0,6.2999997,6.2999997
polar,,,163,0.8,0,5.8799996,0,6.2999997,6.2999997
polar,,,163,0.85,0,5.8799996,0,6.2999997,6.2999997
polar,,,163,0.9,0,5.8799996,0,6.2999997,6.2999997
polar,,,163,0.95,0,5.8799996,0,6.2999997,6.2999997
polar,,,163,1,0,5.8799996,0,6.2999997,6.2999997
polar,,,164,0,0,5.8799996,0,6.2999997,6.2999997
polar,,,164,0.05,0,5.8799996,0,6.2999997,6.2999997
polar,,,164,0.1,0,5.8799996,0,6.2999997,6.2999997
polar,,,164,0.15,0,5.8799996,0,6.2999997,6.2999997
polar,,,164,0.2,0,5.8799996,0,6.2999997,6.2999997
polar,,,164,0.25,0,5.8799996,0,6.2999997,6.2999997
polar,,,164,0.3,0,5.8799996,0,6.2999997,6.2999997
polar,,,164,0.35,0,5.8799996,0,6.2999997,6.2999997
polar,,,164,0.4,0,5.8799996,0,6.2999997,6.2999997
polar,,,164,0.45,0,5.8799996,0,6.2999997,6.2999997
polar,,,164,0.5,0,5.8799996,0,6.2999997,6.2999997
polar,,,164,0.55,0,5.8799996,0,6.2999997,6.2999997
polar,,,164,0.6,0,5.8799996,0,6.2999997,6.2999997
polar,,,164,0.65,0,5.8799996,0,6.2999997,6.2999997
polar,,,164,0.7,0,5.8799996,0,6.2999997,6.2999997
polar,,,164,0.75,0,5.8799996,0,6.2999997,6.2999997
polar,,,164,0.8,0,5.8799996,0,6.2999997,6.2999997
polar,,,164,0.85,0,5.8799996,0,6.2999997,6.2999997
polar,,,164,0.9,0,5.8799996,0,6.2999997,6.2999997
polar,,,164,0.95,0,5.8799996,0,6.2999997,6.2999997
polar,,,164,1,0,5.8799996,0,6.2999997,6.2999997
polar,,,165,0,0,5.8799996,0,6.2999997,6.2999997
polar,,,165,0.05,0,5.8799996,0,6.2999997,6.2999997
polar,,,165,0.1,0,5.8799996,0,6.2999997,6.2999997
polar,,,165,0.15,0,5.8799996,0,6.2999997,6.2999997
polar,,,165,0.2,0,5.8799996,0,6.2999997,6.2999997
polar,,,165,0.25,0,5.8799996,0,6.2999997,6.2999997
polar,,,165,0.3,0,5.8799996,0,6.2999997,6.2999997
polar,,,165,0.35,0,5.8799996,0,6.2999997,6.2999997
polar,,,165,0.4,0,5.8799996,0,6.2999997,6.2999997
polar,,,165,0.45,0,5.8799996,0,6.2999997,6.2999997
polar,,,165,0.5,0,5.8799996,0,6.2999997,6.2999997
polar,,,165,0.55,0,5.8799996,0,6.2999997,6.2999997
polar,,,165,0.6,0,5.8799996,0,6.2999997,6.2999997
polar,,,165,0.65,0,5.8799996,0,6.2999997,6.2999997
polar,,,165,0.7,0,5.8799996,0,6.2999997,6.2999997
polar,,,165,0.75,0,5.8799996,0,6.2999997,6.2999997
polar,,,165,0.8,0,5.8799996,0,6.2999997,6.2999997
polar,,,165,0.85,0,5.8799996,0,6.2999997,6.2999997
polar,,,165,0.9,0,5.8799996,0,6.2999997,6.2999997
polar,,,165,0.95,0,5.8799996,0,6.2999997,6.2999997
polar,,,165,1,0,5.8799996,0,6.2999997,6.2999997
polar,,,166,0,0,5.8799996,0,6.2999997,6.2999997
polar,,,166,0.05,0,5.8799996,0,6.2999997,6.2999997
polar,,,166,0.1,0,5.8799996,0,6.2999997,6.2999997
polar,,,166,0.15,0,5.8799996,0,6.2999997,6.2999997
polar,,,166,0.2,0,5.8799996,0,6.2999997,6.2999997
polar,,,166,0.25,0,5.8799996,0,6.2999997,6.2999997
polar,,,166,0.3,0,5.8799996,0,6.2999997,6.2999997
polar,,,166,0.35,0,5.8799996,0,6.2999997,6.2999997
polar,,,166,0.4,0,5.8799996,0,6.2999997,6.2999997
polar,,,166,0.45,0,5.8799996,0,6.2999997,6.2999997
polar,,,166,0.5,0,5.8799996,0,6.2999997,6.2999997
polar,,,166,0.55,0,5.8799996,0,6.2999997,6.2999997
polar,,,166,0.6,0,5.8799996,0,6.2999997,6.2999997
polar,,,166,0.65,0,5.8799996,0,6.2999997,6.2999997
polar,,,166,0.7,0,5.8799996,0,6.2999997,6.2999997
polar,,,166,0.75,0,5.8799996,0,6.2999997,6.2999997
polar,,,166,0.8,0,5.8799996,0,6.2999997,6.2999997
polar,,,166,0.85,0,5.8799996,0,6.2999997,6.2999997
polar,,,166,0.9,0,5.8799996,0,6.2999997,6.2999997
polar,,,166,0.95,0,5.8799996,0,6.2999997,6.2999997
polar,,,166,1,0,5.8799996,0,6.2999997,6.2999997
polar,,,167,0,0,5.8799996,0,6.2999997,6.2999997
polar,,,167,0.05,0,5.8799996,0,6.2999997,6.2999997
polar,,,167,0.1,0,5.8799996,0,6.2999997,6.2999997
polar,,,167,0.15,0,5.8799996,0,6.2999997,6.2999997
polar,,,167,0.2,0,5.8799996,0,6.2999997,6.2999997
polar,,,167,0.25,0,5.8799996,0,6.2999997,6.2999997
polar,,,167,0.3,0,5.8799996,0,6.2999997,6.2999997
polar,,,167,0.35,0,5.8799996,0,6.2999997,6.2999997
polar,,,167,0.4,0,5.8799996,0,6.2999997,6.2999997
polar,,,167,0.45,0,5.8799996,0,6.2999997,6.2999997
polar,,,167,0.5,0,5.8799996,0,6.2999997,6.2999997
polar,,,167,0.55,0,5.8799996,0,6.2999997,6.2999997
polar,,,167,0.6,0,5.8799996,0,6.2999997,6.2999997
polar,,,167,0.65,0,5.8799996,0,6.2999997,6.2999997
polar,,,167,0.7,0,5.8799996,0,6.2999997,6.2999997
polar,,,167,0.75,0,5.8799996,0,6.2999997,6.2999997
polar,,,167,0.8,0,5.8799996,0,6.2999997,6.2999997
polar,,,167,0.85,0,5.8799996,0,6.2999997,6.2999997
polar,,,167,0.9,0,5.8799996,0,6.2999997,6.2999997
polar,,,167,0.95,0,5.8799996,0,6.2999997,6.2999997
polar,,,167,1,0,5.8799996,0,6.2999997,6.2999997
polar,,,168,0,0,5.8799996,0,6.2999997,6.2999997
polar,,,168,0.05,0,5.8799996,0,6.2999997,6.2999997
polar,,,168,0.1,0,5.8799996,0,6.2999997,6.2999997
polar,,,168,0.15,0,5.8799996,0,6.2999997,6.2999997
polar,,,168,0.2,0,5.8799996,0,6.2999997,6.2999997
polar,,,168,0.25,0,5.8799996,0,6.2999997,6.2999997
polar,,,168,0.3,0,5.8799996,0,6.2999997,6.2999997
polar,,,168,0.35,0,5.8799996,0,6.2999997,6.2999997
polar,,,168,0.4,0,5.8799996,0,6.2999997,6.2999997
polar,,,168,0.45,0,5.8799996,0,6.2999997,6.2999997
polar,,,168,0.5,0,5.8799996,0,6.2999997,6.2999997
polar,,,168,0.55,0,5.8799996,0,6.2999997,6.2999997
polar,,,168,0.6,0,5.8799996,0,6.2999997,6.2999997
polar,,,168,0.65,0,5.8799996,0,6.2999997,6.2999997
polar,,,168,0.7,0,5.8799996,0,6.2999997,6.2999997
polar,,,168,0.75,0,5.8799996,0,6.2999997,6.2999997
polar,,,168,0.8,0,5.8799996,0,6.2999997,6.2999997
polar,,,168,0.85,0,5.8799996,0,6.2999997,6.2999997
polar,,,168,0.9,0,5.8799996,0,6.2999997,6.2999997
polar,,,168,0.95,0,5.8799996,0,6.2999997,6.2999997
polar,,,168,1,0,5.8799996,0,6.2999997,6.2999997
polar,,,169,0,0,5.8799996,0,6.2999997,6.2999997
polar,,,169,0.05,0,5.8799996,0,6.2999997,6.2999997
polar,,,169,0.1,0,5.8799996,0,6.2999997,6.2999997
polar,,,169,0.15,0,5.8799996,0,6.2999997,6.2999997
polar,,,169,0.2,0,5.8799996,0,6.2999997,6.2999997
polar,,,169,0.25,0,5.8799996,0,6.2999997,6.2999997
polar,,,169,0.3,0,5.8799996,0,6.2999997,6.2999997
polar,,,169,0.35,0,5.8799996,0,6.2999997,6.2999997
polar,,,169,0.4,0,5.8799996,0,6.2999997,6.2999997
polar,,,169,0.45,0,5.8799996,0,6.2999997,6.2999997
polar,,,169,0.5,0,5.8799996,0,6.2999997,6.2999997
polar,,,169,0.55,0,5.8799996,0,6.2999997,6.2999997
polar,,,169,0.6,0,5.8799996,0,6.2999997,6.2999997
polar,,,169,0.65,0,5.8799996,0,6.2999997,6.2999997
polar,,,169,0.7,0,5.8799996,0,6.2999997,6.2999997
polar,,,169,0.75,0,5.8799996,0,6.2999997,6.2999997
polar,,,169,0.8,0,5.8799996,0,6.2999997,6.2999997
polar,,,169,0.85,0,5.8799996,0,6.2999997,6.2999997
polar,,,169,0.9,0,5.8799996,0,6.2999997,6.2999997
polar,,,169,0.95,0,5.8799996,0,6.2999997,6.2999997
polar,,,169,1,0,5.8799996,0,6.2999997,6.2999997
polar,,,170,0,0,5.8799996,0,6.2999997,6.2999997
polar,,,170,0.05,0,5.8799996,0,6.2999997,6.2999997
polar,,,170,0.1,0,5.8799996,0,6.2999997,6.2999997
polar,,,170,0.15,0,5.8799996,0,6.2999997,6.2999997
polar,,,170,0.2,0,5.8799996,0,6.2999997,6.2999997
polar,,,170,0.25,0,5.8799996,0,6.2999997,6.2999997
polar,,,170,0.3,0,5.8799996,0,6.2999997,6.2999997
polar,,,170,0.35,0,5.8799996,0,6.2999997,6.2999997
polar,,,170,0.4,0,5.8799996,0,6.2999997,6.2999997
polar,,,170,0.45,0,5.8799996,0,6.2999997,6.2999997
polar,,,170,0.5,0,5.8799996,0,6.2999997,6.2999997
polar,,,170,0.55,0,5.8799996,0,6.2999997,6.2999997
polar,,,170,0.6,0,5.8799996,0,6.2999997,6.2999997
polar,,,170,0.65,0,5.8799996,0,6.2999997,6.2999997
polar,,,170,0.7,0,5.8799996,0,6.2999997,6.2999997
polar,,,170,0.75,0,5.8799996,0,6.2999997,6.2999997
polar,,,170,0.8,0,5.8799996,0,6.2999997,6.2999997
polar,,,170,0.85,0,5.8799996,0,6.2999997,6.2999997
polar,,,170,0.9,0,5.8799996,0,6.2999997,6.2999997
polar,,,170,0.95,0,5.8799996,0,6.2999997,6.2999997
polar,,,170,1,0,5.8799996,0,6.2999997,6.2999997
polar,,,171,0,0,5.8799996,0,6.2999997,6.2999997
polar,,,171,0.05,0,5.8799996,0,6.2999997,6.2999997
polar,,,171,0.1,0,5.8799996,0,6.2999997,6.2999997
polar,,,171,0.15,0,5.8799996,0,6.2999997,6.2999997
polar,,,171,0.2,0,5.8799996,0,6.2999997,6.2999997
polar,,,171,0.25,0,5.8799996,0,6.2999997,6.2999997
polar,,,171,0.3,0,5.8799996,0,6.2999997,6.2999997
polar,,,171,0.35,0,5.8799996,0,6.2999997,6.2999997
polar,,,171,0.4,0,5.8799996,0,6.2999997,6.2999997
polar,,,171,0.45,0,5.8799996,0,6.2999997,6.2999997
polar,,,171,0.5,0,5.8799996,0,6.2999997,6.2999997
polar,,,171,0.55,0,5.8799996,0,6.2999997,6.2999997
polar,,,171,0.6,0,5.8799996,0,6.2999997,6.2999997
polar,,,171,0.65,0,5.8799996,0,6.2999997,6.2999997
polar,,,171,0.7,0,5.8799996,0,6.2999997,6.2999997
polar,,,171,0.75,0,5.8799996,0,6.2999997,6.2999997
polar,,,171,0.8,0,5.8799996,0,6.2999997,6.2999997
polar,,,171,0.85,0,5.8799996,0,6.2999997,6.2999997
polar,,,171,0.9,0,5.8799996,0,6.2999997,6.2999997
polar,,,171,0.95,0,5.8799996,0,6.2999997,6.2999997
polar,,,171,1,0,5.8799996,0,6.2999997,6.2999997
polar,,,172,0,0,5.8799996,0,6.2999997,6.2999997
polar,,,172,0.05,0,5.8799996,0,6.2999997,6.2999997
polar,,,172,0.1,0,5.8799996,0,6.2999997,6.2999997
polar,,,172,0.15,0,5.8799996,0,6.2999997,6.2999997
polar,,,172,0.2,0,5.8799996,0,6.2999997,6.2999997
polar,,,172,0.25,0,5.8799996,0,6.2999997,6.2999997
polar,,,172,0.3,0,5.8799996,0,6.2999997,6.2999997
polar,,,172,0.35,0,5.8799996,0,6.2999997,6.2999997
polar,,,172,0.4,0,5.8799996,0,6.2999997,6.2999997
polar,,,172,0.45,0,5.8799996,0,6.2999997,6.2999997
polar,,,172,0.5,0,5.8799996,0,6.2999997,6.2999997
polar,,,172,0.55,0,5.8799996,0,6.2999997,6.2999997
polar,,,172,0.6,0,5.8799996,0,6.2999997,6.2999997
polar,,,172,0.65,0,5.8799996,0,6.2999997,6.2999997
polar,,,172,0.7,0,5.8799996,0,6.2999997,6.2999997
polar,,,172,0.75,0,5.8799996,0,6.2999997,6.2999997
polar,,,172,0.8,0,5.8799996,0,6.2999997,6.2999997
polar,,,172,0.85,0,5.8799996,0,6.2999997,6.2999997
polar,,,172,0.9,0,5.8799996,0,6.2999997,6.2999997
polar,,,172,0.95,0,5.8799996,0,6.2999997,6.2999997
polar,,,172,1,0,5.8799996,0,6.2999997,6.2999997
polar,,,173,0,0,5.8799996,0,6.2999997,6.2999997
polar,,,173,0.05,0,5.8799996,0,6.2999997,6.2999997
polar,,,173,0.1,0,5.8799996,0,6.2999997,6.2999997
polar,,,173,0.15,0,5.8799996,0,6.2999997,6.2999997
polar,,,173,0.2,0,5.8799996,0,6.2999997,6.2999997
polar,,,173,0.25,0,5.8799996,0,6.2999997,6.2999997
polar,,,173,0.3,0,5.8799996,0,6.2999997,6.2999997
polar,,,173,0.35,0,5.8799996,0,6.2999997,6.2999997
polar,,,173,0.4,0,5.8799996,0,6.2999997,6.2999997
polar,,,173,0.45,0,5.8799996,0,6.2999997,6.2999997
polar,,,173,0.5,0,5.8799996,0,6.2999997,6.2999997
polar,,,173,0.55,0,5.8799996,0,6.2999997,6.2999997
polar,,,173,0.6,0,5.8799996,0,6.2999997,6.2999997
polar,,,173,0.65,0,5.8799996,0,6.2999997,6.2999997
polar,,,173,0.7,0,5.8799996,0,6.2999997,6.2999997
polar,,,173,0.75,0,5.8799996,0,6.2999997,6.2999997
polar,,,173,0.8,0,5.8799996,0,6.2999997,6.2999997
polar,,,173,0.85,0,5.8799996,0,6.2999997,6.2999997
polar,,,173,0.9,0,5.8799996,0,6.2999997,6.2999997
polar,,,173,0.95,0,5.8799996,0,6.2999997,6.2999997
polar,,,173,1,0,5.8799996,0,6.2999997,6.2999997
polar,,,174,0,0,5.8799996,0,6.2999997,6.2999997
polar,,,174,0.05,0,5.8799996,0,6.2999997,6.2999997
polar,,,174,0.1,0,5.8799996,0,6.2999997,6.2999997
polar,,,174,0.15,0,5.8799996,0,6.2999997,6.2999997
polar,,,174,0.2,0,5.8799996,0,6.2999997,6.2999997
polar,,,174,0.25,0,5.8799996,0,6.2999997,6.2999997
polar,,,174,0.3,0,5.8799996,0,6.2999997,6.2999997
polar,,,174,0.35,0,5.8799996,0,6.2999997,6.2999997
polar,,,174,0.4,0,5.8799996,0,6.2999997,6.2999997
polar,,,174,0.45,0,5.8799996,0,6.2999997,6.2999997
polar,,,174,0.5,0,5.8799996,0,6.2999997,6.2999997
polar,,,174,0.55,0,5.8799996,0,6.2999997,6.2999997
polar,,,174,0.6,0,5.8799996,0,6.2999997,6.2999997
polar,,,174,0.65,0,5.8799996,0,6.2999997,6.2999997
polar,,,174,0.7,0,5.8799996,0,6.2999997,6.2999997
polar,,,174,0.75,0,5.8799996,0,6.2999997,6.2999997
polar,,,174,0.8,0,5.8799996,0,6.2999997,6.2999997
polar,,,174,0.85,0,5.8799996,0,6.2999997,6.2999997
polar,,,174,0.9,0,5.8799996,0,6.2999997,6.2999997
polar,,,174,0.95,0,5.8799996,0,6.2999997,6.2999997
polar,,,174,1,0,5.8799996,0,6.2999997,6.2999997
polar,,,175,0,0,5.8799996,0,6.2999997,6.2999997
polar,,,175,0.05,0,5.8799996,0,6.2999997,6.2999997
polar,,,175,0.1,0,5.8799996,0,6.2999997,6.2999997
polar,,,175,0.15,0,5.8799996,0,6.2999997,6.2999997
polar,,,175,0.2,0,5.8799996,0,6.2999997,6.2999997
polar,,,175,0.25,0,5.8799996,0,6.2999997,6.2999997
polar,,,175,0.3,0,5.8799996,0,6.2999997,6.2999997
polar,,,175,0.35,0,5.8799996,0,6.2999997,6.2999997
polar,,,175,0.4,0,5.8799996,0,6.2999997,6.2999997
polar,,,175,0.45,0,5.8799996,0,6.2999997,6.2999997
polar,,,175,0.5,0,5.8799996,0,6.2999997,6.2999997
polar,,,175,0.55,0,5.8799996,0,6.2999997,6.2999997
polar,,,175,0.6,0,5.8799996,0,6.2999997,6.2999997
polar,,,175,0.65,0,5.8799996,0,6.2999997,6.2999997
polar,,,175,0.7,0,5.8799996,0,6.2999997,6.2999997
polar,,,175,0.75,0,5.8799996,0,6.2999997,6.2999997
polar,,,175,0.8,0,5.8799996,0,6.2999997,6.2999997
polar,,,175,0.85,0,5.8799996,0,6.2999997,6.2999997
polar,,,175,0.9,0,5.8799996,0,6.2999997,6.2999997
polar,,,175,0.95,0,5.8799996,0,6.2999997,6.2999997
polar,,,175,1,0,5.8799996,0,6.2999997,6.2999997
polar,,,176,0,0,5.8799996,0,6.2999997,6.2999997
polar,,,176,0.05,0,5.8799996,0,6.2999997,6.2999997
polar,,,176,0.1,0,5.8799996,0,6.2999997,6.2999997
polar,,,176,0.15,0,5.8799996,0,6.2999997,6.2999997
polar,,,176,0.2,0,5.8799996,0,6.2999997,6.2999997
polar,,,176,0.25,0,5.8799996,0,6.2999997,6.2999997
polar,,,176,0.3,0,5.8799996,0,6.2999997,6.2999997
polar,,,176,0.35,0,5.8799996,0,6.2999997,6.2999997
polar,,,176,0.4,0,5.8799996,0,6.2999997,6.2999997
polar,,,176,0.45,0,5.8799996,0,6.2999997,6.2999997
polar,,,176,0.5,0,5.8799996,0,6.2999997,6.2999997
polar,,,176,0.55,0,5.8799996,0,6.2999997,6.2999997
polar,,,176,0.6,0,5.8799996,0,6.2999997,6.2999997
polar,,,176,0.65,0,5.8799996,0,6.2999997,6.2999997
polar,,,176,0.7,0,5.8799996,0,6.2999997,6.2999997
polar,,,176,0.75,0,5.8799996,0,6.2999997,6.2999997
polar,,,176,0.8,0,5.8799996,0,6.2999997,6.2999997
polar,,,176,0.85,0,5.8799996,0,6.2999997,6.2999997
polar,,,176,0.9,0,5.8799996,0,6.2999997,6.2999997
polar,,,176,0.95,0,5.8799996,0,6.2999997,6.2999997
polar,,,176,1,0,5.8799996,0,6.2999997,6.2999997
polar,,,177,0,0,5.8799996,0,6.2999997,6.2999997
polar,,,177,0.05,0,5.8799996,0,6.2999997,6.2999997
polar,,,177,0.1,0,5.8799996,0,6.2999997,6.2999997
polar,,,177,0.15,0,5.8799996,0,6.2999997,6.2999997
polar,,,177,0.2,0,5.8799996,0,6.2999997,6.2999997
polar,,,177,0.25,0,5.8799996,0,6.2999997,6.2999997
polar,,,177,0.3,0,5.8799996,0,6.2999997,6.2999997
polar,,,177,0.35,0,5.8799996,0,6.2999997,6.2999997
polar,,,177,0.4,0,5.8799996,0,6.2999997,6.2999997
polar,,,177,0.45,0,5.8799996,0,6.2999997,6.2999997
polar,,,177,0.5,0,5.8799996,0,6.2999997,6.2999997
polar,,,177,0.55,0,5.8799996,0,6.2999997,6.2999997
polar,,,177,0.6,0,5.8799996,0,6.2999997,6.2999997
polar,,,177,0.65,0,5.8799996,0,6.2999997,6.2999997
polar,,,177,0.7,0,5.8799996,0,6.2999997,6.2999997
polar,,,177,0.75,0,5.8799996,0,6.2999997,6.2999997
polar,,,177,0.8,0,5.8799996,0,6.2999997,6.2999997
polar,,,177,0.85,0,5.8799996,0,6.2999997,6.2999997
polar,,,177,0.9,0,5.8799996,0,6.2999997,6.2999997
polar,,,177,0.95,0,5.8799996,0,6.2999997,6.2999997
polar,,,177,1,0,5.8799996,0,6.2999997,6.2999997
polar,,,178,0,0,5.8799996,0,6.2999997,6.2999997
polar,,,178,0.05,0,5.8799996,0,6.2999997,6.2999997
polar,,,178,0.1,0,5.8799996,0,6.2999997,6.2999997
polar,,,178,0.15,0,5.8799996,0,6.2999997,6.2999997
polar,,,178,0.2,0,5.8799996,0,6.2999997,6.2999997
polar,,,178,0.25,0,5.8799996,0,6.2999997,6.2999997
polar,,,178,0.3,0,5.8799996,0,6.2999997,6.2999997
polar,,,178,0.35,0,5.8799996,0,6.2999997,6.2999997
polar,,,178,0.4,0,5.8799996,0,6.2999997,6.2999997
polar,,,178,0.45,0,5.8799996,0,6.2999997,6.2999997
polar,,,178,0.5,0,5.8799996,0,6.2999997,6.2999997
polar,,,178,0.55,0,5.8799996,0,6.2999997,6.2999997
polar,,,178,0.6,0,5.8799996,0,6.2999997,6.2999997
polar,,,178,0.65,0,5.8799996,0,6.2999997,6.2999997
polar,,,178,0.7,0,5.8799996,0,6.2999997,6.2999997
polar,,,178,0.75,0,5.8799996,0,6.2999997,6.2999997
polar,,,178,0.8,0,5.8799996,0,6.2999997,6.2999997
polar,,,178,0.85,0,5.8799996,0,6.2999997,6.2999997
polar,,,178,0.9,0,5.8799996,0,6.2999997,6.2999997
polar,,,178,0.95,0,5.8799996,0,6.2999997,6.2999997
polar,,,178,1,0,5.8799996,0,6.2999997,6.2999997
polar,,,179,0,0,5.8799996,0,6.2999997,6.2999997
polar,,,179,0.05,0,5.8799996,0,6.2999997,6.2999997
polar,,,179,0.1,0,5.8799996,0,6.2999997,6.2999997
polar,,,179,0.15,0,5.8799996,0,6.2999997,6.2999997
polar,,,179,0.2,0,5.8799996,0,6.2999997,6.2999997
polar,,,179,0.25,0,5.8799996,0,6.2999997,6.2999997
polar,,,179,0.3,0,5.8799996,0,6.2999997,6.2999997
polar,,,179,0.35,0,5.8799996,0,6.2999997,6.2999997
polar,,,179,0.4,0,5.8799996,0,6.2999997,6.2999997
polar,,,179,0.45,0,5.8799996,0,6.2999997,6.2999997
polar,,,179,0.5,0,5.8799996,0,6.2999997,6.2999997
polar,,,179,0.55,0,5.8799996,0,6.2999997,6.2999997
polar,,,179,0.6,0,5.8799996,0,6.2999997,6.2999997
polar,,,179,0.65,0,5.8799996,0,6.2999997,6.2999997
polar,,,179,0.7,0,5.8799996,0,6.2999997,6.2999997
polar,,,179,0.75,0,5.8799996,0,6.2999997,6.2999997
polar,,,179,0.8,0,5.8799996,0,6.2999997,6.2999997
polar,,,179,0.85,0,5.8799996,0,6.2999997,6.2999997
polar,,,179,0.9,0,5.8799996,0,6.2999997,6.2999997
polar,,,179,0.95,0,5.8799996,0,6.2999997,6.2999997
polar,,,179,1,0,5.8799996,0,6.2999997,6.2999997
polar,,,180,0,0,5.8799996,0,6.2999997,6.2999997
polar,,,180,0.05,0,5.8799996,0,6.2999997,6.2999997
polar,,,180,0.1,0,5.8799996,0,6.2999997,6.2999997
polar,,,180,0.15,0,5.8799996,0,6.2999997,6.2999997
polar,,,180,0.2,0,5.8799996,0,6.2999997,6.2999997
polar,,,180,0.25,0,5.8799996,0,6.2999997,6.2999997
polar,,,180,0.3,0,5.8799996,0,6.2999997,6.2999997
polar,,,180,0.35,0,5.8799996,0,6.2999997,6.2999997
polar,,,180,0.4,0,5.8799996,0,6.2999997,6.2999997
polar,,,180,0.45,0,5.8799996,0,6.2999997,6.2999997
polar,,,180,0.5,0,5.8799996,0,6.2999997,6.2999997
polar,,,180,0.55,0,5.8799996,0,6.2999997,6.2999997
polar,,,180,0.6,0,5.8799996,0,6.2999997,6.2999997
polar,,,180,0.65,0,5.8799996,0,6.2999997,6.2999997
polar,,,180,0.7,0,5.8799996,0,6.2999997,6.2999997
polar,,,180,0.75,0,5.8799996,0,6.2999997,6.2999997
polar,,,180,0.8,0,5.8799996,0,6.2999997,6.2999997
polar,,,180,0.85,0,5.8799996,0,6.2999997,6.2999997
polar,,,180,0.9,0,5.8799996,0,6.2999997,6.2999997
polar,,,180,0.95,0,5.8799996,0,6.2999997,6.2999997
polar,,,180,1,0,5.8799996,0,6.2999997,6.2999997
polar,,,181,0,0,5.8799996,0,6.2999997,6.2999997
polar,,,181,0.05,0,5.8799996,0,6.2999997,6.2999997
polar,,,181,0.1,0,5.8799996,0,6.2999997,6.2999997
polar,,,181,0.15,0,5.8799996,0,6.2999997,6.2999997
polar,,,181,0.2,0,5.8799996,0,6.2999997,6.2999997
polar,,,181,0.25,0,5.8799996,0,6.2999997,6.2999997
polar,,,181,0.3,0,5.8799996,0,6.2999997,6.2999997
polar,,,181,0.35,0,5.8799996,0,6.2999997,6.2999997
polar,,,181,0.4,0,5.8799996,0,6.2999997,6.2999997
polar,,,181,0.45,0,5.8799996,0,6.2999997,6.2999997
polar,,,181,0.5,0,5.8799996,0,6.2999997,6.2999997
polar,,,181,0.55,0,5.8799996,0,6.2999997,6.2999997
polar,,,181,0.6,0,5.8799996,0,6.2999997,6.2999997
polar,,,181,0.65,0,5.8799996,0,6.2999997,6.2999997
polar,,,181,0.7,0,5.8799996,0,6.2999997,6.2999997
polar,,,181,0.75,0,5.8799996,0,6.2999997,6.2999997
polar,,,181,0.8,0,5.8799996,0,6.2999997,6.2999997
polar,,,181,0.85,0,5.8799996,0,6.2999997,6.2999997
polar,,,181,0.9,0,5.8799996,0,6.2999997,6.2999997
polar,,,181,0.95,0,5.8799996,0,6.2999997,6.2999997
polar,,,181,1,0,5.8799996,0,6.2999997,6.2999997
polar,,,182,0,0,5.8799996,0,6.2999997,6.2999997
polar,,,182,0.05,0,5.8799996,0,6.2999997,6.2999997
polar,,,182,0.1,0,5.8799996,0,6.2999997,6.2999997
polar,,,182,0.15,0,5.8799996,0,6.2999997,6.2999997
polar,,,182,0.2,0,5.8799996,0,6.2999997,6.2999997
polar,,,182,0.25,0,5.8799996,0,6.2999997,6.2999997
polar,,,182,0.3,0,5.8799996,0,6.2999997,6.2999997
polar,,,182,0.35,0,5.8799996,0,6.2999997,6.2999997
polar,,,182,0.4,0,5.8799996,0,6.2999997,6.2999997
polar,,,182,0.45,0,5.8799996,0,6.2999997,6.2999997
polar,,,182,0.5,0,5.8799996,0,6.2999997,6.2999997
polar,,,182,0.55,0,5.8799996,0,6.2999997,6.2999997
polar,,,182,0.6,0,5.8799996,0,6.2999997,6.2999997
polar,,,182,0.65,0,5.8799996,0,6.2999997,6.2999997
polar,,,182,0.7,0,5.8799996,0,6.2999997,6.2999997
polar,,,182,0.75,0,5.8799996,0,6.2999997,6.2999997
polar,,,182,0.8,0,5.8799996,0,6.2999997,6.2999997
polar,,,182,0.85,0,5.8799996,0,6.2999997,6.2999997
polar,,,182,0.9,0,5.8799996,0,6.2999997,6.2999997
polar,,,182,0.95,0,5.8799996,0,6.2999997,6.2999997
polar,,,182,1,0,5.8799996,0,6.2999997,6.2999997
polar,,,183,0,0,5.8799996,0,6.2999997,6.2999997
polar,,,183,0.05,0,5.8799996,0,6.2999997,6.2999997
polar,,,183,0.1,0,5.8799996,0,6.2999997,6.2999997
polar,,,183,0.15,0,5.8799996,0,6.2999997,6.2999997
polar,,,183,0.2,0,5.8799996,0,6.2999997,6.2999997
polar,,,183,0.25,0,5.8799996,0,6.2999997,6.2999997
polar,,,183,0.3,0,5.8799996,0,6.2999997,6.2999997
polar,,,183,0.35,0,5.8799996,0,6.2999997,6.2999997
polar,,,183,0.4,0,5.8799996,0,6.2999997,6.2999997
polar,,,183,0.45,0,5.8799996,0,6.2999997,6.2999997
polar,,,183,0.5,0,5.8799996,0,6.2999997,6.2999997
polar,,,183,0.55,0,5.8799996,0,6.2999997,6.2999997
polar,,,183,0.6,0,5.8799996,0,6.2999997,6.2999997
polar,,,183,0.65,0,5.8799996,0,6.2999997,6.2999997
polar,,,183,0.7,0,5.8799996,0,6.2999997,6.2999997
polar,,,183,0.75,0,5.8799996,0,6.2999997,6.2999997
polar,,,183,0.8,0,5.8799996,0,6.2999997,6.2999997
polar,,,183,0.85,0,5.8799996,0,6.2999997,6.2999997
polar,,,183,0.9,0,5.8799996,0,6.2999997,6.2999997
polar,,,183,0.95,0,5.8799996,0,6.2999997,6.2999997
polar,,,183,1,0,5.8799996,0,6.2999997,6.2999997
polar,,,184,0,0,5.8799996,0,6.2999997,6.2999997
polar,,,184,0.05,0,5.8799996,0,6.2999997,6.2999997
polar,,,184,0.1,0,5.8799996,0,6.2999997,6.2999997
polar,,,184,0.15,0,5.8799996,0,6.2999997,6.2999997
polar,,,184,0.2,0,5.8799996,0,6.2999997,6.2999997
polar,,,184,0.25,0,5.8799996,0,6.2999997,6.2999997
polar,,,184,0.3,0,5.8799996,0,6.2999997,6.2999997
polar,,,184,0.35,0,5.8799996,0,6.2999997,6.2999997
polar,,,184,0.4,0,5.8799996,0,6.2999997,6.2999997
polar,,,184,0.45,0,5.8799996,0,6.2999997,6.2999997
polar,,,184,0.5,0,5.8799996,0,6.2999997,6.2999997
polar,,,184,0.55,0,5.8799996,0,6.2999997,6.2999997
polar,,,184,0.6,0,5.8799996,0,6.2999997,6.2999997
polar,,,184,0.65,0,5.8799996,0,6.2999997,6.2999997
polar,,,184,0.7,0,5.8799996,0,6.2999997,6.2999997
polar,,,184,0.75,0,5.8799996,0,6.2999997,6.2999997
polar,,,184,0.8,0,5.8799996,0,6.2999997,6.2999997
polar,,,184,0.85,0,5.8799996,0,6.2999997,6.2999997
polar,,,184,0.9,0,5.8799996,0,6.2999997,6.2999997
polar,,,184,0.95,0,5.8799996,0,6.2999997,6.2999997
polar,,,184,1,0,5.8799996,0,6.2999997,6.2999997
polar,,,185,0,0,5.8799996,0,6.2999997,6.2999997
polar,,,185,0.05,0,5.8799996,0,6.2999997,6.2999997
polar,,,185,0.1,0,5.8799996,0,6.2999997,6.2999997
polar,,,185,0.15,0,5.8799996,0,6.2999997,6.2999997
polar,,,185,0.2,0,5.8799996,0,6.2999997,6.2999997
polar,,,185,0.25,0,5.8799996,0,6.2999997,6.2999997
polar,,,185,0.3,0,5.8799996,0,6.2999997,6.2999997
polar,,,185,0.35,0,5.8799996,0,6.2999997,6.2999997
polar,,,185,0.4,0,5.8799996,0,6.2999997,6.2999997
polar,,,185,0.45,0,5.8799996,0,6.2999997,6.2999997
polar,,,185,0.5,0,5.8799996,0,6.2999997,6.2999997
polar,,,185,0.55,0,5.8799996,0,6.2999997,6.2999997
polar,,,185,0.6,0,5.8799996,0,6.2999997,6.2999997
polar,,,185,0.65,0,5.8799996,0,6.2999997,6.2999997
polar,,,185,0.7,0,5.8799996,0,6.2999997,6.2999997
polar,,,185,0.75,0,5.8799996,0,6.2999997,6.2999997
polar,,,185,0.8,0,5.8799996,0,6.2999997,6.2999997
polar,,,185,0.85,0,5.8799996,0,6.2999997,6.2999997
polar,,,185,0.9,0,5.8799996,0,6.2999997,6.2999997
polar,,,185,0.95,0,5.8799996,0,6.2999997,6.2999997
polar,,,185,1,0,5.8799996,0,6.2999997,6.2999997
polar,,,186,0,0,5.8799996,0,6.2999997,6.2999997
polar,,,186,0.05,0,5.8799996,0,6.2999997,6.2999997
polar,,,186,0.1,0,5.8799996,0,6.2999997,6.2999997
polar,,,186,0.15,0,5.8799996,0,6.2999997,6.2999997
polar,,,186,0.2,0,5.8799996,0,6.2999997,6.2999997
polar,,,186,0.25,0,5.8799996,0,6.2999997,6.2999997
polar,,,186,0.3,0,5.8799996,0,6.2999997,6.2999997
polar,,,186,0.35,0,5.8799996,0,6.2999997,6.2999997
polar,,,186,0.4,0,5.8799996,0,6.2999997,6.2999997
polar,,,186,0.45,0,5.8799996,0,6.2999997,6.2999997
polar,,,186,0.5,0,5.8799996,0,6.2999997,6.2999997
polar,,,186,0.55,0,5.8799996,0,6.2999997,6.2999997
polar,,,186,0.6,0,5.8799996,0,6.2999997,6.2999997
polar,,,186,0.65,0,5.8799996,0,6.2999997,6.2999997
polar,,,186,0.7,0,5.8799996,0,6.2999997,6.2999997
polar,,,186,0.75,0,5.8799996,0,6.2999997,6.2999997
polar,,,186,0.8,0,5.8799996,0,6.2999997,6.2999997
polar,,,186,0.85,0,5.8799996,0,6.2999997,6.2999997
polar,,,186,0.9,0,5.8799996,0,6.2999997,6.2999997
polar,,,186,0.95,0,5.8799996,0,6.2999997,6.2999997
polar,,,186,1,0,5.8799996,0,6.2999997,6.2999997
polar,,,187,0,0,5.8799996,0,6.2999997,6.2999997
polar,,,187,0.05,0,5.8799996,0,6.2999997,6.2999997
polar,,,187,0.1,0,5.8799996,0,6.2999997,6.2999997
polar,,,187,0.15,0,5.8799996,0,6.2999997,6.2999997
polar,,,187,0.2,0,5.8799996,0,6.2999997,6.2999997
polar,,,187,0.25,0,5.8799996,0,6.2999997,6.2999997
polar,,,187,0.3,0,5.8799996,0,6.2999997,6.2999997
polar,,,187,0.35,0,5.8799996,0,6.2999997,6.2999997
polar,,,187,0.4,0,5.8799996,0,6.2999997,6.2999997
polar,,,187,0.45,0,5.8799996,0,6.2999997,6.2999997
polar,,,187,0.5,0,5.8799996,0,6.2999997,6.2999997
polar,,,187,0.55,0,5.8799996,0,6.2999997,6.2999997
polar,,,187,0.6,0,5.8799996,0,6.2999997,6.2999997
polar,,,187,0.65,0,5.8799996,0,6.2999997,6.2999997
polar,,,187,0.7,0,5.8799996,0,6.2999997,6.2999997
polar,,,187,0.75,0,5.8799996,0,6.2999997,6.2999997
polar,,,187,0.8,0,5.8799996,0,6.2999997,6.2999997
polar,,,187,0.85,0,5.8799996,0,6.2999997,6.2999997
polar,,,187,0.9,0,5.8799996,0,6.2999997,6.2999997
polar,,,187,0.95,0,5.8799996,0,6.2999997,6.2999997
polar,,,187,1,0,5.8799996,0,6.2999997,6.2999997
polar,,,188,0,0,5.8799996,0,6.2999997,6.2999997
polar,,,188,0.05,0,5.8799996,0,6.2999997,6.2999997
polar,,,188,0.1,0,5.8799996,0,6.2999997,6.2999997
polar,,,188,0.15,0,5.8799996,0,6.2999997,6.2999997
polar,,,188,0.2,0,5.8799996,0,6.2999997,6.2999997
polar,,,188,0.25,0,5.8799996,0,6.2999997,6.2999997
polar,,,188,0.3,0,5.8799996,0,6.2999997,6.2999997
polar,,,188,0.35,0,5.8799996,0,6.2999997,6.2999997
polar,,,188,0.4,0,5.8799996,0,6.2999997,6.2999997
polar,,,188,0.45,0,5.8799996,0,6.2999997,6.2999997
polar,,,188,0.5,0,5.8799996,0,6.2999997,6.2999997
polar,,,188,0.55,0,5.8799996,0,6.2999997,6.2999997
polar,,,188,0.6,0,5.8799996,0,6.2999997,6.2999997
polar,,,188,0.65,0,5.8799996,0,6.2999997,6.2999997
polar,,,188,0.7,0,5.8799996,0,6.2999997,6.2999997
polar,,,188,0.75,0,5.8799996,0,6.2999997,6.2999997
polar,,,188,0.8,0,5.8799996,0,6.2999997,6.2999997
polar,,,188,0.85,0,5.8799996,0,6.2999997,6.2999997
polar,,,188,0.9,0,5.8799996,0,6.2999997,6.2999997
polar,,,188,0.95,0,5.8799996,0,6.2999997,6.2999997
polar,,,188,1,0,5.8799996,0,6.2999997,6.2999997
polar,,,189,0,0,5.8799996,0,6.2999997,6.2999997
polar,,,189,0.05,0,5.8799996,0,6.2999997,6.2999997
polar,,,189,0.1,0,5.8799996,0,6.2999997,6.2999997
polar,,,189,0.15,0,5.8799996,0,6.2999997,6.2999997
polar,,,189,0.2,0,5.8799996,0,6.2999997,6.2999997
polar,,,189,0.25,0,5.8799996,0,6.2999997,6.2999997
polar,,,189,0.3,0,5.8799996,0,6.2999997,6.2999997
polar,,,189,0.35,0,5.8799996,0,6.2999997,6.2999997
polar,,,189,0.4,0,5.8799996,0,6.2999997,6.2999997
polar,,,189,0.45,0,5.8799996,0,6.2999997,6.2999997
polar,,,189,0.5,0,5.8799996,0,6.2999997,6.2999997
polar,,,189,0.55,0,5.8799996,0,6.2999997,6.2999997
polar,,,189,0.6,0,5.8799996,0,6.2999997,6.2999997
polar,,,189,0.65,0,5.8799996,0,6.2999997,6.2999997
polar,,,189,0.7,0,5.8799996,0,6.2999997,6.2999997
polar,,,189,0.75,0,5.8799996,0,6.2999997,6.2999997
polar,,,189,0.8,0,5.8799996,0,6.2999997,6.2999997
polar,,,189,0.85,0,5.8799996,0,6.2999997,6.2999997
polar,,,189,0.9,0,5.8799996,0,6.2999997,6.2999997
polar,,,189,0.95,0,5.8799996,0,6.2999997,6.2999997
polar,,,189,1,0,5.8799996,0,6.2999997,6.2999997
polar,,,190,0,0,5.8799996,0,6.2999997,6.2999997
polar,,,190,0.05,0,5.8799996,0,6.2999997,6.2999997
polar,,,190,0.1,0,5.8799996,0,6.2999997,6.2999997
polar,,,190,0.15,0,5.8799996,0,6.2999997,6.2999997
polar,,,190,0.2,0,5.8799996,0,6.2999997,6.2999997
polar,,,190,0.25,0,5.8799996,0,6.2999997,6.2999997
polar,,,190,0.3,0,5.8799996,0,6.2999997,6.2999997
polar,,,190,0.35,0,5.8799996,0,6.2999997,6.2999997
polar,,,190,0.4,0,5.8799996,0,6.2999997,6.2999997
polar,,,190,0.45,0,5.8799996,0,6.2999997,6.2999997
polar,,,190,0.5,0,5.8799996,0,6.2999997,6.2999997
polar,,,190,0.55,0,5.8799996,0,6.2999997,6.2999997
polar,,,190,0.6,0,5.8799996,0,6.2999997,6.2999997
polar,,,190,0.65,0,5.8799996,0,6.2999997,6.2999997
polar,,,190,0.7,0,5.8799996,0,6.2999997,6.2999997
polar,,,190,0.75,0,5.8799996,0,6.2999997,6.2999997
polar,,,190,0.8,0,5.8799996,0,6.2999997,6.2999997
polar,,,190,0.85,0,5.8799996,0,6.2999997,6.2999997
polar,,,190,0.9,0,5.8799996,0,6.2999997,6.2999997
polar,,,190,0.95,0,5.8799996,0,6.2999997,6.2999997
polar,,,190,1,0,5.8799996,0,6.2999997,6.2999997
polar,,,191,0,0,5.8799996,0,6.2999997,6.2999997
polar,,,191,0.05,0,5.8799996,0,6.2999997,6.2999997
polar,,,191,0.1,0,5.8799996,0,6.2999997,6.2999997
polar,,,191,0.15,0,5.8799996,0,6.2999997,6.2999997
polar,,,191,0.2,0,5.8799996,0,6.2999997,6.2999997
polar,,,191,0.25,0,5.8799996,0,6.2999997,6.2999997
polar,,,191,0.3,0,5.8799996,0,6.2999997,6.2999997
polar,,,191,0.35,0,5.8799996,0,6.2999997,6.2999997
polar,,,191,0.4,0,5.8799996,0,6.2999997,6.2999997
polar,,,191,0.45,0,5.8799996,0,6.2999997,6.2999997
polar,,,191,0.5,0,5.8799996,0,6.2999997,6.2999997
polar,,,191,0.55,0,5.8799996,0,6.2999997,6.2999997
polar,,,191,0.6,0,5.8799996,0,6.2999997,6.2999997
polar,,,191,0.65,0,5.8799996,0,6.2999997,6.2999997
polar,,,191,0.7,0,5.8799996,0,6.2999997,6.2999997
polar,,,191,0.75,0,5.8799996,0,6.2999997,6.2999997
polar,,,191,0.8,0,5.8799996,0,6.2999997,6.2999997
polar,,,191,0.85,0,5.8799996,0,6.2999997,6.2999997
polar,,,191,0.9,0,5.8799996,0,6.2999997,6.2999997
polar,,,191,0.95,0,5.8799996,0,6.2999997,6.2999997
polar,,,191,1,0,5.8799996,0,6.2999997,6.2999997
polar,,,192,0,0,5.8799996,0,6.2999997,6.2999997
polar,,,192,0.05,0,5.8799996,0,6.2999997,6.2999997
polar,,,192,0.1,0,5.8799996,0,6.2999997,6.2999997
polar,,,192,0.15,0,5.8799996,0,6.2999997,6.2999997
polar,,,192,0.2,0,5.8799996,0,6.2999997,6.2999997
polar,,,192,0.25,0,5.8799996,0,6.2999997,6.2999997
polar,,,192,0.3,0,5.8799996,0,6.2999997,6.2999997
polar,,,192,0.35,0,5.8799996,0,6.2999997,6.2999997
polar,,,192,0.4,0,5.8799996,0,6.2999997,6.2999997
polar,,,192,0.45,0,5.8799996,0,6.2999997,6.2999997
polar,,,192,0.5,0,5.8799996,0,6.2999997,6.2999997
polar,,,192,0.55,0,5.8799996,0,6.2999997,6.2999997
polar,,,192,0.6,0,5.8799996,0,6.2999997,6.2999997
polar,,,192,0.65,0,5.8799996,0,6.2999997,6.2999997
polar,,,192,0.7,0,5.8799996,0,6.2999997,6.2999997
polar,,,192,0.75,0,5.8799996,0,6.2999997,6.2999997
polar,,,192,0.8,0,5.8799996,0,6.2999997,6.2999997
polar,,,192,0.85,0,5.8799996,0,6.2999997,6.2999997
polar,,,192,0.9,0,5.8799996,0,6.2999997,6.2999997
polar,,,192,0.95,0,5.8799996,0,6.2999997,6.2999997
polar,,,192,1,0,5.8799996,0,6.2999997,6.2999997
polar,,,193,0,0,5.8799996,0,6.2999997,6.2999997
polar,,,193,0.05,0,5.8799996,0,6.2999997,6.2999997
polar,,,193,0.1,0,5.8799996,0,6.2999997,6.2999997
polar,,,193,0.15,0,5.8799996,0,6.2999997,6.2999997
polar,,,193,0.2,0,5.8799996,0,6.2999997,6.2999997
polar,,,193,0.25,0,5.8799996,0,6.2999997,6.2999997
polar,,,193,0.3,0,5.8799996,0,6.2999997,6.2999997
polar,,,193,0.35,0,5.8799996,0,6.2999997,6.2999997
polar,,,193,0.4,0,5.8799996,0,6.2999997,6.2999997
polar,,,193,0.45,0,5.8799996,0,6.2999997,6.2999997
polar,,,193,0.5,0,5.8799996,0,6.2999997,6.2999997
polar,,,193,0.55,0,5.8799996,0,6.2999997,6.2999997
polar,,,193,0.6,0,5.8799996,0,6.2999997,6.2999997
polar,,,193,0.65,0,5.8799996,0,6.2999997,6.2999997
polar,,,193,0.7,0,5.8799996,0,6.2999997,6.2999997
polar,,,193,0.75,0,5.8799996,0,6.2999997,6.2999997
polar,,,193,0.8,0,5.8799996,0,6.2999997,6.2999997
polar,,,193,0.85,0,5.8799996,0,6.2999997,6.2999997
polar,,,193,0.9,0,5.8799996,0,6.2999997,6.2999997
polar,,,193,0.95,0,5.8799996,0,6.2999997,6.2999997
polar,,,193,1,0,5.8799996,0,6.2999997,6.2999997
polar,,,194,0,0,5.8799996,0,6.2999997,6.2999997
polar,,,194,0.05,0,5.8799996,0,6.2999997,6.2999997
polar,,,194,0.1,0,5.8799996,0,6.2999997,6.2999997
polar,,,194,0.15,0,5.8799996,0,6.2999997,6.2999997
polar,,,194,0.2,0,5.8799996,0,6.2999997,6.2999997
polar,,,194,0.25,0,5.8799996,0,6.2999997,6.2999997
polar,,,194,0.3,0,5.8799996,0,6.2999997,6.2999997
polar,,,194,0.35,0,5.8799996,0,6.2999997,6.2999997
polar,,,194,0.4,0,5.8799996,0,6.2999997,6.2999997
polar,,,194,0.45,0,5.8799996,0,6.2999997,6.2999997
polar,,,194,0.5,0,5.8799996,0,6.2999997,6.2999997
polar,,,194,0.55,0,5.8799996,0,6.2999997,6.2999997
polar,,,194,0.6,0,5.8799996,0,6.2999997,6.2999997
polar,,,194,0.65,0,5.8799996,0,6.2999997,6.2999997
polar,,,194,0.7,0,5.8799996,0,6.2999997,6.2999997
polar,,,194,0.75,0,5.8799996,0,6.2999997,6.2999997
polar,,,194,0.8,0,5.8799996,0,6.2999997,6.2999997
polar,,,194,0.85,0,5.8799996,0,6.2999997,6.2999997
polar,,,194,0.9,0,5.8799996,0,6.2999997,6.2999997
polar,,,194,0.95,0,5.8799996,0,6.2999997,6.2999997
polar,,,194,1,0,5.8799996,0,6.2999997,6.2999997
polar,,,195,0,0,5.8799996,0,6.2999997,6.2999997
polar,,,195,0.05,0,5.8799996,0,6.2999997,6.2999997
polar,,,195,0.1,0,5.8799996,0,6.2999997,6.2999997
polar,,,195,0.15,0,5.8799996,0,6.2999997,6.2999997
polar,,,195,0.2,0,5.8799996,0,6.2999997,6.2999997
polar,,,195,0.25,0,5.8799996,0,6.2999997,6.2999997
polar,,,195,0.3,0,5.8799996,0,6.2999997,6.2999997
polar,,,195,0.35,0,5.8799996,0,6.2999997,6.2999997
polar,,,195,0.4,0,5.8799996,0,6.2999997,6.2999997
polar,,,195,0.45,0,5.8799996,0,6.2999997,6.2999997
polar,,,195,0.5,0,5.8799996,0,6.2999997,6.2999997
polar,,,195,0.55,0,5.8799996,0,6.2999997,6.2999997
polar,,,195,0.6,0,5.8799996,0,6.2999997,6.2999997
polar,,,195,0.65,0,5.8799996,0,6.2999997,6.2999997
polar,,,195,0.7,0,5.8799996,0,6.2999997,6.2999997
polar,,,195,0.75,0,5.8799996,0,6.2999997,6.2999997
polar,,,195,0.8,0,5.8799996,0,6.2999997,6.2999997
polar,,,195,0.85,0,5.8799996,0,6.2999997,6.2999997
polar,,,195,0.9,0,5.8799996,0,6.2999997,6.2999997
polar,,,195,0.95,0,5.8799996,0,6.2999997,6.2999997
polar,,,195,1,0,5.8799996,0,6.2999997,6.2999997
polar,,,196,0,0,5.8799996,0,6.2999997,6.2999997
polar,,,196,0.05,0,5.8799996,0,6.2999997,6.2999997
polar,,,196,0.1,0,5.8799996,0,6.2999997,6.2999997
polar,,,196,0.15,0,5.8799996,0,6.2999997,6.2999997
polar,,,196,0.2,0,5.8799996,0,6.2999997,6.2999997
polar,,,196,0.25,0,5.8799996,0,6.2999997,6.2999997
polar,,,196,0.3,0,5.8799996,0,6.2999997,6.2999997
polar,,,196,0.35,0,5.8799996,0,6.2999997,6.2999997
polar,,,196,0.4,0,5.8799996,0,6.2999997,6.2999997
polar,,,196,0.45,0,5.8799996,0,6.2999997,6.2999997
polar,,,196,0.5,0,5.8799996,0,6.2999997,6.2999997
polar,,,196,0.55,0,5.8799996,0,6.2999997,6.2999997
polar,,,196,0.6,0,5.8799996,0,6.2999997,6.2999997
polar,,,196,0.65,0,5.8799996,0,6.2999997,6.2999997
polar,,,196,0.7,0,5.8799996,0,6.2999997,6.2999997
polar,,,196,0.75,0,5.8799996,0,6.2999997,6.2999997
polar,,,196,0.8,0,5.8799996,0,6.2999997,6.2999997
polar,,,196,0.85,0,5.8799996,0,6.2999997,6.2999997
polar,,,196,0.9,0,5.8799996,0,6.2999997,6.2999997
polar,,,196,0.95,0,5.8799996,0,6.2999997,6.2999997
polar,,,196,1,0,5.8799996,0,6.2999997,6.2999997
polar,,,197,0,0,5.8799996,0,6.2999997,6.2999997
polar,,,197,0.05,0,5.8799996,0,6.2999997,6.2999997
polar,,,197,0.1,0,5.8799996,0,6.2999997,6.2999997
polar,,,197,0.15,0,5.8799996,0,6.2999997,6.2999997
polar,,,197,0.2,0,5.8799996,0,6.2999997,6.2999997
polar,,,197,0.25,0,5.8799996,0,6.2999997,6.2999997
polar,,,197,0.3,0,5.8799996,0,6.2999997,6.2999997
polar,,,197,0.35,0,5.8799996,0,6.2999997,6.2999997
polar,,,197,0.4,0,5.8799996,0,6.2999997,6.2999997
polar,,,197,0.45,0,5.8799996,0,6.2999997,6.2999997
polar,,,197,0.5,0,5.8799996,0,6.2999997,6.2999997
polar,,,197,0.55,0,5.8799996,0,6.2999997,6.2999997
polar,,,197,0.6,0,5.8799996,0,6.2999997,6.2999997
polar,,,197,0.65,0,5.8799996,0,6.2999997,6.2999997
polar,,,197,0.7,0,5.8799996,0,6.2999997,6.2999997
polar,,,197,0.75,0,5.8799996,0,6.2999997,6.2999997
polar,,,197,0.8,0,5.8799996,0,6.2999997,6.2999997
polar,,,197,0.85,0,5.8799996,0,6.2999997,6.2999997
polar,,,197,0.9,0,5.8799996,0,6.2999997,6.2999997
polar,,,197,0.95,0,5.8799996,0,6.2999997,6.2999997
polar,,,197,1,0,5.8799996,0,6.2999997,6.2999997
polar,,,198,0,0,5.8799996,0,6.2999997,6.2999997
polar,,,198,0.05,0,5.8799996,0,6.2999997,6.2999997
polar,,,198,0.1,0,5.8799996,0,6.2999997,6.2999997
polar,,,198,0.15,0,5.8799996,0,6.2999997,6.2999997
polar,,,198,0.2,0,5.8799996,0,6.2999997,6.2999997
polar,,,198,0.25,0,5.8799996,0,6.2999997,6.2999997
polar,,,198,0.3,0,5.8799996,0,6.2999997,6.2999997
polar,,,198,0.35,0,5.8799996,0,6.2999997,6.2999997
polar,,,198,0.4,0,5.8799996,0,6.2999997,6.2999997
polar,,,198,0.45,0,5.8799996,0,6.2999997,6.2999997
polar,,,198,0.5,0,5.8799996,0,6.2999997,6.2999997
polar,,,198,0.55,0,5.8799996,0,6.2999997,6.2999997
polar,,,198,0.6,0,5.8799996,0,6.2999997,6.2999997
polar,,,198,0.65,0,5.8799996,0,6.2999997,6.2999997
polar,,,198,0.7,0,5.8799996,0,6.2999997,6.2999997
polar,,,198,0.75,0,5.8799996,0,6.2999997,6.2999997
polar,,,198,0.8,0,5.8799996,0,6.2999997,6.2999997
polar,,,198,0.85,0,5.8799996,0,6.2999997,6.2999997
polar,,,198,0.9,0,5.8799996,0,6.2999997,6.2999997
polar,,,198,0.95,0,5.8799996,0,6.2999997,6.2999997
polar,,,198,1,0,5.8799996,0,6.2999997,6.2999997
polar,,,199,0,0,5.8799996,0,6.2999997,6.2999997
polar,,,199,0.05,0,5.8799996,0,6.2999997,6.2999997
polar,,,199,0.1,0,5.8799996,0,6.2999997,6.2999997
polar,,,199,0.15,0,5.8799996,0,6.2999997,6.2999997
polar,,,199,0.2,0,5.8799996,0,6.2999997,6.2999997
polar,,,199,0.25,0,5.8799996,0,6.2999997,6.2999997
polar,,,199,0.3,0,5.8799996,0,6.2999997,6.2999997
polar,,,199,0.35,0,5.8799996,0,6.2999997,6.2999997
polar,,,199,0.4,0,5.8799996,0,6.2999997,6.2999997
polar,,,199,0.45,0,5.8799996,0,6.2999997,6.2999997
polar,,,199,0.5,0,5.8799996,0,6.2999997,6.2999997
polar,,,199,0.55,0,5.8799996,0,6.2999997,6.2999997
polar,,,199,0.6,0,5.8799996,0,6.2999997,6.2999997
polar,,,199,0.65,0,5.8799996,0,6.2999997,6.2999997
polar,,,199,0.7,0,5.8799996,0,6.2999997,6.2999997
polar,,,199,0.75,0,5.8799996,0,6.2999997,6.2999997
polar,,,199,0.8,0,5.8799996,0,6.2999997,6.2999997
polar,,,199,0.85,0,5.8799996,0,6.2999997,6.2999997
polar,,,199,0.9,0,5.8799996,0,6.2999997,6.2999997
polar,,,199,0.95,0,5.8799996,0,6.2999997,6.2999997
polar,,,199,1,0,5.8799996,0,6.2999997,6.2999997
polar,,,200,0,0,5.8799996,0,6.2999997,6.2999997
polar,,,200,0.05,0,5.8799996,0,6.2999997,6.2999997
polar,,,200,0.1,0,5.8799996,0,6.2999997,6.2999997
polar,,,200,0.15,0,5.8799996,0,6.2999997,6.2999997
polar,,,200,0.2,0,5.8799996,0,6.2999997,6.2999997
polar,,,200,0.25,0,5.8799996,0,6.2999997,6.2999997
polar,,,200,0.3,0,5.8799996,0,6.2999997,6.2999997
polar,,,200,0.35,0,5.8799996,0,6.2999997,6.2999997
polar,,,200,0.4,0,5.8799996,0,6.2999997,6.2999997
polar,,,200,0.45,0,5.8799996,0,6.2999997,6.2999997
polar,,,200,0.5,0,5.8799996,0,6.2999997,6.2999997
polar,,,200,0.55,0,5.8799996,0,6.2999997,6.2999997
polar,,,200,0.6,0,5.8799996,0,6.2999997,6.2999997
polar,,,200,0.65,0,5.8799996,0,6.2999997,6.2999997
polar,,,200,0.7,0,5.8799996,0,6.2999997,6.2999997
polar,,,200,0.75,0,5.8799996,0,6.2999997,6.2999997
polar,,,200,0.8,0,5.8799996,0,6.2999997,6.2999997
polar,,,200,0.85,0,5.8799996,0,6.2999997,6.2999997
polar,,,200,0.9,0,5.8799996,0,6.2999997,6.2999997
polar,,,200,0.95,0,5.8799996,0,6.2999997,6.2999997
polar,,,200,1,0,5.8799996,0,6.2999997,6.2999997
polar,,,201,0,0,5.8799996,0,6.2999997,6.2999997
polar,,,201,0.05,0,5.8799996,0,6.2999997,6.2999997
polar,,,201,0.1,0,5.8799996,0,6.2999997,6.2999997
polar,,,201,0.15,0,5.8799996,0,6.2999997,6.2999997
polar,,,201,0.2,0,5.8799996,0,6.2999997,6.2999997
polar,,,201,0.25,0,5.8799996,0,6.2999997,6.2999997
polar,,,201,0.3,0,5.8799996,0,6.2999997,6.2999997
polar,,,201,0.35,0,5.8799996,0,6.2999997,6.2999997
polar,,,201,0.4,0,5.8799996,0,6.2999997,6.2999997
polar,,,201,0.45,0,5.8799996,0,6.2999997,6.2999997
polar,,,201,0.5,0,5.8799996,0,6.2999997,6.2999997
polar,,,201,0.55,0,5.8799996,0,6.2999997,6.2999997
polar,,,201,0.6,0,5.8799996,0,6.2999997,6.2999997
polar,,,201,0.65,0,5.8799996,0,6.2999997,6.2999997
polar,,,201,0.7,0,5.8799996,0,6.2999997,6.2999997
polar,,,201,0.75,0,5.8799996,0,6.2999997,6.2999997
polar,,,201,0.8,0,5.8799996,0,6.2999997,6.2999997
polar,,,201,0.85,0,5.8799996,0,6.2999997,6.2999997
polar,,,201,0.9,0,5.8799996,0,6.2999997,6.2999997
polar,,,201,0.95,0,5.8799996,0,6.2999997,6.2999997
polar,,,201,1,0,5.8799996,0,6.2999997,6.2999997
polar,,,202,0,0,5.8799996,0,6.2999997,6.2999997
polar,,,202,0.05,0,5.8799996,0,6.2999997,6.2999997
polar,,,202,0.1,0,5.8799996,0,6.2999997,6.2999997
polar,,,202,0.15,0,5.8799996,0,6.2999997,6.2999997
polar,,,202,0.2,0,5.8799996,0,6.2999997,6.2999997
polar,,,202,0.25,0,5.8799996,0,6.2999997,6.2999997
polar,,,202,0.3,0,5.8799996,0,6.2999997,6.2999997
polar,,,202,0.35,0,5.8799996,0,6.2999997,6.2999997
polar,,,202,0.4,0,5.8799996,0,6.2999997,6.2999997
polar,,,202,0.45,0,5.8799996,0,6.2999997,6.2999997
polar,,,202,0.5,0,5.8799996,0,6.2999997,6.2999997
polar,,,202,0.55,0,5.8799996,0,6.2999997,6.2999997
polar,,,202,0.6,0,5.8799996,0,6.2999997,6.2999997
polar,,,202,0.65,0,5.8799996,0,6.2999997,6.2999997
polar,,,202,0.7,0,5.8799996,0,6.2999997,6.2999997
polar,,,202,0.75,0,5.8799996,0,6.2999997,6.2999997
polar,,,202,0.8,0,5.8799996,0,6.2999997,6.2999997
polar,,,202,0.85,0,5.8799996,0,6.2999997,6.2999997
polar,,,202,0.9,0,5.8799996,0,6.2999997,6.2999997
polar,,,202,0.95,0,5.8799996,0,6.2999997,6.2999997
polar,,,202,1,0,5.8799996,0,6.2999997,6.2999997
polar,,,203,0,0,5.8799996,0,6.2999997,6.2999997
polar,,,203,0.05,0,5.8799996,0,6.2999997,6.2999997
polar,,,203,0.1,0,5.8799996,0,6.2999997,6.2999997
polar,,,203,0.15,0,5.8799996,0,6.2999997,6.2999997
polar,,,203,0.2,0,5.8799996,0,6.2999997,6.2999997
polar,,,203,0.25,0,5.8799996,0,6.2999997,6.2999997
polar,,,203,0.3,0,5.8799996,0,6.2999997,6.2999997
polar,,,203,0.35,0,5.8799996,0,6.2999997,6.2999997
polar,,,203,0.4,0,5.8799996,0,6.2999997,6.2999997
polar,,,203,0.45,0,5.8799996,0,6.2999997,6.2999997
polar,,,203,0.5,0,5.8799996,0,6.2999997,6.2999997
polar,,,203,0.55,0,5.8799996,0,6.2999997,6.2999997
polar,,,203,0.6,0,5.8799996,0,6.2999997,6.2999997
polar,,,203,0.65,0,5.8799996,0,6.2999997,6.2999997
polar,,,203,0.7,0,5.8799996,0,6.2999997,6.2999997
polar,,,203,0.75,0,5.8799996,0,6.2999997,6.2999997
polar,,,203,0.8,0,5.8799996,0,6.2999997,6.2999997
polar,,,203,0.85,0,5.8799996,0,6.2999997,6.2999997
polar,,,203,0.9,0,5.8799996,0,6.2999997,6.2999997
polar,,,203,0.95,0,5.8799996,0,6.2999997,6.2999997
polar,,,203,1,0,5.8799996,0,6.2999997,6.2999997
polar,,,204,0,0,5.8799996,0,6.2999997,6.2999997
polar,,,204,0.05,0,5.8799996,0,6.2999997,6.2999997
polar,,,204,0.1,0,5.8799996,0,6.2999997,6.2999997
polar,,,204,0.15,0,5.8799996,0,6.2999997,6.2999997
polar,,,204,0.2,0,5.8799996,0,6.2999997,6.2999997
polar,,,204,0.25,0,5.8799996,0,6.2999997,6.2999997
polar,,,204,0.3,0,5.8799996,0,6.2999997,6.2999997
polar,,,204,0.35,0,5.8799996,0,6.2999997,6.2999997
polar,,,204,0.4,0,5.8799996,0,6.2999997,6.2999997
polar,,,204,0.45,0,5.8799996,0,6.2999997,6.2999997
polar,,,204,0.5,0,5.8799996,0,6.2999997,6.2999997
polar,,,204,0.55,0,5.8799996,0,6.2999997,6.2999997
polar,,,204,0.6,0,5.8799996,0,6.2999997,6.2999997
polar,,,204,0.65,0,5.8799996,0,6.2999997,6.2999997
polar,,,204,0.7,0,5.8799996,0,6.2999997,6.2999997
polar,,,204,0.75,0,5.8799996,0,6.2999997,6.2999997
polar,,,204,0.8,0,5.8799996,0,6.2999997,6.2999997
polar,,,204,0.85,0,5.8799996,0,6.2999997,6.2999997
polar,,,204,0.9,0,5.8799996,0,6.2999997,6.2999997
polar,,,204,0.95,0,5.8799996,0,6.2999997,6.2999997
polar,,,204,1,0,5.8799996,0,6.2999997,6.2999997
polar,,,205,0,0,5.8799996,0,6.2999997,6.2999997
polar,,,205,0.05,0,5.8799996,0,6.2999997,6.2999997
polar,,,205,0.1,0,5.8799996,0,6.2999997,6.2999997
polar,,,205,0.15,0,5.8799996,0,6.2999997,6.2999997
polar,,,205,0.2,0,5.8799996,0,6.2999997,6.2999997
polar,,,205,0.25,0,5.8799996,0,6.2999997,6.2999997
polar,,,205,0.3,0,5.8799996,0,6.2999997,6.2999997
polar,,,205,0.35,0,5.8799996,0,6.2999997,6.2999997
polar,,,205,0.4,0,5.8799996,0,6.2999997,6.2999997
polar,,,205,0.45,0,5.8799996,0,6.2999997,6.2999997
polar,,,205,0.5,0,5.8799996,0,6.2999997,6.2999997
polar,,,205,0.55,0,5.8799996,0,6.2999997,6.2999997
polar,,,205,0.6,0,5.8799996,0,6.2999997,6.2999997
polar,,,205,0.65,0,5.8799996,0,6.2999997,6.2999997
polar,,,205,0.7,0,5.8799996,0,6.2999997,6.2999997
polar,,,205,0.75,0,5.8799996,0,6.2999997,6.2999997
polar,,,205,0.8,0,5.8799996,0,6.2999997,6.2999997
polar,,,205,0.85,0,5.8799996,0,6.2999997,6.2999997
polar,,,205,0.9,0,5.8799996,0,6.2999997,6.2999997
polar,,,205,0.95,0,5.8799996,0,6.2999997,6.2999997
polar,,,205,1,0,5.8799996,0,6.2999997,6.2999997
polar,,,206,0,0,5.8799996,0,6.2999997,6.2999997
polar,,,206,0.05,0,5.8799996,0,6.2999997,6.2999997
polar,,,206,0.1,0,5.8799996,0,6.2999997,6.2999997
polar,,,206,0.15,0,5.8799996,0,6.2999997,6.2999997
polar,,,206,0.2,0,5.8799996,0,6.2999997,6.2999997
polar,,,206,0.25,0,5.8799996,0,6.2999997,6.2999997
polar,,,206,0.3,0,5.8799996,0,6.2999997,6.2999997
polar,,,206,0.35,0,5.8799996,0,6.2999997,6.2999997
polar,,,206,0.4,0,5.8799996,0,6.2999997,6.2999997
polar,,,206,0.45,0,5.8799996,0,6.2999997,6.2999997
polar,,,206,0.5,0,5.8799996,0,6.2999997,6.2999997
polar,,,206,0.55,0,5.8799996,0,6.2999997,6.2999997
polar,,,206,0.6,0,5.8799996,0,6.2999997,6.2999997
polar,,,206,0.65,0,5.8799996,0,6.2999997,6.2999997
polar,,,206,0.7,0,5.8799996,0,6.2999997,6.2999997
polar,,,206,0.75,0,5.8799996,0,6.2999997,6.2999997
polar,,,206,0.8,0,5.8799996,0,6.2999997,6.2999997
polar,,,206,0.85,0,5.8799996,0,6.2999997,6.2999997
polar,,,206,0.9,0,5.8799996,0,6.2999997,6.2999997
polar,,,206,0.95,0,5.8799996,0,6.2999997,6.2999997
polar,,,206,1,0,5.8799996,0,6.2999997,6.2999997
polar,,,207,0,0,5.8799996,0,6.2999997,6.2999997
polar,,,207,0.05,0,5.8799996,0,6.2999997,6.2999997
polar,,,207,0.1,0,5.8799996,0,6.2999997,6.2999997
polar,,,207,0.15,0,5.8799996,0,6.2999997,6.2999997
polar,,,207,0.2,0,5.8799996,0,6.2999997,6.2999997
polar,,,207,0.25,0,5.8799996,0,6.2999997,6.2999997
polar,,,207,0.3,0,5.8799996,0,6.2999997,6.2999997
polar,,,207,0.35,0,5.8799996,0,6.2999997,6.2999997
polar,,,207,0.4,0,5.8799996,0,6.2999997,6.2999997
polar,,,207,0.45,0,5.8799996,0,6.2999997,6.2999997
polar,,,207,0.5,0,5.8799996,0,6.2999997,6.2999997
polar,,,207,0.55,0,5.8799996,0,6.2999997,6.2999997
polar,,,207,0.6,0,5.8799996,0,6.2999997,6.2999997
polar,,,207,0.65,0,5.8799996,0,6.2999997,6.2999997
polar,,,207,0.7,0,5.8799996,0,6.2999997,6.2999997
polar,,,207,0.75,0,5.8799996,0,6.2999997,6.2999997
polar,,,207,0.8,0,5.8799996,0,6.2999997,6.2999997
polar,,,207,0.85,0,5.8799996,0,6.2999997,6.2999997
polar,,,207,0.9,0,5.8799996,0,6.2999997,6.2999997
polar,,,207,0.95,0,5.8799996,0,6.2999997,6.2999997
polar,,,207,1,0,5.8799996,0,6.2999997,6.2999997
polar,,,208,0,0,5.8799996,0,6.2999997,6.2999997
polar,,,208,0.05,0,5.8799996,0,6.2999997,6.2999997
polar,,,208,0.1,0,5.8799996,0,6.2999997,6.2999997
polar,,,208,0.15,0,5.8799996,0,6.2999997,6.2999997
polar,,,208,0.2,0,5.8799996,0,6.2999997,6.2999997
polar,,,208,0.25,0,5.8799996,0,6.2999997,6.2999997
polar,,,208,0.3,0,5.8799996,0,6.2999997,6.2999997
polar,,,208,0.35,0,5.8799996,0,6.2999997,6.2999997
polar,,,208,0.4,0,5.8799996,0,6.2999997,6.2999997
polar,,,208,0.45,0,5.8799996,0,6.2999997,6.2999997
polar,,,208,0.5,0,5.8799996,0,6.2999997,6.2999997
polar,,,208,0.55,0,5.8799996,0,6.2999997,6.2999997
polar,,,208,0.6,0,5.8799996,0,6.2999997,6.2999997
polar,,,208,0.65,0,5.8799996,0,6.2999997,6.2999997
polar,,,208,0.7,0,5.8799996,0,6.2999997,6.2999997
polar,,,208,0.75,0,5.8799996,0,6.2999997,6.2999997
polar,,,208,0.8,0,5.8799996,0,6.2999997,6.2999997
polar,,,208,0.85,0,5.8799996,0,6.2999997,6.2999997
polar,,,208,0.9,0,5.8799996,0,6.2999997,6.2999997
polar,,,208,0.95,0,5.8799996,0,6.2999997,6.2999997
polar,,,208,1,0,5.8799996,0,6.2999997,6.2999997
polar,,,209,0,0,5.8799996,0,6.2999997,6.2999997
polar,,,209,0.05,0,5.8799996,0,6.2999997,6.2999997
polar,,,209,0.1,0,5.8799996,0,6.2999997,6.2999997
polar,,,209,0.15,0,5.8799996,0,6.2999997,6.2999997
polar,,,209,0.2,0,5.8799996,0,6.2999997,6.2999997
polar,,,209,0.25,0,5.8799996,0,6.2999997,6.2999997
polar,,,209,0.3,0,5.8799996,0,6.2999997,6.2999997
polar,,,209,0.35,0,5.8799996,0,6.2999997,6.2999997
polar,,,209,0.4,0,5.8799996,0,6.2999997,6.2999997
polar,,,209,0.45,0,5.8799996,0,6.2999997,6.2999997
polar,,,209,0.5,0,5.8799996,0,6.2999997,6.2999997
polar,,,209,0.55,0,5.8799996,0,6.2999997,6.2999997
polar,,,209,0.6,0,5.8799996,0,6.2999997,6.2999997
polar,,,209,0.65,0,5.8799996,0,6.2999997,6.2999997
polar,,,209,0.7,0,5.8799996,0,6.2999997,6.2999997
polar,,,209,0.75,0,5.8799996,0,6.2999997,6.2999997
polar,,,209,0.8,0,5.8799996,0,6.2999997,6.2999997
polar,,,209,0.85,0,5.8799996,0,6.2999997,6.2999997
polar,,,209,0.9,0,5.8799996,0,6.2999997,6.2999997
polar,,,209,0.95,0,5.8799996,0,6.2999997,6.2999997
polar,,,209,1,0,5.8799996,0,6.2999997,6.2999997
polar,,,210,0,0,5.8799996,0,6.2999997,6.2999997
polar,,,210,0.05,0,5.8799996,0,6.2999997,6.2999997
polar,,,210,0.1,0,5.8799996,0,6.2999997,6.2999997
polar,,,210,0.15,0,5.8799996,0,6.2999997,6.2999997
polar,,,210,0.2,0,5.8799996,0,6.2999997,6.2999997
polar,,,210,0.25,0,5.8799996,0,6.2999997,6.2999997
polar,,,210,0.3,0,5.8799996,0,6.2999997,6.2999997
polar,,,210,0.35,0,5.8799996,0,6.2999997,6.2999997
polar,,,210,0.4,0,5.8799996,0,6.2999997,6.2999997
polar,,,210,0.45,0,5.8799996,0,6.2999997,6.2999997
polar,,,210,0.5,0,5.8799996,0,6.2999997,6.2999997
polar,,,210,0.55,0,5.8799996,0,6.2999997,6.2999997
polar,,,210,0.6,0,5.8799996,0,6.2999997,6.2999997
polar,,,210,0.65,0,5.8799996,0,6.2999997,6.2999997
polar,,,210,0.7,0,5.8799996,0,6.2999997,6.2999997
polar,,,210,0.75,0,5.8799996,0,6.2999997,6.2999997
polar,,,210,0.8,0,5.8799996,0,6.2999997,6.2999997
polar,,,210,0.85,0,5.8799996,0,6.2999997,6.2999997
polar,,,210,0.9,0,5.8799996,0,6.2999997,6.2999997
polar,,,210,0.95,0,5.8799996,0,6.2999997,6.2999997
polar,,,210,1,0,5.8799996,0,6.2999997,6.2999997
polar,,,211,0,0,5.8799996,0,6.2999997,6.2999997
polar,,,211,0.05,0,5.8799996,0,6.2999997,6.2999997
polar,,,211,0.1,0,5.8799996,0,6.2999997,6.2999997
polar,,,211,0.15,0,5.8799996,0,6.2999997,6.2999997
polar,,,211,0.2,0,5.8799996,0,6.2999997,6.2999997
polar,,,211,0.25,0,5.8799996,0,6.2999997,6.2999997
polar,,,211,0.3,0,5.8799996,0,6.2999997,6.2999997
polar,,,211,0.35,0,5.8799996,0,6.2999997,6.2999997
polar,,,211,0.4,0,5.8799996,0,6.2999997,6.2999997
polar,,,211,0.45,0,5.8799996,0,6.2999997,6.2999997
polar,,,211,0.5,0,5.8799996,0,6.2999997,6.2999997
polar,,,211,0.55,0,5.8799996,0,6.2999997,6.2999997
polar,,,211,0.6,0,5.8799996,0,6.2999997,6.2999997
polar,,,211,0.65,0,5.8799996,0,6.2999997,6.2999997
polar,,,211,0.7,0,5.8799996,0,6.2999997,6.2999997
polar,,,211,0.75,0,5.8799996,0,6.2999997,6.2999997
polar,,,211,0.8,0,5.8799996,0,6.2999997,6.2999997
polar,,,211,0.85,0,5.8799996,0,6.2999997,6.2999997
polar,,,211,0.9,0,5.8799996,0,6.2999997,6.2999997
polar,,,211,0.95,0,5.8799996,0,6.2999997,6.2999997
polar,,,211,1,0,5.8799996,0,6.2999997,6.2999997
polar,,,212,0,0,5.8799996,0,6.2999997,6.2999997
polar,,,212,0.05,0,5.8799996,0,6.2999997,6.2999997
polar,,,212,0.1,0,5.8799996,0,6.2999997,6.2999997
polar,,,212,0.15,0,5.8799996,0,6.2999997,6.2999997
polar,,,212,0.2,0,5.8799996,0,6.2999997,6.2999997
polar,,,212,0.25,0,5.8799996,0,6.2999997,6.2999997
polar,,,212,0.3,0,5.8799996,0,6.2999997,6.2999997
polar,,,212,0.35,0,5.8799996,0,6.2999997,6.2999997
polar,,,212,0.4,0,5.8799996,0,6.2999997,6.2999997
polar,,,212,0.45,0,5.8799996,0,6.2999997,6.2999997
polar,,,212,0.5,0,5.8799996,0,6.2999997,6.2999997
polar,,,212,0.55,0,5.8799996,0,6.2999997,6.2999997
polar,,,212,0.6,0,5.8799996,0,6.2999997,6.2999997
polar,,,212,0.65,0,5.8799996,0,6.2999997,6.2999997
polar,,,212,0.7,0,5.8799996,0,6.2999997,6.2999997
polar,,,212,0.75,0,5.8799996,0,6.2999997,6.2999997
polar,,,212,0.8,0,5.8799996,0,6.2999997,6.2999997
polar,,,212,0.85,0,5.8799996,0,6.2999997,6.2999997
polar,,,212,0.9,0,5.8799996,0,6.2999997,6.2999997
polar,,,212,0.95,0,5.8799996,0,6.2999997,6.2999997
polar,,,212,1,0,5.8799996,0,6.2999997,6.2999997
polar,,,213,0,0,5.8799996,0,6.2999997,6.2999997
polar,,,213,0.05,0,5.8799996,0,6.2999997,6.2999997
polar,,,213,0.1,0,5.8799996,0,6.2999997,6.2999997
polar,,,213,0.15,0,5.8799996,0,6.2999997,6.2999997
polar,,,213,0.2,0,5.8799996,0,6.2999997,6.2999997
polar,,,213,0.25,0,5.8799996,0,6.2999997,6.2999997
polar,,,213,0.3,0,5.8799996,0,6.2999997,6.2999997
polar,,,213,0.35,0,5.8799996,0,6.2999997,6.2999997
polar,,,213,0.4,0,5.8799996,0,6.2999997,6.2999997
polar,,,213,0.45,0,5.8799996,0,6.2999997,6.2999997
polar,,,213,0.5,0,5.8799996,0,6.2999997,6.2999997
polar,,,213,0.55,0,5.8799996,0,6.2999997,6.2999997
polar,,,213,0.6,0,5.8799996,0,6.2999997,6.2999997
polar,,,213,0.65,0,5.8799996,0,6.2999997,6.2999997
polar,,,213,0.7,0,5.8799996,0,6.2999997,6.2999997
polar,,,213,0.75,0,5.8799996,0,6.2999997,6.2999997
polar,,,213,0.8,0,5.8799996,0,6.2999997,6.2999997
polar,,,213,0.85,0,5.8799996,0,6.2999997,6.2999997
polar,,,213,0.9,0,5.8799996,0,6.2999997,6.2999997
polar,,,213,0.95,0,5.8799996,0,6.2999997,6.2999997
polar,,,213,1,0,5.8799996,0,6.2999997,6.2999997
polar,,,214,0,0,5.8799996,0,6.2999997,6.2999997
polar,,,214,0.05,0,5.8799996,0,6.2999997,6.2999997
polar,,,214,0.1,0,5.8799996,0,6.2999997,6.2999997
polar,,,214,0.15,0,5.8799996,0,6.2999997,6.2999997
polar,,,214,0.2,0,5.8799996,0,6.2999997,6.2999997
polar,,,214,0.25,0,5.8799996,0,6.2999997,6.2999997
polar,,,214,0.3,0,5.8799996,0,6.2999997,6.2999997
polar,,,214,0.35,0,5.8799996,0,6.2999997,6.2999997
polar,,,214,0.4,0,5.8799996,0,6.2999997,6.2999997
polar,,,214,0.45,0,5.8799996,0,6.2999997,6.2999997
polar,,,214,0.5,0,5.8799996,0,6.2999997,6.2999997
polar,,,214,0.55,0,5.8799996,0,6.2999997,6.2999997
polar,,,214,0.6,0,5.8799996,0,6.2999997,6.2999997
polar,,,214,0.65,0,5.8799996,0,6.2999997,6.2999997
polar,,,214,0.7,0,5.8799996,0,6.2999997,6.2999997
polar,,,214,0.75,0,5.8799996,0,6.2999997,6.2999997
polar,,,214,0.8,0,5.8799996,0,6.2999997,6.2999997
polar,,,214,0.85,0,5.8799996,0,6.2999997,6.2999997
polar,,,214,0.9,0,5.8799996,0,6.2999997,6.2999997
polar,,,214,0.95,0,5.8799996,0,6.2999997,6.2999997
polar,,,214,1,0,5.8799996,0,6.2999997,6.2999997
polar,,,215,0,0,5.8799996,0,6.2999997,6.2999997
polar,,,215,0.05,0,5.8799996,0,6.2999997,6.2999997
polar,,,215,0.1,0,5.8799996,0,6.2999997,6.2999997
polar,,,215,0.15,0,5.8799996,0,6.2999997,6.2999997
polar,,,215,0.2,0,5.8799996,0,6.2999997,6.2999997
polar,,,215,0.25,0,5.8799996,0,6.2999997,6.2999997
polar,,,215,0.3,0,5.8799996,0,6.2999997,6.2999997
polar,,,215,0.35,0,5.8799996,0,6.2999997,6.2999997
polar,,,215,0.4,0,5.8799996,0,6.2999997,6.2999997
polar,,,215,0.45,0,5.8799996,0,6.2999997,6.2999997
polar,,,215,0.5,0,5.8799996,0,6.2999997,6.2999997
polar,,,215,0.55,0,5.8799996,0,6.2999997,6.2999997
polar,,,215,0.6,0,5.8799996,0,6.2999997,6.2999997
polar,,,215,0.65,0,5.8799996,0,6.2999997,6.2999997
polar,,,215,0.7,0,5.8799996,0,6.2999997,6.2999997
polar,,,215,0.75,0,5.8799996,0,6.2999997,6.2999997
polar,,,215,0.8,0,5.8799996,0,6.2999997,6.2999997
polar,,,215,0.85,0,5.8799996,0,6.2999997,6.2999997
polar,,,215,0.9,0,5.8799996,0,6.2999997,6.2999997
polar,,,215,0.95,0,5.8799996,0,6.2999997,6.2999997
polar,,,215,1,0,5.8799996,0,6.2999997,6.2999997
polar,,,216,0,0,5.8799996,0,6.2999997,6.2999997
polar,,,216,0.05,0,5.8799996,0,6.2999997,6.2999997
polar,,,216,0.1,0,5.8799996,0,6.2999997,6.2999997
polar,,,216,0.15,0,5.8799996,0,6.2999997,6.2999997
polar,,,216,0.2,0,5.8799996,0,6.2999997,6.2999997
polar,,,216,0.25,0,5.8799996,0,6.2999997,6.2999997
polar,,,216,0.3,0,5.8799996,0,6.2999997,6.2999997
polar,,,216,0.35,0,5.8799996,0,6.2999997,6.2999997
polar,,,216,0.4,0,5.8799996,0,6.2999997,6.2999997
polar,,,216,0.45,0,5.8799996,0,6.2999997,6.2999997
polar,,,216,0.5,0,5.8799996,0,6.2999997,6.2999997
polar,,,216,0.55,0,5.8799996,0,6.2999997,6.2999997
polar,,,216,0.6,0,5.8799996,0,6.2999997,6.2999997
polar,,,216,0.65,0,5.8799996,0,6.2999997,6.2999997
polar,,,216,0.7,0,5.8799996,0,6.2999997,6.2999997
polar,,,216,0.75,0,5.8799996,0,6.2999997,6.2999997
polar,,,216,0.8,0,5.8799996,0,6.2999997,6.2999997
polar,,,216,0.85,0,5.8799996,0,6.2999997,6.2999997
polar,,,216,0.9,0,5.8799996,0,6.2999997,6.2999997
polar,,,216,0.95,0,5.8799996,0,6.2999997,6.2999997
polar,,,216,1,0,5.8799996,0,6.2999997,6.2999997
polar,,,217,0,0,5.8799996,0,6.2999997,6.2999997
polar,,,217,0.05,0,5.8799996,0,6.2999997,6.2999997
polar,,,217,0.1,0,5.8799996,0,6.2999997,6.2999997
polar,,,217,0.15,0,5.8799996,0,6.2999997,6.2999997
polar,,,217,0.2,0,5.8799996,0,6.2999997,6.2999997
polar,,,217,0.25,0,5.8799996,0,6.2999997,6.2999997
polar,,,217,0.3,0,5.8799996,0,6.2999997,6.2999997
polar,,,217,0.35,0,5.8799996,0,6.2999997,6.2999997
polar,,,217,0.4,0,5.8799996,0,6.2999997,6.2999997
polar,,,217,0.45,0,5.8799996,0,6.2999997,6.2999997
polar,,,217,0.5,0,5.8799996,0,6.2999997,6.2999997
polar,,,217,0.55,0,5.8799996,0,6.2999997,6.2999997
polar,,,217,0.6,0,5.8799996,0,6.2999997,6.2999997
polar,,,217,0.65,0,5.8799996,0,6.2999997,6.2999997
polar,,,217,0.7,0,5.8799996,0,6.2999997,6.2999997
polar,,,217,0.75,0,5.8799996,0,6.2999997,6.2999997
polar,,,217,0.8,0,5.8799996,0,6.2999997,6.2999997
polar,,,217,0.85,0,5.8799996,0,6.2999997,6.2999997
polar,,,217,0.9,0,5.8799996,0,6.2999997,6.2999997
polar,,,217,0.95,0,5.8799996,0,6.2999997,6.2999997
polar,,,217,1,0,5.8799996,0,6.2999997,6.2999997
polar,,,218,0,0,5.8799996,0,6.2999997,6.2999997
polar,,,218,0.05,0,5.8799996,0,6.2999997,6.2999997
polar,,,218,0.1,0,5.8799996,0,6.2999997,6.2999997
polar,,,218,0.15,0,5.8799996,0,6.2999997,6.2999997
polar,,,218,0.2,0,5.8799996,0,6.2999997,6.2999997
polar,,,218,0.25,0,5.8799996,0,6.2999997,6.2999997
polar,,,218,0.3,0,5.8799996,0,6.2999997,6.2999997
polar,,,218,0.35,0,5.8799996,0,6.2999997,6.2999997
polar,,,218,0.4,0,5.8799996,0,6.2999997,6.2999997
polar,,,218,0.45,0,5.8799996,0,6.2999997,6.2999997
polar,,,218,0.5,0,5.8799996,0,6.2999997,6.2999997
polar,,,218,0.55,0,5.8799996,0,6.2999997,6.2999997
polar,,,218,0.6,0,5.8799996,0,6.2999997,6.2999997
polar,,,218,0.65,0,5.8799996,0,6.2999997,6.2999997
polar,,,218,0.7,0,5.8799996,0,6.2999997,6.2999997
polar,,,218,0.75,0,5.8799996,0,6.2999997,6.2999997
polar,,,218,0.8,0,5.8799996,0,6.2999997,6.2999997
polar,,,218,0.85,0,5.8799996,0,6.2999997,6.2999997
polar,,,218,0.9,0,5.8799996,0,6.2999997,6.2999997
polar,,,218,0.95,0,5.8799996,0,6.2999997,6.2999997
polar,,,218,1,0,5.8799996,0,6.2999997,6.2999997
polar,,,219,0,0,5.8799996,0,6.2999997,6.2999997
polar,,,219,0.05,0,5.8799996,0,6.2999997,6.2999997
polar,,,219,0.1,0,5.8799996,0,6.2999997,6.2999997
polar,,,219,0.15,0,5.8799996,0,6.2999997,6.2999997
polar,,,219,0.2,0,5.8799996,0,6.2999997,6.2999997
polar,,,219,0.25,0,5.8799996,0,6.2999997,6.2999997
polar,,,219,0.3,0,5.8799996,0,6.2999997,6.2999997
polar,,,219,0.35,0,5.8799996,0,6.2999997,6.2999997
polar,,,219,0.4,0,5.8799996,0,6.2999997,6.2999997
polar,,,219,0.45,0,5.8799996,0,6.2999997,6.2999997
polar,,,219,0.5,0,5.8799996,0,6.2999997,6.2999997
polar,,,219,0.55,0,5.8799996,0,6.2999997,6.2999997
polar,,,219,0.6,0,5.8799996,0,6.2999997,6.2999997
polar,,,219,0.65,0,5.8799996,0,6.2999997,6.2999997
polar,,,219,0.7,0,5.8799996,0,6.2999997,6.2999997
polar,,,219,0.75,0,5.8799996,0,6.2999997,6.2999997
polar,,,219,0.8,0,5.8799996,0,6.2999997,6.2999997
polar,,,219,0.85,0,5.8799996,0,6.2999997,6.2999997
polar,,,219,0.9,0,5.8799996,0,6.2999997,6.2999997
polar,,,219,0.95,0,5.8799996,0,6.2999997,6.2999997
polar,,,219,1,0,5.8799996,0,6.2999997,6.2999997
polar,,,220,0,0,5.8799996,0,6.2999997,6.2999997
polar,,,220,0.05,0,5.8799996,0,6.2999997,6.2999997
polar,,,220,0.1,0,5.8799996,0,6.2999997,6.2999997
polar,,,220,0.15,0,5.8799996,0,6.2999997,6.2999997
polar,,,220,0.2,0,5.8799996,0,6.2999997,6.2999997
polar,,,220,0.25,0,5.8799996,0,6.2999997,6.2999997
polar,,,220,0.3,0,5.8799996,0,6.2999997,6.2999997
polar,,,220,0.35,0,5.8799996,0,6.2999997,6.2999997
polar,,,220,0.4,0,5.8799996,0,6.2999997,6.2999997
polar,,,220,0.45,0,5.8799996,0,6.2999997,6.2999997
polar,,,220,0.5,0,5.8799996,0,6.2999997,6.2999997
polar,,,220,0.55,0,5.8799996,0,6.2999997,6.2999997
polar,,,220,0.6,0,5.8799996,0,6.2999997,6.2999997
polar,,,220,0.65,0,5.8799996,0,6.2999997,6.2999997
polar,,,220,0.7,0,5.8799996,0,6.2999997,6.2999997
polar,,,220,0.75,0,5.8799996,0,6.2999997,6.2999997
polar,,,220,0.8,0,5.8799996,0,6.2999997,6.2999997
polar,,,220,0.85,0,5.8799996,0,6.2999997,6.2999997
polar,,,220,0.9,0,5.8799996,0,6.2999997,6.2999997
polar,,,220,0.95,0,5.8799996,0,6.2999997,6.2999997
polar,,,220,1,0,5.8799996,0,6.2999997,6.2999997
polar,,,221,0,0,5.8799996,0,6.2999997,6.2999997
polar,,,221,0.05,0,5.8799996,0,6.2999997,6.2999997
polar,,,221,0.1,0,5.8799996,0,6.2999997,6.2999997
polar,,,221,0.15,0,5.8799996,0,6.2999997,6.2999997
polar,,,221,0.2,0,5.8799996,0,6.2999997,6.2999997
polar,,,221,0.25,0,5.8799996,0,6.2999997,6.2999997
polar,,,221,0.3,0,5.8799996,0,6.2999997,6.2999997
polar,,,221,0.35,0,5.8799996,0,6.2999997,6.2999997
polar,,,221,0.4,0,5.8799996,0,6.2999997,6.2999997
polar,,,221,0.45,0,5.8799996,0,6.2999997,6.2999997
polar,,,221,0.5,0,5.8799996,0,6.2999997,6.2999997
polar,,,221,0.55,0,5.8799996,0,6.2999997,6.2999997
polar,,,221,0.6,0,5.8799996,0,6.2999997,6.2999997
polar,,,221,0.65,0,5.8799996,0,6.2999997,6.2999997
polar,,,221,0.7,0,5.8799996,0,6.2999997,6.2999997
polar,,,221,0.75,0,5.8799996,0,6.2999997,6.2999997
polar,,,221,0.8,0,5.8799996,0,6.2999997,6.2999997
polar,,,221,0.85,0,5.8799996,0,6.2999997,6.2999997
polar,,,221,0.9,0,5.8799996,0,6.2999997,6.2999997
polar,,,221,0.95,0,5.8799996,0,6.2999997,6.2999997
polar,,,221,1,0,5.8799996,0,6.2999997,6.2999997
polar,,,222,0,0,5.8799996,0,6.2999997,6.2999997
polar,,,222,0.05,0,5.8799996,0,6.2999997,6.2999997
polar,,,222,0.1,0,5.8799996,0,6.2999997,6.2999997
polar,,,222,0.15,0,5.8799996,0,6.2999997,6.2999997
polar,,,222,0.2,0,5.8799996,0,6.2999997,6.2999997
polar,,,222,0.25,0,5.8799996,0,6.2999997,6.2999997
polar,,,222,0.3,0,5.8799996,0,6.2999997,6.2999997
polar,,,222,0.35,0,5.8799996,0,6.2999997,6.2999997
polar,,,222,0.4,0,5.8799996,0,6.2999997,6.2999997
polar,,,222,0.45,0,5.8799996,0,6.2999997,6.2999997
polar,,,222,0.5,0,5.8799996,0,6.2999997,6.2999997
polar,,,222,0.55,0,5.8799996,0,6.2999997,6.2999997
polar,,,222,0.6,0,5.8799996,0,6.2999997,6.2999997
polar,,,222,0.65,0,5.8799996,0,6.2999997,6.2999997
polar,,,222,0.7,0,5.8799996,0,6.2999997,6.2999997
polar,,,222,0.75,0,5.8799996,0,6.2999997,6.2999997
polar,,,222,0.8,0,5.8799996,0,6.2999997,6.2999997
polar,,,222,0.85,0,5.8799996,0,6.2999997,6.2999997
polar,,,222,0.9,0,5.8799996,0,6.2999997,6.2999997
polar,,,222,0.95,0,5.8799996,0,6.2999997,6.2999997
polar,,,222,1,0,5.8799996,0,6.2999997,6.2999997
polar,,,223,0,0,5.8799996,0,6.2999997,6.2999997
polar,,,223,0.05,0,5.8799996,0,6.2999997,6.2999997
polar,,,223,0.1,0,5.8799996,0,6.2999997,6.2999997
polar,,,223,0.15,0,5.8799996,0,6.2999997,6.2999997
polar,,,223,0.2,0,5.8799996,0,6.2999997,6.2999997
polar,,,223,0.25,0,5.8799996,0,6.2999997,6.2999997
polar,,,223,0.3,0,5.8799996,0,6.2999997,6.2999997
polar,,,223,0.35,0,5.8799996,0,6.2999997,6.2999997
polar,,,223,0.4,0,5.8799996,0,6.2999997,6.2999997
polar,,,223,0.45,0,5.8799996,0,6.2999997,6.2999997
polar,,,223,0.5,0,5.8799996,0,6.2999997,6.2999997
polar,,,223,0.55,0,5.8799996,0,6.2999997,6.2999997
polar,,,223,0.6,0,5.8799996,0,6.2999997,6.2999997
polar,,,223,0.65,0,5.8799996,0,6.2999997,6.2999997
polar,,,223,0.7,0,5.8799996,0,6.2999997,6.2999997
polar,,,223,0.75,0,5.8799996,0,6.2999997,6.2999997
polar,,,223,0.8,0,5.8799996,0,6.2999997,6.2999997
polar,,,223,0.85,0,5.8799996,0,6.2999997,6.2999997
polar,,,223,0.9,0,5.8799996,0,6.2999997,6.2999997
polar,,,223,0.95,0,5.8799996,0,6.2999997,6.2999997
polar,,,223,1,0,5.8799996,0,6.2999997,6.2999997
polar,,,224,0,0,5.8799996,0,6.2999997,6.2999997
polar,,,224,0.05,0,5.8799996,0,6.2999997,6.2999997
polar,,,224,0.1,0,5.8799996,0,6.2999997,6.2999997
polar,,,224,0.15,0,5.8799996,0,6.2999997,6.2999997
polar,,,224,0.2,0,5.8799996,0,6.2999997,6.2999997
polar,,,224,0.25,0,5.8799996,0,6.2999997,6.2999997
polar,,,224,0.3,0,5.8799996,0,6.2999997,6.2999997
polar,,,224,0.35,0,5.8799996,0,6.2999997,6.2999997
polar,,,224,0.4,0,5.8799996,0,6.2999997,6.2999997
polar,,,224,0.45,0,5.8799996,0,6.2999997,6.2999997
polar,,,224,0.5,0,5.8799996,0,6.2999997,6.2999997
polar,,,224,0.55,0,5.8799996,0,6.2999997,6.2999997
polar,,,224,0.6,0,5.8799996,0,6.2999997,6.2999997
polar,,,224,0.65,0,5.8799996,0,6.2999997,6.2999997
polar,,,224,0.7,0,5.8799996,0,6.2999997,6.2999997
polar,,,224,0.75,0,5.8799996,0,6.2999997,6.2999997
polar,,,224,0.8,0,5.8799996,0,6.2999997,6.2999997
polar,,,224,0.85,0,5.8799996,0,6.2999997,6.2999997
polar,,,224,0.9,0,5.8799996,0,6.2999997,6.2999997
polar,,,224,0.95,0,5.8799996,0,6.2999997,6.2999997
polar,,,224,1,0,5.8799996,0,6.2999997,6.2999997
polar,,,225,0,0,5.8799996,0,6.2999997,6.2999997
polar,,,225,0.05,0,5.8799996,0,6.2999997,6.2999997
polar,,,225,0.1,0,5.8799996,0,6.2999997,6.2999997
polar,,,225,0.15,0,5.8799996,0,6.2999997,6.2999997
polar,,,225,0.2,0,5.8799996,0,6.2999997,6.2999997
polar,,,225,0.25,0,5.8799996,0,6.2999997,6.2999997
polar,,,225,0.3,0,5.8799996,0,6.2999997,6.2999997
polar,,,225,0.35,0,5.8799996,0,6.2999997,6.2999997
polar,,,225,0.4,0,5.8799996,0,6.2999997,6.2999997
polar,,,225,0.45,0,5.8799996,0,6.2999997,6.2999997
polar,,,225,0.5,0,5.8799996,0,6.2999997,6.2999997
polar,,,225,0.55,0,5.8799996,0,6.2999997,6.2999997
polar,,,225,0.6,0,5.8799996,0,6.2999997,6.2999997
polar,,,225,0.65,0,5.8799996,0,6.2999997,6.2999997
polar,,,225,0.7,0,5.8799996,0,6.2999997,6.2999997
polar,,,225,0.75,0,5.8799996,0,6.2999997,6.2999997
polar,,,225,0.8,0,5.8799996,0,6.2999997,6.2999997
polar,,,225,0.85,0,5.8799996,0,6.2999997,6.2999997
polar,,,225,0.9,0,5.8799996,0,6.2999997,6.2999997
polar,,,225,0.95,0,5.8799996,0,6.2999997,6.2999997
polar,,,225,1,0,5.8799996,0,6.2999997,6.2999997
polar,,,226,0,0,5.8799996,0,6.2999997,6.2999997
polar,,,226,0.05,0,5.8799996,0,6.2999997,6.2999997
polar,,,226,0.1,0,5.8799996,0,6.2999997,6.2999997
polar,,,226,0.15,0,5.8799996,0,6.2999997,6.2999997
polar,,,226,0.2,0,5.8799996,0,6.2999997,6.2999997
polar,,,226,0.25,0,5.8799996,0,6.2999997,6.2999997
polar,,,226,0.3,0,5.8799996,0,6.2999997,6.2999997
polar,,,226,0.35,0,5.8799996,0,6.2999997,6.2999997
polar,,,226,0.4,0,5.8799996,0,6.2999997,6.2999997
polar,,,226,0.45,0,5.8799996,0,6.2999997,6.2999997
polar,,,226,0.5,0,5.8799996,0,6.2999997,6.2999997
polar,,,226,0.55,0,5.8799996,0,6.2999997,6.2999997
polar,,,226,0.6,0,5.8799996,0,6.2999997,6.2999997
polar,,,226,0.65,0,5.8799996,0,6.2999997,6.2999997
polar,,,226,0.7,0,5.8799996,0,6.2999997,6.2999997
polar,,,226,0.75,0,5.8799996,0,6.2999997,6.2999997
polar,,,226,0.8,0,5.8799996,0,6.2999997,6.2999997
polar,,,226,0.85,0,5.8799996,0,6.2999997,6.2999997
polar,,,226,0.9,0,5.8799996,0,6.2999997,6.2999997
polar,,,226,0.95,0,5.8799996,0,6.2999997,6.2999997
polar,,,226,1,0,5.8799996,0,6.2999997,6.2999997
polar,,,227,0,0,5.8799996,0,6.2999997,6.2999997
polar,,,227,0.05,0,5.8799996,0,6.2999997,6.2999997
polar,,,227,0.1,0,5.8799996,0,6.2999997,6.2999997
polar,,,227,0.15,0,5.8799996,0,6.2999997,6.2999997
polar,,,227,0.2,0,5.8799996,0,6.2999997,6.2999997
polar,,,227,0.25,0,5.8799996,0,6.2999997,6.2999997
polar,,,227,0.3,0,5.8799996,0,6.2999997,6.2999997
polar,,,227,0.35,0,5.8799996,0,6.2999997,6.2999997
polar,,,227,0.4,0,5.8799996,0,6.2999997,6.2999997
polar,,,227,0.45,0,5.8799996,0,6.2999997,6.2999997
polar,,,227,0.5,0,5.8799996,0,6.2999997,6.2999997
polar,,,227,0.55,0,5.8799996,0,6.2999997,6.2999997
polar,,,227,0.6,0,5.8799996,0,6.2999997,6.2999997
polar,,,227,0.65,0,5.8799996,0,6.2999997,6.2999997
polar,,,227,0.7,0,5.8799996,0,6.2999997,6.2999997
polar,,,227,0.75,0,5.8799996,0,6.2999997,6.2999997
polar,,,227,0.8,0,5.8799996,0,6.2999997,6.2999997
polar,,,227,0.85,0,5.8799996,0,6.2999997,6.2999997
polar,,,227,0.9,0,5.8799996,0,6.2999997,6.2999997
polar,,,227,0.95,0,5.8799996,0,6.2999997,6.2999997
polar,,,227,1,0,5.8799996,0,6.2999997,6.2999997
polar,,,228,0,0,5.8799996,0,6.2999997,6.2999997
polar,,,228,0.05,0,5.8799996,0,6.2999997,6.2999997
polar,,,228,0.1,0,5.8799996,0,6.2999997,6.2999997
polar,,,228,0.15,0,5.8799996,0,6.2999997,6.2999997
polar,,,228,0.2,0,5.8799996,0,6.2999997,6.2999997
polar,,,228,0.25,0,5.8799996,0,6.2999997,6.2999997
polar,,,228,0.3,0,5.8799996,0,6.2999997,6.2999997
polar,,,228,0.35,0,5.8799996,0,6.2999997,6.2999997
polar,,,228,0.4,0,5.8799996,0,6.2999997,6.2999997
polar,,,228,0.45,0,5.8799996,0,6.2999997,6.2999997
polar,,,228,0.5,0,5.8799996,0,6.2999997,6.2999997
polar,,,228,0.55,0,5.8799996,0,6.2999997,6.2999997
polar,,,228,0.6,0,5.8799996,0,6.2999997,6.2999997
polar,,,228,0.65,0,5.8799996,0,6.2999997,6.2999997
polar,,,228,0.7,0,5.8799996,0,6.2999997,6.2999997
polar,,,228,0.75,0,5.8799996,0,6.2999997,6.2999997
polar,,,228,0.8,0,5.8799996,0,6.2999997,6.2999997
polar,,,228,0.85,0,5.8799996,0,6.2999997,6.2999997
polar,,,228,0.9,0,5.8799996,0,6.2999997,6.2999997
polar,,,228,0.95,0,5.8799996,0,6.2999997,6.2999997
polar,,,228,1,0,5.8799996,0,6.2999997,6.2999997
polar,,,229,0,0,5.8799996,0,6.2999997,6.2999997
polar,,,229,0.05,0,5.8799996,0,6.2999997,6.2999997
polar,,,229,0.1,0,5.8799996,0,6.2999997,6.2999997
polar,,,229,0.15,0,5.8799996,0,6.2999997,6.2999997
polar,,,229,0.2,0,5.8799996,0,6.2999997,6.2999997
polar,,,229,0.25,0,5.8799996,0,6.2999997,6.2999997
polar,,,229,0.3,0,5.8799996,0,6.2999997,6.2999997
polar,,,229,0.35,0,5.8799996,0,6.2999997,6.2999997
polar,,,229,0.4,0,5.8799996,0,6.2999997,6.2999997
polar,,,229,0.45,0,5.8799996,0,6.2999997,6.2999997
polar,,,229,0.5,0,5.8799996,0,6.2999997,6.2999997
polar,,,229,0.55,0,5.8799996,0,6.2999997,6.2999997
polar,,,229,0.6,0,5.8799996,0,6.2999997,6.2999997
polar,,,229,0.65,0,5.8799996,0,6.2999997,6.2999997
polar,,,229,0.7,0,5.8799996,0,6.2999997,6.2999997
polar,,,229,0.75,0,5.8799996,0,6.2999997,6.2999997
polar,,,229,0.8,0,5.8799996,0,6.2999997,6.2999997
polar,,,229,0.85,0,5.8799996,0,6.2999997,6.2999997
polar,,,229,0.9,0,5.8799996,0,6.2999997,6.2999997
polar,,,229,0.95,0,5.8799996,0,6.2999997,6.2999997
polar,,,229,1,0,5.8799996,0,6.2999997,6.2999997
polar,,,230,0,0,5.8799996,0,6.2999997,6.2999997
polar,,,230,0.05,0,5.8799996,0,6.2999997,6.2999997
polar,,,230,0.1,0,5.8799996,0,6.2999997,6.2999997
polar,,,230,0.15,0,5.8799996,0,6.2999997,6.2999997
polar,,,230,0.2,0,5.8799996,0,6.2999997,6.2999997
polar,,,230,0.25,0,5.8799996,0,6.2999997,6.2999997
polar,,,230,0.3,0,5.8799996,0,6.2999997,6.2999997
polar,,,230,0.35,0,5.8799996,0,6.2999997,6.2999997
polar,,,230,0.4,0,5.8799996,0,6.2999997,6.2999997
polar,,,230,0.45,0,5.8799996,0,6.2999997,6.2999997
polar,,,230,0.5,0,5.8799996,0,6.2999997,6.2999997
polar,,,230,0.55,0,5.8799996,0,6.2999997,6.2999997
polar,,,230,0.6,0,5.8799996,0,6.2999997,6.2999997
polar,,,230,0.65,0,5.8799996,0,6.2999997,6.2999997
polar,,,230,0.7,0,5.8799996,0,6.2999997,6.2999997
polar,,,230,0.75,0,5.8799996,0,6.2999997,6.2999997
polar,,,230,0.8,0,5.8799996,0,6.2999997,6.2999997
polar,,,230,0.85,0,5.8799996,0,6.2999997,6.2999997
polar,,,230,0.9,0,5.8799996,0,6.2999997,6.2999997
polar,,,230,0.95,0,5.8799996,0,6.2999997,6.2999997
polar,,,230,1,0,5.8799996,0,6.2999997,6.2999997
polar,,,231,0,0,5.8799996,0,6.2999997,6.2999997
polar,,,231,0.05,0,5.8799996,0,6.2999997,6.2999997
polar,,,231,0.1,0,5.8799996,0,6.2999997,6.2999997
polar,,,231,0.15,0,5.8799996,0,6.2999997,6.2999997
polar,,,231,0.2,0,5.8799996,0,6.2999997,6.2999997
polar,,,231,0.25,0,5.8799996,0,6.2999997,6.2999997
polar,,,231,0.3,0,5.8799996,0,6.2999997,6.2999997
polar,,,231,0.35,0,5.8799996,0,6.2999997,6.2999997
polar,,,231,0.4,0,5.8799996,0,6.2999997,6.2999997
polar,,,231,0.45,0,5.8799996,0,6.2999997,6.2999997
polar,,,231,0.5,0,5.8799996,0,6.2999997,6.2999997
polar,,,231,0.55,0,5.8799996,0,6.2999997,6.2999997
polar,,,231,0.6,0,5.8799996,0,6.2999997,6.2999997
polar,,,231,0.65,0,5.8799996,0,6.2999997,6.2999997
polar,,,231,0.7,0,5.8799996,0,6.2999997,6.2999997
polar,,,231,0.75,0,5.8799996,0,6.2999997,6.2999997
polar,,,231,0.8,0,5.8799996,0,6.2999997,6.2999997
polar,,,231,0.85,0,5.8799996,0,6.2999997,6.2999997
polar,,,231,0.9,0,5.8799996,0,6.2999997,6.2999997
polar,,,231,0.95,0,5.8799996,0,6.2999997,6.2999997
polar,,,231,1,0,5.8799996,0,6.2999997,6.2999997
polar,,,232,0,0,5.8799996,0,6.2999997,6.2999997
polar,,,232,0.05,0,5.8799996,0,6.2999997,6.2999997
polar,,,232,0.1,0,5.8799996,0,6.2999997,6.2999997
polar,,,232,0.15,0,5.8799996,0,6.2999997,6.2999997
polar,,,232,0.2,0,5.8799996,0,6.2999997,6.2999997
polar,,,232,0.25,0,5.8799996,0,6.2999997,6.2999997
polar,,,232,0.3,0,5.8799996,0,6.2999997,6.2999997
polar,,,232,0.35,0,5.8799996,0,6.2999997,6.2999997
polar,,,232,0.4,0,5.8799996,0,6.2999997,6.2999997
polar,,,232,0.45,0,5.8799996,0,6.2999997,6.2999997
polar,,,232,0.5,0,5.8799996,0,6.2999997,6.2999997
polar,,,232,0.55,0,5.8799996,0,6.2999997,6.2999997
polar,,,232,0.6,0,5.8799996,0,6.2999997,6.2999997
polar,,,232,0.65,0,5.8799996,0,6.2999997,6.2999997
polar,,,232,0.7,0,5.8799996,0,6.2999997,6.2999997
polar,,,232,0.75,0,5.8799996,0,6.2999997,6.2999997
polar,,,232,0.8,0,5.8799996,0,6.2999997,6.2999997
polar,,,232,0.85,0,5.8799996,0,6.2999997,6.2999997
polar,,,232,0.9,0,5.8799996,0,6.2999997,6.2999997
polar,,,232,0.95,0,5.8799996,0,6.2999997,6.2999997
polar,,,232,1,0,5.8799996,0,6.2999997,6.2999997
polar,,,233,0,0,5.8799996,0,6.2999997,6.2999997
polar,,,233,0.05,0,5.8799996,0,6.2999997,6.2999997
polar,,,233,0.1,0,5.8799996,0,6.2999997,6.2999997
polar,,,233,0.15,0,5.8799996,0,6.2999997,6.2999997
polar,,,233,0.2,0,5.8799996,0,6.2999997,6.2999997
polar,,,233,0.25,0,5.8799996,0,6.2999997,6.2999997
polar,,,233,0.3,0,5.8799996,0,6.2999997,6.2999997
polar,,,233,0.35,0,5.8799996,0,6.2999997,6.2999997
polar,,,233,0.4,0,5.8799996,0,6.2999997,6.2999997
polar,,,233,0.45,0,5.8799996,0,6.2999997,6.2999997
polar,,,233,0.5,0,5.8799996,0,6.2999997,6.2999997
polar,,,233,0.55,0,5.8799996,0,6.2999997,6.2999997
polar,,,233,0.6,0,5.8799996,0,6.2999997,6.2999997
polar,,,233,0.65,0,5.8799996,0,6.2999997,6.2999997
polar,,,233,0.7,0,5.8799996,0,6.2999997,6.2999997
polar,,,233,0.75,0,5.8799996,0,6.2999997,6.2999997
polar,,,233,0.8,0,5.8799996,0,6.2999997,6.2999997
polar,,,233,0.85,0,5.8799996,0,6.2999997,6.2999997
polar,,,233,0.9,0,5.8799996,0,6.2999997,6.2999997
polar,,,233,0.95,0,5.8799996,0,6.2999997,6.2999997
polar,,,233,1,0,5.8799996,0,6.2999997,6.2999997
polar,,,234,0,0,5.8799996,0,6.2999997,6.2999997
polar,,,234,0.05,0,5.8799996,0,6.2999997,6.2999997
polar,,,234,0.1,0,5.8799996,0,6.2999997,6.2999997
polar,,,234,0.15,0,5.8799996,0,6.2999997,6.2999997
polar,,,234,0.2,0,5.8799996,0,6.2999997,6.2999997
polar,,,234,0.25,0,5.8799996,0,6.2999997,6.2999997
polar,,,234,0.3,0,5.8799996,0,6.2999997,6.2999997
polar,,,234,0.35,0,5.8799996,0,6.2999997,6.2999997
polar,,,234,0.4,0,5.8799996,0,6.2999997,6.2999997
polar,,,234,0.45,0,5.8799996,0,6.2999997,6.2999997
polar,,,234,0.5,0,5.8799996,0,6.2999997,6.2999997
polar,,,234,0.55,0,5.8799996,0,6.2999997,6.2999997
polar,,,234,0.6,0,5.8799996,0,6.2999997,6.2999997
polar,,,234,0.65,0,5.8799996,0,6.2999997,6.2999997
polar,,,234,0.7,0,5.8799996,0,6.2999997,6.2999997
polar,,,234,0.75,0,5.8799996,0,6.2999997,6.2999997
polar,,,234,0.8,0,5.8799996,0,6.2999997,6.2999997
polar,,,234,0.85,0,5.8799996,0,6.2999997,6.2999997
polar,,,234,0.9,0,5.8799996,0,6.2999997,6.2999997
polar,,,234,0.95,0,5.8799996,0,6.2999997,6.2999997
polar,,,234,1,0,5.8799996,0,6.2999997,6.2999997
polar,,,235,0,0,5.8799996,0,6.2999997,6.2999997
polar,,,235,0.05,0,5.8799996,0,6.2999997,6.2999997
polar,,,235,0.1,0,5.8799996,0,6.2999997,6.2999997
polar,,,235,0.15,0,5.8799996,0,6.2999997,6.2999997
polar,,,235,0.2,0,5.8799996,0,6.2999997,6.2999997
polar,,,235,0.25,0,5.8799996,0,6.2999997,6.2999997
polar,,,235,0.3,0,5.8799996,0,6.2999997,6.2999997
polar,,,235,0.35,0,5.8799996,0,6.2999997,6.2999997
polar,,,235,0.4,0,5.8799996,0,6.2999997,6.2999997
polar,,,235,0.45,0,5.8799996,0,6.2999997,6.2999997
polar,,,235,0.5,0,5.8799996,0,6.2999997,6.2999997
polar,,,235,0.55,0,5.8799996,0,6.2999997,6.2999997
polar,,,235,0.6,0,5.8799996,0,6.2999997,6.2999997
polar,,,235,0.65,0,5.8799996,0,6.2999997,6.2999997
polar,,,235,0.7,0,5.8799996,0,6.2999997,6.2999997
polar,,,235,0.75,0,5.8799996,0,6.2999997,6.2999997
polar,,,235,0.8,0,5.8799996,0,6.2999997,6.2999997
polar,,,235,0.85,0,5.8799996,0,6.2999997,6.2999997
polar,,,235,0.9,0,5.8799996,0,6.2999997,6.2999997
polar,,,235,0.95,0,5.8799996,0,6.2999997,6.2999997
polar,,,235,1,0,5.8799996,0,6.2999997,6.2999997
polar,,,236,0,0,5.8799996,0,6.2999997,6.2999997
polar,,,236,0.05,0,5.8799996,0,6.2999997,6.2999997
polar,,,236,0.1,0,5.8799996,0,6.2999997,6.2999997
polar,,,236,0.15,0,5.8799996,0,6.2999997,6.2999997
polar,,,236,0.2,0,5.8799996,0,6.2999997,6.2999997
polar,,,236,0.25,0,5.8799996,0,6.2999997,6.2999997
polar,,,236,0.3,0,5.8799996,0,6.2999997,6.2999997
polar,,,236,0.35,0,5.8799996,0,6.2999997,6.2999997
polar,,,236,0.4,0,5.8799996,0,6.2999997,6.2999997
polar,,,236,0.45,0,5.8799996,0,6.2999997,6.2999997
polar,,,236,0.5,0,5.8799996,0,6.2999997,6.2999997
polar,,,236,0.55,0,5.8799996,0,6.2999997,6.2999997
polar,,,236,0.6,0,5.8799996,0,6.2999997,6.2999997
polar,,,236,0.65,0,5.8799996,0,6.2999997,6.2999997
polar,,,236,0.7,0,5.8799996,0,6.2999997,6.2999997
polar,,,236,0.75,0,5.8799996,0,6.2999997,6.2999997
polar,,,236,0.8,0,5.8799996,0,6.2999997,6.2999997
polar,,,236,0.85,0,5.8799996,0,6.2999997,6.2999997
polar,,,236,0.9,0,5.8799996,0,6.2999997,6.2999997
polar,,,236,0.95,0,5.8799996,0,6.2999997,6.2999997
polar,,,236,1,0,5.8799996,0,6.2999997,6.2999997
polar,,,237,0,0,5.8799996,0,6.2999997,6.2999997
polar,,,237,0.05,0,5.8799996,0,6.2999997,6.2999997
polar,,,237,0.1,0,5.8799996,0,6.2999997,6.2999997
polar,,,237,0.15,0,5.8799996,0,6.2999997,6.2999997
polar,,,237,0.2,0,5.8799996,0,6.2999997,6.2999997
polar,,,237,0.25,0,5.8799996,0,6.2999997,6.2999997
polar,,,237,0.3,0,5.8799996,0,6.2999997,6.2999997
polar,,,237,0.35,0,5.8799996,0,6.2999997,6.2999997
polar,,,237,0.4,0,5.8799996,0,6.2999997,6.2999997
polar,,,237,0.45,0,5.8799996,0,6.2999997,6.2999997
polar,,,237,0.5,0,5.8799996,0,6.2999997,6.2999997
polar,,,237,0.55,0,5.8799996,0,6.2999997,6.2999997
polar,,,237,0.6,0,5.8799996,0,6.2999997,6.2999997
polar,,,237,0.65,0,5.8799996,0,6.2999997,6.2999997
polar,,,237,0.7,0,5.8799996,0,6.2999997,6.2999997
polar,,,237,0.75,0,5.8799996,0,6.2999997,6.2999997
polar,,,237,0.8,0,5.8799996,0,6.2999997,6.2999997
polar,,,237,0.85,0,5.8799996,0,6.2999997,6.2999997
polar,,,237,0.9,0,5.8799996,0,6.2999997,6.2999997
polar,,,237,0.95,0,5.8799996,0,6.2999997,6.2999997
polar,,,237,1,0,5.8799996,0,6.2999997,6.2999997
polar,,,238,0,0,5.8799996,0,6.2999997,6.2999997
polar,,,238,0.05,0,5.8799996,0,6.2999997,6.2999997
polar,,,238,0.1,0,5.8799996,0,6.2999997,6.2999997
polar,,,238,0.15,0,5.8799996,0,6.2999997,6.2999997
polar,,,238,0.2,0,5.8799996,0,6.2999997,6.2999997
polar,,,238,0.25,0,5.8799996,0,6.2999997,6.2999997
polar,,,238,0.3,0,5.8799996,0,6.2999997,6.2999997
polar,,,238,0.35,0,5.8799996,0,6.2999997,6.2999997
polar,,,238,0.4,0,5.8799996,0,6.2999997,6.2999997
polar,,,238,0.45,0,5.8799996,0,6.2999997,6.2999997
polar,,,238,0.5,0,5.8799996,0,6.2999997,6.2999997
polar,,,238,0.55,0,5.8799996,0,6.2999997,6.2999997
polar,,,238,0.6,0,5.8799996,0,6.2999997,6.2999997
polar,,,238,0.65,0,5.8799996,0,6.2999997,6.2999997
polar,,,238,0.7,0,5.8799996,0,6.2999997,6.2999997
polar,,,238,0.75,0,5.8799996,0,6.2999997,6.2999997
polar,,,238,0.8,0,5.8799996,0,6.2999997,6.2999997
polar,,,238,0.85,0,5.8799996,0,6.2999997,6.2999997
polar,,,238,0.9,0,5.8799996,0,6.2999997,6.2999997
polar,,,238,0.95,0,5.8799996,0,6.2999997,6.2999997
polar,,,238,1,0,5.8799996,0,6.2999997,6.2999997
polar,,,239,0,0,5.8799996,0,6.2999997,6.2999997
polar,,,239,0.05,0,5.8799996,0,6.2999997,6.2999997
polar,,,239,0.1,0,5.8799996,0,6.2999997,6.2999997
polar,,,239,0.15,0,5.8799996,0,6.2999997,6.2999997
polar,,,239,0.2,0,5.8799996,0,6.2999997,6.2999997
polar,,,239,0.25,0,5.8799996,0,6.2999997,6.2999997
polar,,,239,0.3,0,5.8799996,0,6.2999997,6.2999997
polar,,,239,0.35,0,5.8799996,0,6.2999997,6.2999997
polar,,,239,0.4,0,5.8799996,0,6.2999997,6.2999997
polar,,,239,0.45,0,5.8799996,0,6.2999997,6.2999997
polar,,,239,0.5,0,5.8799996,0,6.2999997,6.2999997
polar,,,239,0.55,0,5.8799996,0,6.2999997,6.2999997
polar,,,239,0.6,0,5.8799996,0,6.2999997,6.2999997
polar,,,239,0.65,0,5.8799996,0,6.2999997,6.2999997
polar,,,239,0.7,0,5.8799996,0,6.2999997,6.2999997
polar,,,239,0.75,0,5.8799996,0,6.2999997,6.2999997
polar,,,239,0.8,0,5.8799996,0,6.2999997,6.2999997
polar,,,239,0.85,0,5.8799996,0,6.2999997,6.2999997
polar,,,239,0.9,0,5.8799996,0,6.2999997,6.2999997
polar,,,239,0.95,0,5.8799996,0,6.2999997,6.2999997
polar,,,239,1,0,5.8799996,0,6.2999997,6.2999997
polar,,,240,0,0,5.8799996,0,6.2999997,6.2999997
polar,,,240,0.05,0,5.8799996,0,6.2999997,6.2999997
polar,,,240,0.1,0,5.8799996,0,6.2999997,6.2999997
polar,,,240,0.15,0,5.8799996,0,6.2999997,6.2999997
polar,,,240,0.2,0,5.8799996,0,6.2999997,6.2999997
polar,,,240,0.25,0,5.8799996,0,6.2999997,6.2999997
polar,,,240,0.3,0,5.8799996,0,6.2999997,6.2999997
polar,,,240,0.35,0,5.8799996,0,6.2999997,6.2999997
polar,,,240,0.4,0,5.8799996,0,6.2999997,6.2999997
polar,,,240,0.45,0,5.8799996,0,6.2999997,6.2999997
polar,,,240,0.5,0,5.8799996,0,6.2999997,6.2999997
polar,,,240,0.55,0,5.8799996,0,6.2999997,6.2999997
polar,,,240,0.6,0,5.8799996,0,6.2999997,6.2999997
polar,,,240,0.65,0,5.8799996,0,6.2999997,6.2999997
polar,,,240,0.7,0,5.8799996,0,6.2999997,6.2999997
polar,,,240,0.75,0,5.8799996,0,6.2999997,6.2999997
polar,,,240,0.8,0,5.8799996,0,6.2999997,6.2999997
polar,,,240,0.85,0,5.8799996,0,6.2999997,6.2999997
polar,,,240,0.9,0,5.8799996,0,6.2999997,6.2999997
polar,,,240,0.95,0,5.8799996,0,6.2999997,6.2999997
polar,,,240,1,0,5.8799996,0,6.2999997,6.2999997
polar,,,241,0,0,5.8799996,0,6.2999997,6.2999997
polar,,,241,0.05,0,5.8799996,0,6.2999997,6.2999997
polar,,,241,0.1,0,5.8799996,0,6.2999997,6.2999997
polar,,,241,0.15,0,5.8799996,0,6.2999997,6.2999997
polar,,,241,0.2,0,5.8799996,0,6.2999997,6.2999997
polar,,,241,0.25,0,5.8799996,0,6.2999997,6.2999997
polar,,,241,0.3,0,5.8799996,0,6.2999997,6.2999997
polar,,,241,0.35,0,5.8799996,0,6.2999997,6.2999997
polar,,,241,0.4,0,5.8799996,0,6.2999997,6.2999997
polar,,,241,0.45,0,5.8799996,0,6.2999997,6.2999997
polar,,,241,0.5,0,5.8799996,0,6.2999997,6.2999997
polar,,,241,0.55,0,5.8799996,0,6.2999997,6.2999997
polar,,,241,0.6,0,5.8799996,0,6.2999997,6.2999997
polar,,,241,0.65,0,5.8799996,0,6.2999997,6.2999997
polar,,,241,0.7,0,5.8799996,0,6.2999997,6.2999997
polar,,,241,0.75,0,5.8799996,0,6.2999997,6.2999997
polar,,,241,0.8,0,5.8799996,0,6.2999997,6.2999997
polar,,,241,0.85,0,5.8799996,0,6.2999997,6.2999997
polar,,,241,0.9,0,5.8799996,0,6.2999997,6.2999997
polar,,,241,0.95,0,5.8799996,0,6.2999997,6.2999997
polar,,,241,1,0,5.8799996,0,6.2999997,6.2999997
polar,,,242,0,0,5.8799996,0,6.2999997,6.2999997
polar,,,242,0.05,0,5.8799996,0,6.2999997,6.2999997
polar,,,242,0.1,0,5.8799996,0,6.2999997,6.2999997
polar,,,242,0.15,0,5.8799996,0,6.2999997,6.2999997
polar,,,242,0.2,0,5.8799996,0,6.2999997,6.2999997
polar,,,242,0.25,0,5.8799996,0,6.2999997,6.2999997
polar,,,242,0.3,0,5.8799996,0,6.2999997,6.2999997
polar,,,242,0.35,0,5.8799996,0,6.2999997,6.2999997
polar,,,242,0.4,0,5.8799996,0,6.2999997,6.2999997
polar,,,242,0.45,0,5.8799996,0,6.2999997,6.2999997
polar,,,242,0.5,0,5.8799996,0,6.2999997,6.2999997
polar,,,242,0.55,0,5.8799996,0,6.2999997,6.2999997
polar,,,242,0.6,0,5.8799996,0,6.2999997,6.2999997
polar,,,242,0.65,0,5.8799996,0,6.2999997,6.2999997
polar,,,242,0.7,0,5.8799996,0,6.2999997,6.2999997
polar,,,242,0.75,0,5.8799996,0,6.2999997,6.2999997
polar,,,242,0.8,0,5.8799996,0,6.2999997,6.2999997
polar,,,242,0.85,0,5.8799996,0,6.2999997,6.2999997
polar,,,242,0.9,0,5.8799996,0,6.2999997,6.2999997
polar,,,242,0.95,0,5.8799996,0,6.2999997,6.2999997
polar,,,242,1,0,5.8799996,0,6.2999997,6.2999997
polar,,,243,0,0,5.8799996,0,6.2999997,6.2999997
polar,,,243,0.05,0,5.8799996,0,6.2999997,6.2999997
polar,,,243,0.1,0,5.8799996,0,6.2999997,6.2999997
polar,,,243,0.15,0,5.8799996,0,6.2999997,6.2999997
polar,,,243,0.2,0,5.8799996,0,6.2999997,6.2999997
polar,,,243,0.25,0,5.8799996,0,6.2999997,6.2999997
polar,,,243,0.3,0,5.8799996,0,6.2999997,6.2999997
polar,,,243,0.35,0,5.8799996,0,6.2999997,6.2999997
polar,,,243,0.4,0,5.8799996,0,6.2999997,6.2999997
polar,,,243,0.45,0,5.8799996,0,6.2999997,6.2999997
polar,,,243,0.5,0,5.8799996,0,6.2999997,6.2999997
polar,,,243,0.55,0,5.8799996,0,6.2999997,6.2999997
polar,,,243,0.6,0,5.8799996,0,6.2999997,6.2999997
polar,,,243,0.65,0,5.8799996,0,6.2999997,6.2999997
polar,,,243,0.7,0,5.8799996,0,6.2999997,6.2999997
polar,,,243,0.75,0,5.8799996,0,6.2999997,6.2999997
polar,,,243,0.8,0,5.8799996,0,6.2999997,6.2999997
polar,,,243,0.85,0,5.8799996,0,6.2999997,6.2999997
polar,,,243,0.9,0,5.8799996,0,6.2999997,6.2999997
polar,,,243,0.95,0,5.8799996,0,6.2999997,6.2999997
polar,,,243,1,0,5.8799996,0,6.2999997,6.2999997
polar,,,244,0,0,5.8799996,0,6.2999997,6.2999997
polar,,,244,0.05,0,5.8799996,0,6.2999997,6.2999997
polar,,,244,0.1,0,5.8799996,0,6.2999997,6.2999997
polar,,,244,0.15,0,5.8799996,0,6.2999997,6.2999997
polar,,,244,0.2,0,5.8799996,0,6.2999997,6.2999997
polar,,,244,0.25,0,5.8799996,0,6.2999997,6.2999997
polar,,,244,0.3,0,5.8799996,0,6.2999997,6.2999997
polar,,,244,0.35,0,5.8799996,0,6.2999997,6.2999997
polar,,,244,0.4,0,5.8799996,0,6.2999997,6.2999997
polar,,,244,0.45,0,5.8799996,0,6.2999997,6.2999997
polar,,,244,0.5,0,5.8799996,0,6.2999997,6.2999997
polar,,,244,0.55,0,5.8799996,0,6.2999997,6.2999997
polar,,,244,0.6,0,5.8799996,0,6.2999997,6.2999997
polar,,,244,0.65,0,5.8799996,0,6.2999997,6.2999997
polar,,,244,0.7,0,5.8799996,0,6.2999997,6.2999997
polar,,,244,0.75,0,5.8799996,0,6.2999997,6.2999997
polar,,,244,0.8,0,5.8799996,0,6.2999997,6.2999997
polar,,,244,0.85,0,5.8799996,0,6.2999997,6.2999997
polar,,,244,0.9,0,5.8799996,0,6.2999997,6.2999997
polar,,,244,0.95,0,5.8799996,0,6.2999997,6.2999997
polar,,,244,1,0,5.8799996,0,6.2999997,6.2999997
polar,,,245,0,0,5.8799996,0,6.2999997,6.2999997
polar,,,245,0.05,0,5.8799996,0,6.2999997,6.2999997
polar,,,245,0.1,0,5.8799996,0,6.2999997,6.2999997
polar,,,245,0.15,0,5.8799996,0,6.2999997,6.2999997
polar,,,245,0.2,0,5.8799996,0,6.2999997,6.2999997
polar,,,245,0.25,0,5.8799996,0,6.2999997,6.2999997
polar,,,245,0.3,0,5.8799996,0,6.2999997,6.2999997
polar,,,245,0.35,0,5.8799996,0,6.2999997,6.2999997
polar,,,245,0.4,0,5.8799996,0,6.2999997,6.2999997
polar,,,245,0.45,0,5.8799996,0,6.2999997,6.2999997
polar,,,245,0.5,0,5.8799996,0,6.2999997,6.2999997
polar,,,245,0.55,0,5.8799996,0,6.2999997,6.2999997
polar,,,245,0.6,0,5.8799996,0,6.2999997,6.2999997
polar,,,245,0.65,0,5.8799996,0,6.2999997,6.2999997
polar,,,245,0.7,0,5.8799996,0,6.2999997,6.2999997
polar,,,245,0.75,0,5.8799996,0,6.2999997,6.2999997
polar,,,245,0.8,0,5.8799996,0,6.2999997,6.2999997
polar,,,245,0.85,0,5.8799996,0,6.2999997,6.2999997
polar,,,245,0.9,0,5.8799996,0,6.2999997,6.2999997
polar,,,245,0.95,0,5.8799996,0,6.2999997,6.2999997
polar,,,245,1,0,5.8799996,0,6.2999997,6.2999997
polar,,,246,0,0,5.8799996,0,6.2999997,6.2999997
polar,,,246,0.05,0,5.8799996,0,6.2999997,6.2999997
polar,,,246,0.1,0,5.8799996,0,6.2999997,6.2999997
polar,,,246,0.15,0,5.8799996,0,6.2999997,6.2999997
polar,,,246,0.2,0,5.8799996,0,6.2999997,6.2999997
polar,,,246,0.25,0,5.8799996,0,6.2999997,6.2999997
polar,,,246,0.3,0,5.8799996,0,6.2999997,6.2999997
polar,,,246,0.35,0,5.8799996,0,6.2999997,6.2999997
polar,,,246,0.4,0,5.8799996,0,6.2999997,6.2999997
polar,,,246,0.45,0,5.8799996,0,6.2999997,6.2999997
polar,,,246,0.5,0,5.8799996,0,6.2999997,6.2999997
polar,,,246,0.55,0,5.8799996,0,6.2999997,6.2999997
polar,,,246,0.6,0,5.8799996,0,6.2999997,6.2999997
polar,,,246,0.65,0,5.8799996,0,6.2999997,6.2999997
polar,,,246,0.7,0,5.8799996,0,6.2999997,6.2999997
polar,,,246,0.75,0,5.8799996,0,6.2999997,6.2999997
polar,,,246,0.8,0,5.8799996,0,6.2999997,6.2999997
polar,,,246,0.85,0,5.8799996,0,6.2999997,6.2999997
polar,,,246,0.9,0,5.8799996,0,6.2999997,6.2999997
polar,,,246,0.95,0,5.8799996,0,6.2999997,6.2999997
polar,,,246,1,0,5.8799996,0,6.2999997,6.2999997
polar,,,247,0,0,5.8799996,0,6.2999997,6.2999997
polar,,,247,0.05,0,5.8799996,0,6.2999997,6.2999997
polar,,,247,0.1,0,5.8799996,0,6.2999997,6.2999997
polar,,,247,0.15,0,5.8799996,0,6.2999997,6.2999997
polar,,,247,0.2,0,5.8799996,0,6.2999997,6.2999997
polar,,,247,0.25,0,5.8799996,0,6.2999997,6.2999997
polar,,,247,0.3,0,5.8799996,0,6.2999997,6.2999997
polar,,,247,0.35,0,5.8799996,0,6.2999997,6.2999997
polar,,,247,0.4,0,5.8799996,0,6.2999997,6.2999997
polar,,,247,0.45,0,5.8799996,0,6.2999997,6.2999997
polar,,,247,0.5,0,5.8799996,0,6.2999997,6.2999997
polar,,,247,0.55,0,5.8799996,0,6.2999997,6.2999997
polar,,,247,0.6,0,5.8799996,0,6.2999997,6.2999997
polar,,,247,0.65,0,5.8799996,0,6.2999997,6.2999997
polar,,,247,0.7,0,5.8799996,0,6.2999997,6.2999997
polar,,,247,0.75,0,5.8799996,0,6.2999997,6.2999997
polar,,,247,0.8,0,5.8799996,0,6.2999997,6.2999997
polar,,,247,0.85,0,5.8799996,0,6.2999997,6.2999997
polar,,,247,0.9,0,5.8799996,0,6.2999997,6.2999997
polar,,,247,0.95,0,5.8799996,0,6.2999997,6.2999997
polar,,,247,1,0,5.8799996,0,6.2999997,6.2999997
polar,,,248,0,0,5.8799996,0,6.2999997,6.2999997
polar,,,248,0.05,0,5.8799996,0,6.2999997,6.2999997
polar,,,248,0.1,0,5.8799996,0,6.2999997,6.2999997
polar,,,248,0.15,0,5.8799996,0,6.2999997,6.2999997
polar,,,248,0.2,0,5.8799996,0,6.2999997,6.2999997
polar,,,248,0.25,0,5.8799996,0,6.2999997,6.2999997
polar,,,248,0.3,0,5.8799996,0,6.2999997,6.2999997
polar,,,248,0.35,0,5.8799996,0,6.2999997,6.2999997
polar,,,248,0.4,0,5.8799996,0,6.2999997,6.2999997
polar,,,248,0.45,0,5.8799996,0,6.2999997,6.2999997
polar,,,248,0.5,0,5.8799996,0,6.2999997,6.2999997
polar,,,248,0.55,0,5.8799996,0,6.2999997,6.2999997
polar,,,248,0.6,0,5.8799996,0,6.2999997,6.2999997
polar,,,248,0.65,0,5.8799996,0,6.2999997,6.2999997
polar,,,248,0.7,0,5.8799996,0,6.2999997,6.2999997
polar,,,248,0.75,0,5.8799996,0,6.2999997,6.2999997
polar,,,248,0.8,0,5.8799996,0,6.2999997,6.2999997
polar,,,248,0.85,0,5.8799996,0,6.2999997,6.2999997
polar,,,248,0.9,0,5.8799996,0,6.2999997,6.2999997
polar,,,248,0.95,0,5.8799996,0,6.2999997,6.2999997
polar,,,248,1,0,5.8799996,0,6.2999997,6.2999997
polar,,,249,0,0,5.8799996,0,6.2999997,6.2999997
polar,,,249,0.05,0,5.8799996,0,6.2999997,6.2999997
polar,,,249,0.1,0,5.8799996,0,6.2999997,6.2999997
polar,,,249,0.15,0,5.8799996,0,6.2999997,6.2999997
polar,,,249,0.2,0,5.8799996,0,6.2999997,6.2999997
polar,,,249,0.25,0,5.8799996,0,6.2999997,6.2999997
polar,,,249,0.3,0,5.8799996,0,6.2999997,6.2999997
polar,,,249,0.35,0,5.8799996,0,6.2999997,6.2999997
polar,,,249,0.4,0,5.8799996,0,6.2999997,6.2999997
polar,,,249,0.45,0,5.8799996,0,6.2999997,6.2999997
polar,,,249,0.5,0,5.8799996,0,6.2999997,6.2999997
polar,,,249,0.55,0,5.8799996,0,6.2999997,6.2999997
polar,,,249,0.6,0,5.8799996,0,6.2999997,6.2999997
polar,,,249,0.65,0,5.8799996,0,6.2999997,6.2999997
polar,,,249,0.7,0,5.8799996,0,6.2999997,6.2999997
polar,,,249,0.75,0,5.8799996,0,6.2999997,6.2999997
polar,,,249,0.8,0,5.8799996,0,6.2999997,6.2999997
polar,,,249,0.85,0,5.8799996,0,6.2999997,6.2999997
polar,,,249,0.9,0,5.8799996,0,6.2999997,6.2999997
polar,,,249,0.95,0,5.8799996,0,6.2999997,6.2999997
polar,,,249,1,0,5.8799996,0,6.2999997,6.2999997
polar,,,250,0,0,5.8799996,0,6.2999997,6.2999997
polar,,,250,0.05,0,5.8799996,0,6.2999997,6.2999997
polar,,,250,0.1,0,5.8799996,0,6.2999997,6.2999997
polar,,,250,0.15,0,5.8799996,0,6.2999997,6.2999997
polar,,,250,0.2,0,5.8799996,0,6.2999997,6.2999997
polar,,,250,0.25,0,5.8799996,0,6.2999997,6.2999997
polar,,,250,0.3,0,5.8799996,0,6.2999997,6.2999997
polar,,,250,0.35,0,5.8799996,0,6.2999997,6.2999997
polar,,,250,0.4,0,5.8799996,0,6.2999997,6.2999997
polar,,,250,0.45,0,5.8799996,0,6.2999997,6.2999997
polar,,,250,0.5,0,5.8799996,0,6.2999997,6.2999997
polar,,,250,0.55,0,5.8799996,0,6.2999997,6.2999997
polar,,,250,0.6,0,5.8799996,0,6.2999997,6.2999997
polar,,,250,0.65,0,5.8799996,0,6.2999997,6.2999997
polar,,,250,0.7,0,5.8799996,0,6.2999997,6.2999997
polar,,,250,0.75,0,5.8799996,0,6.2999997,6.2999997
polar,,,250,0.8,0,5.8799996,0,6.2999997,6.2999997
polar,,,250,0.85,0,5.8799996,0,6.2999997,6.2999997
polar,,,250,0.9,0,5.8799996,0,6.2999997,6.2999997
polar,,,250,0.95,0,5.8799996,0,6.2999997,6.2999997
polar,,,250,1,0,5.8799996,0,6.2999997,6.2999997
polar,,,251,0,0,5.8799996,0,6.2999997,6.2999997
polar,,,251,0.05,0,5.8799996,0,6.2999997,6.2999997
polar,,,251,0.1,0,5.8799996,0,6.2999997,6.2999997
polar,,,251,0.15,0,5.8799996,0,6.2999997,6.2999997
polar,,,251,0.2,0,5.8799996,0,6.2999997,6.2999997
polar,,,251,0.25,0,5.8799996,0,6.2999997,6.2999997
polar,,,251,0.3,0,5.8799996,0,6.2999997,6.2999997
polar,,,251,0.35,0,5.8799996,0,6.2999997,6.2999997
polar,,,251,0.4,0,5.8799996,0,6.2999997,6.2999997
polar,,,251,0.45,0,5.8799996,0,6.2999997,6.2999997
polar,,,251,0.5,0,5.8799996,0,6.2999997,6.2999997
polar,,,251,0.55,0,5.8799996,0,6.2999997,6.2999997
polar,,,251,0.6,0,5.8799996,0,6.2999997,6.2999997
polar,,,251,0.65,0,5.8799996,0,6.2999997,6.2999997
polar,,,251,0.7,0,5.8799996,0,6.2999997,6.2999997
polar,,,251,0.75,0,5.8799996,0,6.2999997,6.2999997
polar,,,251,0.8,0,5.8799996,0,6.2999997,6.2999997
polar,,,251,0.85,0,5.8799996,0,6.2999997,6.2999997
polar,,,251,0.9,0,5.8799996,0,6.2999997,6.2999997
polar,,,251,0.95,0,5.8799996,0,6.2999997,6.2999997
polar,,,251,1,0,5.8799996,0,6.2999997,6.2999997
polar,,,252,0,0,5.8799996,0,6.2999997,6.2999997
polar,,,252,0.05,0,5.8799996,0,6.2999997,6.2999997
polar,,,252,0.1,0,5.8799996,0,6.2999997,6.2999997
polar,,,252,0.15,0,5.8799996,0,6.2999997,6.2999997
polar,,,252,0.2,0,5.8799996,0,6.2999997,6.2999997
polar,,,252,0.25,0,5.8799996,0,6.2999997,6.2999997
polar,,,252,0.3,0,5.8799996,0,6.2999997,6.2999997
polar,,,252,0.35,0,5.8799996,0,6.2999997,6.2999997
polar,,,252,0.4,0,5.8799996,0,6.2999997,6.2999997
polar,,,252,0.45,0,5.8799996,0,6.2999997,6.2999997
polar,,,252,0.5,0,5.8799996,0,6.2999997,6.2999997
polar,,,252,0.55,0,5.8799996,0,6.2999997,6.2999997
polar,,,252,0.6,0,5.8799996,0,6.2999997,6.2999997
polar,,,252,0.65,0,5.8799996,0,6.2999997,6.2999997
polar,,,252,0.7,0,5.8799996,0,6.2999997,6.2999997
polar,,,252,0.75,0,5.8799996,0,6.2999997,6.2999997
polar,,,252,0.8,0,5.8799996,0,6.2999997,6.2999997
polar,,,252,0.85,0,5.8799996,0,6.2999997,6.2999997
polar,,,252,0.9,0,5.8799996,0,6.2999997,6.2999997
polar,,,252,0.95,0,5.8799996,0,6.2999997,6.2999997
polar,,,252,1,0,5.8799996,0,6.2999997,6.2999997
polar,,,253,0,0,5.8799996,0,6.2999997,6.2999997
polar,,,253,0.05,0,5.8799996,0,6.2999997,6.2999997
polar,,,253,0.1,0,5.8799996,0,6.2999997,6.2999997
polar,,,253,0.15,0,5.8799996,0,6.2999997,6.2999997
polar,,,253,0.2,0,5.8799996,0,6.2999997,6.2999997
polar,,,253,0.25,0,5.8799996,0,6.2999997,6.2999997
polar,,,253,0.3,0,5.8799996,0,6.2999997,6.2999997
polar,,,253,0.35,0,5.8799996,0,6.2999997,6.2999997
polar,,,253,0.4,0,5.8799996,0,6.2999997,6.2999997
polar,,,253,0.45,0,5.8799996,0,6.2999997,6.2999997
polar,,,253,0.5,0,5.8799996,0,6.2999997,6.2999997
polar,,,253,0.55,0,5.8799996,0,6.2999997,6.2999997
polar,,,253,0.6,0,5.8799996,0,6.2999997,6.2999997
polar,,,253,0.65,0,5.8799996,0,6.2999997,6.2999997
polar,,,253,0.7,0,5.8799996,0,6.2999997,6.2999997
polar,,,253,0.75,0,5.8799996,0,6.2999997,6.2999997
polar,,,253,0.8,0,5.8799996,0,6.2999997,6.2999997
polar,,,253,0.85,0,5.8799996,0,6.2999997,6.2999997
polar,,,253,0.9,0,5.8799996,0,6.2999997,6.2999997
polar,,,253,0.95,0,5.8799996,0,6.2999997,6.2999997
polar,,,253,1,0,5.8799996,0,6.2999997,6.2999997
polar,,,254,0,0,5.8799996,0,6.2999997,6.2999997
polar,,,254,0.05,0,5.8799996,0,6.2999997,6.2999997
polar,,,254,0.1,0,5.8799996,0,6.2999997,6.2999997
polar,,,254,0.15,0,5.8799996,0,6.2999997,6.2999997
polar,,,254,0.2,0,5.8799996,0,6.2999997,6.2999997
polar,,,254,0.25,0,5.8799996,0,6.2999997,6.2999997
polar,,,254,0.3,0,5.8799996,0,6.2999997,6.2999997
polar,,,254,0.35,0,5.8799996,0,6.2999997,6.2999997
polar,,,254,0.4,0,5.8799996,0,6.2999997,6.2999997
polar,,,254,0.45,0,5.8799996,0,6.2999997,6.2999997
polar,,,254,0.5,0,5.8799996,0,6.2999997,6.2999997
polar,,,254,0.55,0,5.8799996,0,6.2999997,6.2999997
polar,,,254,0.6,0,5.8799996,0,6.2999997,6.2999997
polar,,,254,0.65,0,5.8799996,0,6.2999997,6.2999997
polar,,,254,0.7,0,5.8799996,0,6.2999997,6.2999997
polar,,,254,0.75,0,5.8799996,0,6.2999997,6.2999997
polar,,,254,0.8,0,5.8799996,0,6.2999997,6.2999997
polar,,,254,0.85,0,5.8799996,0,6.2999997,6.2999997
polar,,,254,0.9,0,5.8799996,0,6.2999997,6.2999997
polar,,,254,0.95,0,5.8799996,0,6.2999997,6.2999997
polar,,,254,1,0,5.8799996,0,6.2999997,6.2999997
polar,,,255,0,0,5.8799996,0,6.2999997,6.2999997
polar,,,255,0.05,0,5.8799996,0,6.2999997,6.2999997
polar,,,255,0.1,0,5.8799996,0,6.2999997,6.2999997
polar,,,255,0.15,0,5.8799996,0,6.2999997,6.2999997
polar,,,255,0.2,0,5.8799996,0,6.2999997,6.2999997
polar,,,255,0.25,0,5.8799996,0,6.2999997,6.2999997
polar,,,255,0.3,0,5.8799996,0,6.2999997,6.2999997
polar,,,255,0.35,0,5.8799996,0,6.2999997,6.2999997
polar,,,255,0.4,0,5.8799996,0,6.2999997,6.2999997
polar,,,255,0.45,0,5.8799996,0,6.2999997,6.2999997
polar,,,255,0.5,0,5.8799996,0,6.2999997,6.2999997
polar,,,255,0.55,0,5.8799996,0,6.2999997,6.2999997
polar,,,255,0.6,0,5.8799996,0,6.2999997,6.2999997
polar,,,255,0.65,0,5.8799996,0,6.2999997,6.2999997
polar,,,255,0.7,0,5.8799996,0,6.2999997,6.2999997
polar,,,255,0.75,0,5.8799996,0,6.2999997,6.2999997
polar,,,255,0.8,0,5.8799996,0,6.2999997,6.2999997
polar,,,255,0.85,0,5.8799996,0,6.2999997,6.2999997
polar,,,255,0.9,0,5.8799996,0,6.2999997,6.2999997
polar,,,255,0.95,0,5.8799996,0,6.2999997,6.2999997
polar,,,255,1,0,5.8799996,0,6.2999997,6.2999997
polar,,,256,0,0,5.8799996,0,6.2999997,6.2999997
polar,,,256,0.05,0,5.8799996,0,6.2999997,6.2999997
polar,,,256,0.1,0,5.8799996,0,6.2999997,6.2999997
polar,,,256,0.15,0,5.8799996,0,6.2999997,6.2999997
polar,,,256,0.2,0,5.8799996,0,6.2999997,6.2999997
polar,,,256,0.25,0,5.8799996,0,6.2999997,6.2999997
polar,,,256,0.3,0,5.8799996,0,6.2999997,6.2999997
polar,,,256,0.35,0,5.8799996,0,6.2999997,6.2999997
polar,,,256,0.4,0,5.8799996,0,6.2999997,6.2999997
polar,,,256,0.45,0,5.8799996,0,6.2999997,6.2999997
polar,,,256,0.5,0,5.8799996,0,6.2999997,6.2999997
polar,,,256,0.55,0,5.8799996,0,6.2999997,6.2999997
polar,,,256,0.6,0,5.8799996,0,6.2999997,6.2999997
polar,,,256,0.65,0,5.8799996,0,6.2999997,6.2999997
polar,,,256,0.7,0,5.8799996,0,6.2999997,6.2999997
polar,,,256,0.75,0,5.8799996,0,6.2999997,6.2999997
polar,,,256,0.8,0,5.8799996,0,6.2999997,6.2999997
polar,,,256,0.85,0,5.8799996,0,6.2999997,6.2999997
polar,,,256,0.9,0,5.8799996,0,6.2999997,6.2999997
polar,,,256,0.95,0,5.8799996,0,6.2999997,6.2999997
polar,,,256,1,0,5.8799996,0,6.2999997,6.2999997
polar,,,257,0,0,5.8799996,0,6.2999997,6.2999997
polar,,,257,0.05,0,5.8799996,0,6.2999997,6.2999997
polar,,,257,0.1,0,5.8799996,0,6.2999997,6.2999997
polar,,,257,0.15,0,5.8799996,0,6.2999997,6.2999997
polar,,,257,0.2,0,5.8799996,0,6.2999997,6.2999997
polar,,,257,0.25,0,5.8799996,0,6.2999997,6.2999997
polar,,,257,0.3,0,5.8799996,0,6.2999997,6.2999997
polar,,,257,0.35,0,5.8799996,0,6.2999997,6.2999997
polar,,,257,0.4,0,5.8799996,0,6.2999997,6.2999997
polar,,,257,0.45,0,5.8799996,0,6.2999997,6.2999997
polar,,,257,0.5,0,5.8799996,0,6.2999997,6.2999997
polar,,,257,0.55,0,5.8799996,0,6.2999997,6.2999997
polar,,,257,0.6,0,5.8799996,0,6.2999997,6.2999997
polar,,,257,0.65,0,5.8799996,0,6.2999997,6.2999997
polar,,,257,0.7,0,5.8799996,0,6.2999997,6.2999997
polar,,,257,0.75,0,5.8799996,0,6.2999997,6.2999997
polar,,,257,0.8,0,5.8799996,0,6.2999997,6.2999997
polar,,,257,0.85,0,5.8799996,0,6.2999997,6.2999997
polar,,,257,0.9,0,5.8799996,0,6.2999997,6.2999997
polar,,,257,0.95,0,5.8799996,0,6.2999997,6.2999997
polar,,,257,1,0,5.8799996,0,6.2999997,6.2999997
polar,,,258,0,0,5.8799996,0,6.2999997,6.2999997
polar,,,258,0.05,0,5.8799996,0,6.2999997,6.2999997
polar,,,258,0.1,0,5.8799996,0,6.2999997,6.2999997
polar,,,258,0.15,0,5.8799996,0,6.2999997,6.2999997
polar,,,258,0.2,0,5.8799996,0,6.2999997,6.2999997
polar,,,258,0.25,0,5.8799996,0,6.2999997,6.2999997
polar,,,258,0.3,0,5.8799996,0,6.2999997,6.2999997
polar,,,258,0.35,0,5.8799996,0,6.2999997,6.2999997
polar,,,258,0.4,0,5.8799996,0,6.2999997,6.2999997
polar,,,258,0.45,0,5.8799996,0,6.2999997,6.2999997
polar,,,258,0.5,0,5.8799996,0,6.2999997,6.2999997
polar,,,258,0.55,0,5.8799996,0,6.2999997,6.2999997
polar,,,258,0.6,0,5.8799996,0,6.2999997,6.2999997
polar,,,258,0.65,0,5.8799996,0,6.2999997,6.2999997
polar,,,258,0.7,0,5.8799996,0,6.2999997,6.2999997
polar,,,258,0.75,0,5.8799996,0,6.2999997,6.2999997
polar,,,258,0.8,0,5.8799996,0,6.2999997,6.2999997
polar,,,258,0.85,0,5.8799996,0,6.2999997,6.2999997
polar,,,258,0.9,0,5.8799996,0,6.2999997,6.2999997
polar,,,258,0.95,0,5.8799996,0,6.2999997,6.2999997
polar,,,258,1,0,5.8799996,0,6.2999997,6.2999997
polar,,,259,0,0,5.8799996,0,6.2999997,6.2999997
polar,,,259,0.05,0,5.8799996,0,6.2999997,6.2999997
polar,,,259,0.1,0,5.8799996,0,6.2999997,6.2999997
polar,,,259,0.15,0,5.8799996,0,6.2999997,6.2999997
polar,,,259,0.2,0,5.8799996,0,6.2999997,6.2999997
polar,,,259,0.25,0,5.8799996,0,6.2999997,6.2999997
polar,,,259,0.3,0,5.8799996,0,6.2999997,6.2999997
polar,,,259,0.35,0,5.8799996,0,6.2999997,6.2999997
polar,,,259,0.4,0,5.8799996,0,6.2999997,6.2999997
polar,,,259,0.45,0,5.8799996,0,6.2999997,6.2999997
polar,,,259,0.5,0,5.8799996,0,6.2999997,6.2999997
polar,,,259,0.55,0,5.8799996,0,6.2999997,6.2999997
polar,,,259,0.6,0,5.8799996,0,6.2999997,6.2999997
polar,,,259,0.65,0,5.8799996,0,6.2999997,6.2999997
polar,,,259,0.7,0,5.8799996,0,6.2999997,6.2999997
polar,,,259,0.75,0,5.8799996,0,6.2999997,6.2999997
polar,,,259,0.8,0,5.8799996,0,6.2999997,6.2999997
polar,,,259,0.85,0,5.8799996,0,6.2999997,6.2999997
polar,,,259,0.9,0,5.8799996,0,6.2999997,6.2999997
polar,,,259,0.95,0,5.8799996,0,6.2999997,6.2999997
polar,,,259,1,0,5.8799996,0,6.2999997,6.2999997
polar,,,260,0,0,5.8799996,0,6.2999997,6.2999997
polar,,,260,0.05,0,5.8799996,0,6.2999997,6.2999997
polar,,,260,0.1,0,5.8799996,0,6.2999997,6.2999997
polar,,,260,0.15,0,5.8799996,0,6.2999997,6.2999997
polar,,,260,0.2,0,5.8799996,0,6.2999997,6.2999997
polar,,,260,0.25,0,5.8799996,0,6.2999997,6.2999997
polar,,,260,0.3,0,5.8799996,0,6.2999997,6.2999997
polar,,,260,0.35,0,5.8799996,0,6.2999997,6.2999997
polar,,,260,0.4,0,5.8799996,0,6.2999997,6.2999997
polar,,,260,0.45,0,5.8799996,0,6.2999997,6.2999997
polar,,,260,0.5,0,5.8799996,0,6.2999997,6.2999997
polar,,,260,0.55,0,5.8799996,0,6.2999997,6.2999997
polar,,,260,0.6,0,5.8799996,0,6.2999997,6.2999997
polar,,,260,0.65,0,5.8799996,0,6.2999997,6.2999997
polar,,,260,0.7,0,5.8799996,0,6.2999997,6.2999997
polar,,,260,0.75,0,5.8799996,0,6.2999997,6.2999997
polar,,,260,0.8,0,5.8799996,0,6.2999997,6.2999997
polar,,,260,0.85,0,5.8799996,0,6.2999997,6.2999997
polar,,,260,0.9,0,5.8799996,0,6.2999997,6.2999997
polar,,,260,0.95,0,5.8799996,0,6.2999997,6.2999997
polar,,,260,1,0,5.8799996,0,6.2999997,6.2999997
polar,,,261,0,0,5.8799996,0,6.2999997,6.2999997
polar,,,261,0.05,0,5.8799996,0,6.2999997,6.2999997
polar,,,261,0.1,0,5.8799996,0,6.2999997,6.2999997
polar,,,261,0.15,0,5.8799996,0,6.2999997,6.2999997
polar,,,261,0.2,0,5.8799996,0,6.2999997,6.2999997
polar,,,261,0.25,0,5.8799996,0,6.2999997,6.2999997
polar,,,261,0.3,0,5.8799996,0,6.2999997,6.2999997
polar,,,261,0.35,0,5.8799996,0,6.2999997,6.2999997
polar,,,261,0.4,0,5.8799996,0,6.2999997,6.2999997
polar,,,261,0.45,0,5.8799996,0,6.2999997,6.2999997
polar,,,261,0.5,0,5.8799996,0,6.2999997,6.2999997
polar,,,261,0.55,0,5.8799996,0,6.2999997,6.2999997
polar,,,261,0.6,0,5.8799996,0,6.2999997,6.2999997
polar,,,261,0.65,0,5.8799996,0,6.2999997,6.2999997
polar,,,261,0.7,0,5.8799996,0,6.2999997,6.2999997
polar,,,261,0.75,0,5.8799996,0,6.2999997,6.2999997
polar,,,261,0.8,0,5.8799996,0,6.2999997,6.2999997
polar,,,261,0.85,0,5.8799996,0,6.2999997,6.2999997
polar,,,261,0.9,0,5.8799996,0,6.2999997,6.2999997
polar,,,261,0.95,0,5.8799996,0,6.2999997,6.2999997
polar,,,261,1,0,5.8799996,0,6.2999997,6.2999997
polar,,,262,0,0,5.8799996,0,6.2999997,6.2999997
polar,,,262,0.05,0,5.8799996,0,6.2999997,6.2999997
polar,,,262,0.1,0,5.8799996,0,6.2999997,6.2999997
polar,,,262,0.15,0,5.8799996,0,6.2999997,6.2999997
polar,,,262,0.2,0,5.8799996,0,6.2999997,6.2999997
polar,,,262,0.25,0,5.8799996,0,6.2999997,6.2999997
polar,,,262,0.3,0,5.8799996,0,6.2999997,6.2999997
polar,,,262,0.35,0,5.8799996,0,6.2999997,6.2999997
polar,,,262,0.4,0,5.8799996,0,6.2999997,6.2999997
polar,,,262,0.45,0,5.8799996,0,6.2999997,6.2999997
polar,,,262,0.5,0,5.8799996,0,6.2999997,6.2999997
polar,,,262,0.55,0,5.8799996,0,6.2999997,6.2999997
polar,,,262,0.6,0,5.8799996,0,6.2999997,6.2999997
polar,,,262,0.65,0,5.8799996,0,6.2999997,6.2999997
polar,,,262,0.7,0,5.8799996,0,6.2999997,6.2999997
polar,,,262,0.75,0,5.8799996,0,6.2999997,6.2999997
polar,,,262,0.8,0,5.8799996,0,6.2999997,6.2999997
polar,,,262,0.85,0,5.8799996,0,6.2999997,6.2999997
polar,,,262,0.9,0,5.8799996,0,6.2999997,6.2999997
polar,,,262,0.95,0,5.8799996,0,6.2999997,6.2999997
polar,,,262,1,0,5.8799996,0,6.2999997,6.2999997
polar,,,263,0,0,5.8799996,0,6.2999997,6.2999997
polar,,,263,0.05,0,5.8799996,0,6.2999997,6.2999997
polar,,,263,0.1,0,5.8799996,0,6.2999997,6.2999997
polar,,,263,0.15,0,5.8799996,0,6.2999997,6.2999997
polar,,,263,0.2,0,5.8799996,0,6.2999997,6.2999997
polar,,,263,0.25,0,5.8799996,0,6.2999997,6.2999997
polar,,,263,0.3,0,5.8799996,0,6.2999997,6.2999997
polar,,,263,0.35,0,5.8799996,0,6.2999997,6.2999997
polar,,,263,0.4,0,5.8799996,0,6.2999997,6.2999997
polar,,,263,0.45,0,5.8799996,0,6.2999997,6.2999997
polar,,,263,0.5,0,5.8799996,0,6.2999997,6.2999997
polar,,,263,0.55,0,5.8799996,0,6.2999997,6.2999997
polar,,,263,0.6,0,5.8799996,0,6.2999997,6.2999997
polar,,,263,0.65,0,5.8799996,0,6.2999997,6.2999997
polar,,,263,0.7,0,5.8799996,0,6.2999997,6.2999997
polar,,,263,0.75,0,5.8799996,0,6.2999997,6.2999997
polar,,,263,0.8,0,5.8799996,0,6.2999997,6.2999997
polar,,,263,0.85,0,5.8799996,0,6.2999997,6.2999997
polar,,,263,0.9,0,5.8799996,0,6.2999997,6.2999997
polar,,,263,0.95,0,5.8799996,0,6.2999997,6.2999997
polar,,,263,1,0,5.8799996,0,6.2999997,6.2999997
polar,,,264,0,0,5.8799996,0,6.2999997,6.2999997
polar,,,264,0.05,0,5.8799996,0,6.2999997,6.2999997
polar,,,264,0.1,0,5.8799996,0,6.2999997,6.2999997
polar,,,264,0.15,0,5.8799996,0,6.2999997,6.2999997
polar,,,264,0.2,0,5.8799996,0,6.2999997,6.2999997
polar,,,264,0.25,0,5.8799996,0,6.2999997,6.2999997
polar,,,264,0.3,0,5.8799996,0,6.2999997,6.2999997
polar,,,264,0.35,0,5.8799996,0,6.2999997,6.2999997
polar,,,264,0.4,0,5.8799996,0,6.2999997,6.2999997
polar,,,264,0.45,0,5.8799996,0,6.2999997,6.2999997
polar,,,264,0.5,0,5.8799996,0,6.2999997,6.2999997
polar,,,264,0.55,0,5.8799996,0,6.2999997,6.2999997
polar,,,264,0.6,0,5.8799996,0,6.2999997,6.2999997
polar,,,264,0.65,0,5.8799996,0,6.2999997,6.2999997
polar,,,264,0.7,0,5.8799996,0,6.2999997,6.2999997
polar,,,264,0.75,0,5.8799996,0,6.2999997,6.2999997
polar,,,264,0.8,0,5.8799996,0,6.2999997,6.2999997
polar,,,264,0.85,0,5.8799996,0,6.2999997,6.2999997
polar,,,264,0.9,0,5.8799996,0,6.2999997,6.2999997
polar,,,264,0.95,0,5.8799996,0,6.2999997,6.2999997
polar,,,264,1,0,5.8799996,0,6.2999997,6.2999997
polar,,,265,0,0,5.8799996,0,6.2999997,6.2999997
polar,,,265,0.05,0,5.8799996,0,6.2999997,6.2999997
polar,,,265,0.1,0,5.8799996,0,6.2999997,6.2999997
polar,,,265,0.15,0,5.8799996,0,6.2999997,6.2999997
polar,,,265,0.2,0,5.8799996,0,6.2999997,6.2999997
polar,,,265,0.25,0,5.8799996,0,6.2999997,6.2999997
polar,,,265,0.3,0,5.8799996,0,6.2999997,6.2999997
polar,,,265,0.35,0,5.8799996,0,6.2999997,6.2999997
polar,,,265,0.4,0,5.8799996,0,6.2999997,6.2999997
polar,,,265,0.45,0,5.8799996,0,6.2999997,6.2999997
polar,,,265,0.5,0,5.8799996,0,6.2999997,6.2999997
polar,,,265,0.55,0,5.8799996,0,6.2999997,6.2999997
polar,,,265,0.6,0,5.8799996,0,6.2999997,6.2999997
polar,,,265,0.65,0,5.8799996,0,6.2999997,6.2999997
polar,,,265,0.7,0,5.8799996,0,6.2999997,6.2999997
polar,,,265,0.75,0,5.8799996,0,6.2999997,6.2999997
polar,,,265,0.8,0,5.8799996,0,6.2999997,6.2999997
polar,,,265,0.85,0,5.8799996,0,6.2999997,6.2999997
polar,,,265,0.9,0,5.8799996,0,6.2999997,6.2999997
polar,,,265,0.95,0,5.8799996,0,6.2999997,6.2999997
polar,,,265,1,0,5.8799996,0,6.2999997,6.2999997
polar,,,266,0,0,5.8799996,0,6.2999997,6.2999997
polar,,,266,0.05,0,5.8799996,0,6.2999997,6.2999997
polar,,,266,0.1,0,5.8799996,0,6.2999997,6.2999997
polar,,,266,0.15,0,5.8799996,0,6.2999997,6.2999997
polar,,,266,0.2,0,5.8799996,0,6.2999997,6.2999997
polar,,,266,0.25,0,5.8799996,0,6.2999997,6.2999997
polar,,,266,0.3,0,5.8799996,0,6.2999997,6.2999997
polar,,,266,0.35,0,5.8799996,0,6.2999997,6.2999997
polar,,,266,0.4,0,5.8799996,0,6.2999997,6.2999997
polar,,,266,0.45,0,5.8799996,0,6.2999997,6.2999997
polar,,,266,0.5,0,5.8799996,0,6.2999997,6.2999997
polar,,,266,0.55,0,5.8799996,0,6.2999997,6.2999997
polar,,,266,0.6,0,5.8799996,0,6.2999997,6.2999997
polar,,,266,0.65,0,5.8799996,0,6.2999997,6.2999997
polar,,,266,0.7,0,5.8799996,0,6.2999997,6.2999997
polar,,,266,0.75,0,5.8799996,0,6.2999997,6.2999997
polar,,,266,0.8,0,5.8799996,0,6.2999997,6.2999997
polar,,,266,0.85,0,5.8799996,0,6.2999997,6.2999997
polar,,,266,0.9,0,5.8799996,0,6.2999997,6.2999997
polar,,,266,0.95,0,5.8799996,0,6.2999997,6.2999997
polar,,,266,1,0,5.8799996,0,6.2999997,6.2999997
polar,,,267,0,0,5.8799996,0,6.2999997,6.2999997
polar,,,267,0.05,0,5.8799996,0,6.2999997,6.2999997
polar,,,267,0.1,0,5.8799996,0,6.2999997,6.2999997
polar,,,267,0.15,0,5.8799996,0,6.2999997,6.2999997
polar,,,267,0.2,0,5.8799996,0,6.2999997,6.2999997
polar,,,267,0.25,0,5.8799996,0,6.2999997,6.2999997
polar,,,267,0.3,0,5.8799996,0,6.2999997,6.2999997
polar,,,267,0.35,0,5.8799996,0,6.2999997,6.2999997
polar,,,267,0.4,0,5.8799996,0,6.2999997,6.2999997
polar,,,267,0.45,0,5.8799996,0,6.2999997,6.2999997
polar,,,267,0.5,0,5.8799996,0,6.2999997,6.2999997
polar,,,267,0.55,0,5.8799996,0,6.2999997,6.2999997
polar,,,267,0.6,0,5.8799996,0,6.2999997,6.2999997
polar,,,267,0.65,0,5.8799996,0,6.2999997,6.2999997
polar,,,267,0.7,0,5.8799996,0,6.2999997,6.2999997
polar,,,267,0.75,0,5.8799996,0,6.2999997,6.2999997
polar,,,267,0.8,0,5.8799996,0,6.2999997,6.2999997
polar,,,267,0.85,0,5.8799996,0,6.2999997,6.2999997
polar,,,267,0.9,0,5.8799996,0,6.2999997,6.2999997
polar,,,267,0.95,0,5.8799996,0,6.2999997,6.2999997
polar,,,267,1,0,5.8799996,0,6.2999997,6.2999997
polar,,,268,0,0,5.8799996,0,6.2999997,6.2999997
polar,,,268,0.05,0,5.8799996,0,6.2999997,6.2999997
polar,,,268,0.1,0,5.8799996,0,6.2999997,6.2999997
polar,,,268,0.15,0,5.8799996,0,6.2999997,6.2999997
polar,,,268,0.2,0,5.8799996,0,6.2999997,6.2999997
polar,,,268,0.25,0,5.8799996,0,6.2999997,6.2999997
polar,,,268,0.3,0,5.8799996,0,6.2999997,6.2999997
polar,,,268,0.35,0,5.8799996,0,6.2999997,6.2999997
polar,,,268,0.4,0,5.8799996,0,6.2999997,6.2999997
polar,,,268,0.45,0,5.8799996,0,6.2999997,6.2999997
polar,,,268,0.5,0,5.8799996,0,6.2999997,6.2999997
polar,,,268,0.55,0,5.8799996,0,6.2999997,6.2999997
polar,,,268,0.6,0,5.8799996,0,6.2999997,6.2999997
polar,,,268,0.65,0,5.8799996,0,6.2999997,6.2999997
polar,,,268,0.7,0,5.8799996,0,6.2999997,6.2999997
polar,,,268,0.75,0,5.8799996,0,6.2999997,6.2999997
polar,,,268,0.8,0,5.8799996,0,6.2999997,6.2999997
polar,,,268,0.85,0,5.8799996,0,6.2999997,6.2999997
polar,,,268,0.9,0,5.8799996,0,6.2999997,6.2999997
polar,,,268,0.95,0,5.8799996,0,6.2999997,6.2999997
polar,,,268,1,0,5.8799996,0,6.2999997,6.2999997
polar,,,269,0,0,5.8799996,0,6.2999997,6.2999997
polar,,,269,0.05,0,5.8799996,0,6.2999997,6.2999997
polar,,,269,0.1,0,5.8799996,0,6.2999997,6.2999997
polar,,,269,0.15,0,5.8799996,0,6.2999997,6.2999997
polar,,,269,0.2,0,5.8799996,0,6.2999997,6.2999997
polar,,,269,0.25,0,5.8799996,0,6.2999997,6.2999997
polar,,,269,0.3,0,5.8799996,0,6.2999997,6.2999997
polar,,,269,0.35,0,5.8799996,0,6.2999997,6.2999997
polar,,,269,0.4,0,5.8799996,0,6.2999997,6.2999997
polar,,,269,0.45,0,5.8799996,0,6.2999997,6.2999997
polar,,,269,0.5,0,5.8799996,0,6.2999997,6.2999997
polar,,,269,0.55,0,5.8799996,0,6.2999997,6.2999997
polar,,,269,0.6,0,5.8799996,0,6.2999997,6.2999997
polar,,,269,0.65,0,5.8799996,0,6.2999997,6.2999997
polar,,,269,0.7,0,5.8799996,0,6.2999997,6.2999997
polar,,,269,0.75,0,5.8799996,0,6.2999997,6.2999997
polar,,,269,0.8,0,5.8799996,0,6.2999997,6.2999997
polar,,,269,0.85,0,5.8799996,0,6.2999997,6.2999997
polar,,,269,0.9,0,5.8799996,0,6.2999997,6.2999997
polar,,,269,0.95,0,5.8799996,0,6.2999997,6.2999997
polar,,,269,1,0,5.8799996,0,6.2999997,6.2999997
polar,,,270,0,0,5.8799996,0,6.2999997,6.2999997
polar,,,270,0.05,0,5.8799996,0,6.2999997,6.2999997
polar,,,270,0.1,0,5.8799996,0,6.2999997,6.2999997
polar,,,270,0.15,0,5.8799996,0,6.2999997,6.2999997
polar,,,270,0.2,0,5.8799996,0,6.2999997,6.2999997
polar,,,270,0.25,0,5.8799996,0,6.2999997,6.2999997
polar,,,270,0.3,0,5.8799996,0,6.2999997,6.2999997
polar,,,270,0.35,0,5.8799996,0,6.2999997,6.2999997
polar,,,270,0.4,0,5.8799996,0,6.2999997,6.2999997
polar,,,270,0.45,0,5.8799996,0,6.2999997,6.2999997
polar,,,270,0.5,0,5.8799996,0,6.2999997,6.2999997
polar,,,270,0.55,0,5.8799996,0,6.2999997,6.2999997
polar,,,270,0.6,0,5.8799996,0,6.2999997,6.2999997
polar,,,270,0.65,0,5.8799996,0,6.2999997,6.2999997
polar,,,270,0.7,0,5.8799996,0,6.2999997,6.2999997
polar,,,270,0.75,0,5.8799996,0,6.2999997,6.2999997
polar,,,270,0.8,0,5.8799996,0,6.2999997,6.2999997
polar,,,270,0.85,0,5.8799996,0,6.2999997,6.2999997
polar,,,270,0.9,0,5.8799996,0,6.2999997,6.2999997
polar,,,270,0.95,0,5.8799996,0,6.2999997,6.2999997
polar,,,270,1,0,5.8799996,0,6.2999997,6.2999997
polar,,,271,0,0,5.8799996,0,6.2999997,6.2999997
polar,,,271,0.05,0,5.8799996,0,6.2999997,6.2999997
polar,,,271,0.1,0,5.8799996,0,6.2999997,6.2999997
polar,,,271,0.15,0,5.8799996,0,6.2999997,6.2999997
polar,,,271,0.2,0,5.8799996,0,6.2999997,6.2999997
polar,,,271,0.25,0,5.8799996,0,6.2999997,6.2999997
polar,,,271,0.3,0,5.8799996,0,6.2999997,6.2999997
polar,,,271,0.35,0,5.8799996,0,6.2999997,6.2999997
polar,,,271,0.4,0,5.8799996,0,6.2999997,6.2999997
polar,,,271,0.45,0,5.8799996,0,6.2999997,6.2999997
polar,,,271,0.5,0,5.8799996,0,6.2999997,6.2999997
polar,,,271,0.55,0,5.8799996,0,6.2999997,6.2999997
polar,,,271,0.6,0,5.8799996,0,6.2999997,6.2999997
polar,,,271,0.65,0,5.8799996,0,6.2999997,6.2999997
polar,,,271,0.7,0,5.8799996,0,6.2999997,6.2999997
polar,,,271,0.75,0,5.8799996,0,6.2999997,6.2999997
polar,,,271,0.8,0,5.8799996,0,6.2999997,6.2999997
polar,,,271,0.85,0,5.8799996,0,6.2999997,6.2999997
polar,,,271,0.9,0,5.8799996,0,6.2999997,6.2999997
polar,,,271,0.95,0,5.8799996,0,6.2999997,6.2999997
polar,,,271,1,0,5.8799996,0,6.2999997,6.2999997
polar,,,272,0,0,5.8799996,0,6.2999997,6.2999997
polar,,,272,0.05,0,5.8799996,0,6.2999997,6.2999997
polar,,,272,0.1,0,5.8799996,0,6.2999997,6.2999997
polar,,,272,0.15,0,5.8799996,0,6.2999997,6.2999997
polar,,,272,0.2,0,5.8799996,0,6.2999997,6.2999997
polar,,,272,0.25,0,5.8799996,0,6.2999997,6.2999997
polar,,,272,0.3,0,5.8799996,0,6.2999997,6.2999997
polar,,,272,0.35,0,5.8799996,0,6.2999997,6.2999997
polar,,,272,0.4,0,5.8799996,0,6.2999997,6.2999997
polar,,,272,0.45,0,5.8799996,0,6.2999997,6.2999997
polar,,,272,0.5,0,5.8799996,0,6.2999997,6.2999997
polar,,,272,0.55,0,5.8799996,0,6.2999997,6.2999997
polar,,,272,0.6,0,5.8799996,0,6.2999997,6.2999997
polar,,,272,0.65,0,5.8799996,0,6.2999997,6.2999997
polar,,,272,0.7,0,5.8799996,0,6.2999997,6.2999997
polar,,,272,0.75,0,5.8799996,0,6.2999997,6.2999997
polar,,,272,0.8,0,5.8799996,0,6.2999997,6.2999997
polar,,,272,0.85,0,5.8799996,0,6.2999997,6.2999997
polar,,,272,0.9,0,5.8799996,0,6.2999997,6.2999997
polar,,,272,0.95,0,5.8799996,0,6.2999997,6.2999997
polar,,,272,1,0,5.8799996,0,6.2999997,6.2999997
polar,,,273,0,0,5.8799996,0,6.2999997,6.2999997
polar,,,273,0.05,0,5.8799996,0,6.2999997,6.2999997
polar,,,273,0.1,0,5.8799996,0,6.2999997,6.2999997
polar,,,273,0.15,0,5.8799996,0,6.2999997,6.2999997
polar,,,273,0.2,0,5.8799996,0,6.2999997,6.2999997
polar,,,273,0.25,0,5.8799996,0,6.2999997,6.2999997
polar,,,273,0.3,0,5.8799996,0,6.2999997,6.2999997
polar,,,273,0.35,0,5.8799996,0,6.2999997,6.2999997
polar,,,273,0.4,0,5.8799996,0,6.2999997,6.2999997
polar,,,273,0.45,0,5.8799996,0,6.2999997,6.2999997
polar,,,273,0.5,0,5.8799996,0,6.2999997,6.2999997
polar,,,273,0.55,0,5.8799996,0,6.2999997,6.2999997
polar,,,273,0.6,0,5.8799996,0,6.2999997,6.2999997
polar,,,273,0.65,0,5.8799996,0,6.2999997,6.2999997
polar,,,273,0.7,0,5.8799996,0,6.2999997,6.2999997
polar,,,273,0.75,0,5.8799996,0,6.2999997,6.2999997
polar,,,273,0.8,0,5.8799996,0,6.2999997,6.2999997
polar,,,273,0.85,0,5.8799996,0,6.2999997,6.2999997
polar,,,273,0.9,0,5.8799996,0,6.2999997,6.2999997
polar,,,273,0.95,0,5.8799996,0,6.2999997,6.2999997
polar,,,273,1,0,5.8799996,0,6.2999997,6.2999997
polar,,,274,0,0,5.8799996,0,6.2999997,6.2999997
polar,,,274,0.05,0,5.8799996,0,6.2999997,6.2999997
polar,,,274,0.1,0,5.8799996,0,6.2999997,6.2999997
polar,,,274,0.15,0,5.8799996,0,6.2999997,6.2999997
polar,,,274,0.2,0,5.8799996,0,6.2999997,6.2999997
polar,,,274,0.25,0,5.8799996,0,6.2999997,6.2999997
polar,,,274,0.3,0,5.8799996,0,6.2999997,6.2999997
polar,,,274,0.35,0,5.8799996,0,6.2999997,6.2999997
polar,,,274,0.4,0,5.8799996,0,6.2999997,6.2999997
polar,,,274,0.45,0,5.8799996,0,6.2999997,6.2999997
polar,,,274,0.5,0,5.8799996,0,6.2999997,6.2999997
polar,,,274,0.55,0,5.8799996,0,6.2999997,6.2999997
polar,,,274,0.6,0,5.8799996,0,6.2999997,6.2999997
polar,,,274,0.65,0,5.8799996,0,6.2999997,6.2999997
polar,,,274,0.7,0,5.8799996,0,6.2999997,6.2999997
polar,,,274,0.75,0,5.8799996,0,6.2999997,6.2999997
polar,,,274,0.8,0,5.8799996,0,6.2999997,6.2999997
polar,,,274,0.85,0,5.8799996,0,6.2999997,6.2999997
polar,,,274,0.9,0,5.8799996,0,6.2999997,6.2999997
polar,,,274,0.95,0,5.8799996,0,6.2999997,6.2999997
polar,,,274,1,0,5.8799996,0,6.2999997,6.2999997
polar,,,275,0,0,5.8799996,0,6.2999997,6.2999997
polar,,,275,0.05,0,5.8799996,0,6.2999997,6.2999997
polar,,,275,0.1,0,5.8799996,0,6.2999997,6.2999997
polar,,,275,0.15,0,5.8799996,0,6.2999997,6.2999997
polar,,,275,0.2,0,5.8799996,0,6.2999997,6.2999997
polar,,,275,0.25,0,5.8799996,0,6.2999997,6.2999997
polar,,,275,0.3,0,5.8799996,0,6.2999997,6.2999997
polar,,,275,0.35,0,5.8799996,0,6.2999997,6.2999997
polar,,,275,0.4,0,5.8799996,0,6.2999997,6.2999997
polar,,,275,0.45,0,5.8799996,0,6.2999997,6.2999997
polar,,,275,0.5,0,5.8799996,0,6.2999997,6.2999997
polar,,,275,0.55,0,5.8799996,0,6.2999997,6.2999997
polar,,,275,0.6,0,5.8799996,0,6.2999997,6.2999997
polar,,,275,0.65,0,5.8799996,0,6.2999997,6.2999997
polar,,,275,0.7,0,5.8799996,0,6.2999997,6.2999997
polar,,,275,0.75,0,5.8799996,0,6.2999997,6.2999997
polar,,,275,0.8,0,5.8799996,0,6.2999997,6.2999997
polar,,,275,0.85,0,5.8799996,0,6.2999997,6.2999997
polar,,,275,0.9,0,5.8799996,0,6.2999997,6.2999997
polar,,,275,0.95,0,5.8799996,0,6.2999997,6.2999997
polar,,,275,1,0,5.8799996,0,6.2999997,6.2999997
polar,,,276,0,0,5.8799996,0,6.2999997,6.2999997
polar,,,276,0.05,0,5.8799996,0,6.2999997,6.2999997
polar,,,276,0.1,0,5.8799996,0,6.2999997,6.2999997
polar,,,276,0.15,0,5.8799996,0,6.2999997,6.2999997
polar,,,276,0.2,0,5.8799996,0,6.2999997,6.2999997
polar,,,276,0.25,0,5.8799996,0,6.2999997,6.2999997
polar,,,276,0.3,0,5.8799996,0,6.2999997,6.2999997
polar,,,276,0.35,0,5.8799996,0,6.2999997,6.2999997
polar,,,276,0.4,0,5.8799996,0,6.2999997,6.2999997
polar,,,276,0.45,0,5.8799996,0,6.2999997,6.2999997
polar,,,276,0.5,0,5.8799996,0,6.2999997,6.2999997
polar,,,276,0.55,0,5.8799996,0,6.2999997,6.2999997
polar,,,276,0.6,0,5.8799996,0,6.2999997,6.2999997
polar,,,276,0.65,0,5.8799996,0,6.2999997,6.2999997
polar,,,276,0.7,0,5.8799996,0,6.2999997,6.2999997
polar,,,276,0.75,0,5.8799996,0,6.2999997,6.2999997
polar,,,276,0.8,0,5.8799996,0,6.2999997,6.2999997
polar,,,276,0.85,0,5.8799996,0,6.2999997,6.2999997
polar,,,276,0.9,0,5.8799996,0,6.2999997,6.2999997
polar,,,276,0.95,0,5.8799996,0,6.2999997,6.2999997
polar,,,276,1,0,5.8799996,0,6.2999997,6.2999997
polar,,,277,0,0,5.8799996,0,6.2999997,6.2999997
polar,,,277,0.05,0,5.8799996,0,6.2999997,6.2999997
polar,,,277,0.1,0,5.8799996,0,6.2999997,6.2999997
polar,,,277,0.15,0,5.8799996,0,6.2999997,6.2999997
polar,,,277,0.2,0,5.8799996,0,6.2999997,6.2999997
polar,,,277,0.25,0,5.8799996,0,6.2999997,6.2999997
polar,,,277,0.3,0,5.8799996,0,6.2999997,6.2999997
polar,,,277,0.35,0,5.8799996,0,6.2999997,6.2999997
polar,,,277,0.4,0,5.8799996,0,6.2999997,6.2999997
polar,,,277,0.45,0,5.8799996,0,6.2999997,6.2999997
polar,,,277,0.5,0,5.8799996,0,6.2999997,6.2999997
polar,,,277,0.55,0,5.8799996,0,6.2999997,6.2999997
polar,,,277,0.6,0,5.8799996,0,6.2999997,6.2999997
polar,,,277,0.65,0,5.8799996,0,6.2999997,6.2999997
polar,,,277,0.7,0,5.8799996,0,6.2999997,6.2999997
polar,,,277,0.75,0,5.8799996,0,6.2999997,6.2999997
polar,,,277,0.8,0,5.8799996,0,6.2999997,6.2999997
polar,,,277,0.85,0,5.8799996,0,6.2999997,6.2999997
polar,,,277,0.9,0,5.8799996,0,6.2999997,6.2999997
polar,,,277,0.95,0,5.8799996,0,6.2999997,6.2999997
polar,,,277,1,0,5.8799996,0,6.2999997,6.2999997
polar,,,278,0,0,5.8799996,0,6.2999997,6.2999997
polar,,,278,0.05,0,5.8799996,0,6.2999997,6.2999997
polar,,,278,0.1,0,5.8799996,0,6.2999997,6.2999997
polar,,,278,0.15,0,5.8799996,0,6.2999997,6.2999997
polar,,,278,0.2,0,5.8799996,0,6.2999997,6.2999997
polar,,,278,0.25,0,5.8799996,0,6.2999997,6.2999997
polar,,,278,0.3,0,5.8799996,0,6.2999997,6.2999997
polar,,,278,0.35,0,5.8799996,0,6.2999997,6.2999997
polar,,,278,0.4,0,5.8799996,0,6.2999997,6.2999997
polar,,,278,0.45,0,5.8799996,0,6.2999997,6.2999997
polar,,,278,0.5,0,5.8799996,0,6.2999997,6.2999997
polar,,,278,0.55,0,5.8799996,0,6.2999997,6.2999997
polar,,,278,0.6,0,5.8799996,0,6.2999997,6.2999997
polar,,,278,0.65,0,5.8799996,0,6.2999997,6.2999997
polar,,,278,0.7,0,5.8799996,0,6.2999997,6.2999997
polar,,,278,0.75,0,5.8799996,0,6.2999997,6.2999997
polar,,,278,0.8,0,5.8799996,0,6.2999997,6.2999997
polar,,,278,0.85,0,5.8799996,0,6.2999997,6.2999997
polar,,,278,0.9,0,5.8799996,0,6.2999997,6.2999997
polar,,,278,0.95,0,5.8799996,0,6.2999997,6.2999997
polar,,,278,1,0,5.8799996,0,6.2999997,6.2999997
polar,,,279,0,0,5.8799996,0,6.2999997,6.2999997
polar,,,279,0.05,0,5.8799996,0,6.2999997,6.2999997
polar,,,279,0.1,0,5.8799996,0,6.2999997,6.2999997
polar,,,279,0.15,0,5.8799996,0,6.2999997,6.2999997
polar,,,279,0.2,0,5.8799996,0,6.2999997,6.2999997
polar,,,279,0.25,0,5.8799996,0,6.2999997,6.2999997
polar,,,279,0.3,0,5.8799996,0,6.2999997,6.2999997
polar,,,279,0.35,0,5.8799996,0,6.2999997,6.2999997
polar,,,279,0.4,0,5.8799996,0,6.2999997,6.2999997
polar,,,279,0.45,0,5.8799996,0,6.2999997,6.2999997
polar,,,279,0.5,0,5.8799996,0,6.2999997,6.2999997
polar,,,279,0.55,0,5.8799996,0,6.2999997,6.2999997
polar,,,279,0.6,0,5.8799996,0,6.2999997,6.2999997
polar,,,279,0.65,0,5.8799996,0,6.2999997,6.2999997
polar,,,279,0.7,0,5.8799996,0,6.2999997,6.2999997
polar,,,279,0.75,0,5.8799996,0,6.2999997,6.2999997
polar,,,279,0.8,0,5.8799996,0,6.2999997,6.2999997
polar,,,279,0.85,0,5.8799996,0,6.2999997,6.2999997
polar,,,279,0.9,0,5.8799996,0,6.2999997,6.2999997
polar,,,279,0.95,0,5.8799996,0,6.2999997,6.2999997
polar,,,279,1,0,5.8799996,0,6.2999997,6.2999997
polar,,,280,0,0,5.8799996,0,6.2999997,6.2999997
polar,,,280,0.05,0,5.8799996,0,6.2999997,6.2999997
polar,,,280,0.1,0,5.8799996,0,6.2999997,6.2999997
polar,,,280,0.15,0,5.8799996,0,6.2999997,6.2999997
polar,,,280,0.2,0,5.8799996,0,6.2999997,6.2999997
polar,,,280,0.25,0,5.8799996,0,6.2999997,6.2999997
polar,,,280,0.3,0,5.8799996,0,6.2999997,6.2999997
polar,,,280,0.35,0,5.8799996,0,6.2999997,6.2999997
polar,,,280,0.4,0,5.8799996,0,6.2999997,6.2999997
polar,,,280,0.45,0,5.8799996,0,6.2999997,6.2999997
polar,,,280,0.5,0,5.8799996,0,6.2999997,6.2999997
polar,,,280,0.55,0,5.8799996,0,6.2999997,6.2999997
polar,,,280,0.6,0,5.8799996,0,6.2999997,6.2999997
polar,,,280,0.65,0,5.8799996,0,6.2999997,6.2999997
polar,,,280,0.7,0,5.8799996,0,6.2999997,6.2999997
polar,,,280,0.75,0,5.8799996,0,6.2999997,6.2999997
polar,,,280,0.8,0,5.8799996,0,6.2999997,6.2999997
polar,,,280,0.85,0,5.8799996,0,6.2999997,6.2999997
polar,,,280,0.9,0,5.8799996,0,6.2999997,6.2999997
polar,,,280,0.95,0,5.8799996,0,6.2999997,6.2999997
polar,,,280,1,0,5.8799996,0,6.2999997,6.2999997
polar,,,281,0,0,5.8799996,0,6.2999997,6.2999997
polar,,,281,0.05,0,5.8799996,0,6.2999997,6.2999997
polar,,,281,0.1,0,5.8799996,0,6.2999997,6.2999997
polar,,,281,0.15,0,5.8799996,0,6.2999997,6.2999997
polar,,,281,0.2,0,5.8799996,0,6.2999997,6.2999997
polar,,,281,0.25,0,5.8799996,0,6.2999997,6.2999997
polar,,,281,0.3,0,5.8799996,0,6.2999997,6.2999997
polar,,,281,0.35,0,5.8799996,0,6.2999997,6.2999997
polar,,,281,0.4,0,5.8799996,0,6.2999997,6.2999997
polar,,,281,0.45,0,5.8799996,0,6.2999997,6.2999997
polar,,,281,0.5,0,5.8799996,0,6.2999997,6.2999997
polar,,,281,0.55,0,5.8799996,0,6.2999997,6.2999997
polar,,,281,0.6,0,5.8799996,0,6.2999997,6.2999997
polar,,,281,0.65,0,5.8799996,0,6.2999997,6.2999997
polar,,,281,0.7,0,5.8799996,0,6.2999997,6.2999997
polar,,,281,0.75,0,5.8799996,0,6.2999997,6.2999997
polar,,,281,0.8,0,5.8799996,0,6.2999997,6.2999997
polar,,,281,0.85,0,5.8799996,0,6.2999997,6.2999997
polar,,,281,0.9,0,5.8799996,0,6.2999997,6.2999997
polar,,,281,0.95,0,5.8799996,0,6.2999997,6.2999997
polar,,,281,1,0,5.8799996,0,6.2999997,6.2999997
polar,,,282,0,0,5.8799996,0,6.2999997,6.2999997
polar,,,282,0.05,0,5.8799996,0,6.2999997,6.2999997
polar,,,282,0.1,0,5.8799996,0,6.2999997,6.2999997
polar,,,282,0.15,0,5.8799996,0,6.2999997,6.2999997
polar,,,282,0.2,0,5.8799996,0,6.2999997,6.2999997
polar,,,282,0.25,0,5.8799996,0,6.2999997,6.2999997
polar,,,282,0.3,0,5.8799996,0,6.2999997,6.2999997
polar,,,282,0.35,0,5.8799996,0,6.2999997,6.2999997
polar,,,282,0.4,0,5.8799996,0,6.2999997,6.2999997
polar,,,282,0.45,0,5.8799996,0,6.2999997,6.2999997
polar,,,282,0.5,0,5.8799996,0,6.2999997,6.2999997
polar,,,282,0.55,0,5.8799996,0,6.2999997,6.2999997
polar,,,282,0.6,0,5.8799996,0,6.2999997,6.2999997
polar,,,282,0.65,0,5.8799996,0,6.2999997,6.2999997
polar,,,282,0.7,0,5.8799996,0,6.2999997,6.2999997
polar,,,282,0.75,0,5.8799996,0,6.2999997,6.2999997
polar,,,282,0.8,0,5.8799996,0,6.2999997,6.2999997
polar,,,282,0.85,0,5.8799996,0,6.2999997,6.2999997
polar,,,282,0.9,0,5.8799996,0,6.2999997,6.2999997
polar,,,282,0.95,0,5.8799996,0,6.2999997,6.2999997
polar,,,282,1,0,5.8799996,0,6.2999997,6.2999997
polar,,,283,0,0,5.8799996,0,6.2999997,6.2999997
polar,,,283,0.05,0,5.8799996,0,6.2999997,6.2999997
polar,,,283,0.1,0,5.8799996,0,6.2999997,6.2999997
polar,,,283,0.15,0,5.8799996,0,6.2999997,6.2999997
polar,,,283,0.2,0,5.8799996,0,6.2999997,6.2999997
polar,,,283,0.25,0,5.8799996,0,6.2999997,6.2999997
polar,,,283,0.3,0,5.8799996,0,6.2999997,6.2999997
polar,,,283,0.35,0,5.8799996,0,6.2999997,6.2999997
polar,,,283,0.4,0,5.8799996,0,6.2999997,6.2999997
polar,,,283,0.45,0,5.8799996,0,6.2999997,6.2999997
polar,,,283,0.5,0,5.8799996,0,6.2999997,6.2999997
polar,,,283,0.55,0,5.8799996,0,6.2999997,6.2999997
polar,,,283,0.6,0,5.8799996,0,6.2999997,6.2999997
polar,,,283,0.65,0,5.8799996,0,6.2999997,6.2999997
polar,,,283,0.7,0,5.8799996,0,6.2999997,6.2999997
polar,,,283,0.75,0,5.8799996,0,6.2999997,6.2999997
polar,,,283,0.8,0,5.8799996,0,6.2999997,6.2999997
polar,,,283,0.85,0,5.8799996,0,6.2999997,6.2999997
polar,,,283,0.9,0,5.8799996,0,6.2999997,6.2999997
polar,,,283,0.95,0,5.8799996,0,6.2999997,6.2999997
polar,,,283,1,0,5.8799996,0,6.2999997,6.2999997
polar,,,284,0,0,5.8799996,0,6.2999997,6.2999997
polar,,,284,0.05,0,5.8799996,0,6.2999997,6.2999997
polar,,,284,0.1,0,5.8799996,0,6.2999997,6.2999997
polar,,,284,0.15,0,5.8799996,0,6.2999997,6.2999997
polar,,,284,0.2,0,5.8799996,0,6.2999997,6.2999997
polar,,,284,0.25,0,5.8799996,0,6.2999997,6.2999997
polar,,,284,0.3,0,5.8799996,0,6.2999997,6.2999997
polar,,,284,0.35,0,5.8799996,0,6.2999997,6.2999997
polar,,,284,0.4,0,5.8799996,0,6.2999997,6.2999997
polar,,,284,0.45,0,5.8799996,0,6.2999997,6.2999997
polar,,,284,0.5,0,5.8799996,0,6.2999997,6.2999997
polar,,,284,0.55,0,5.8799996,0,6.2999997,6.2999997
polar,,,284,0.6,0,5.8799996,0,6.2999997,6.2999997
polar,,,284,0.65,0,5.8799996,0,6.2999997,6.2999997
polar,,,284,0.7,0,5.8799996,0,6.2999997,6.2999997
polar,,,284,0.75,0,5.8799996,0,6.2999997,6.2999997
polar,,,284,0.8,0,5.8799996,0,6.2999997,6.2999997
polar,,,284,0.85,0,5.8799996,0,6.2999997,6.2999997
polar,,,284,0.9,0,5.8799996,0,6.2999997,6.2999997
polar,,,284,0.95,0,5.8799996,0,6.2999997,6.2999997
polar,,,284,1,0,5.8799996,0,6.2999997,6.2999997
polar,,,285,0,0,5.8799996,0,6.2999997,6.2999997
polar,,,285,0.05,0,5.8799996,0,6.2999997,6.2999997
polar,,,285,0.1,0,5.8799996,0,6.2999997,6.2999997
polar,,,285,0.15,0,5.8799996,0,6.2999997,6.2999997
polar,,,285,0.2,0,5.8799996,0,6.2999997,6.2999997
polar,,,285,0.25,0,5.8799996,0,6.2999997,6.2999997
polar,,,285,0.3,0,5.8799996,0,6.2999997,6.2999997
polar,,,285,0.35,0,5.8799996,0,6.2999997,6.2999997
polar,,,285,0.4,0,5.8799996,0,6.2999997,6.2999997
polar,,,285,0.45,0,5.8799996,0,6.2999997,6.2999997
polar,,,285,0.5,0,5.8799996,0,6.2999997,6.2999997
polar,,,285,0.55,0,5.8799996,0,6.2999997,6.2999997
polar,,,285,0.6,0,5.8799996,0,6.2999997,6.2999997
polar,,,285,0.65,0,5.8799996,0,6.2999997,6.2999997
polar,,,285,0.7,0,5.8799996,0,6.2999997,6.2999997
polar,,,285,0.75,0,5.8799996,0,6.2999997,6.2999997
polar,,,285,0.8,0,5.8799996,0,6.2999997,6.2999997
polar,,,285,0.85,0,5.8799996,0,6.2999997,6.2999997
polar,,,285,0.9,0,5.8799996,0,6.2999997,6.2999997
polar,,,285,0.95,0,5.8799996,0,6.2999997,6.2999997
polar,,,285,1,0,5.8799996,0,6.2999997,6.2999997
polar,,,286,0,0,5.8799996,0,6.2999997,6.2999997
polar,,,286,0.05,0,5.8799996,0,6.2999997,6.2999997
polar,,,286,0.1,0,5.8799996,0,6.2999997,6.2999997
polar,,,286,0.15,0,5.8799996,0,6.2999997,6.2999997
polar,,,286,0.2,0,5.8799996,0,6.2999997,6.2999997
polar,,,286,0.25,0,5.8799996,0,6.2999997,6.2999997
polar,,,286,0.3,0,5.8799996,0,6.2999997,6.2999997
polar,,,286,0.35,0,5.8799996,0,6.2999997,6.2999997
polar,,,286,0.4,0,5.8799996,0,6.2999997,6.2999997
polar,,,286,0.45,0,5.8799996,0,6.2999997,6.2999997
polar,,,286,0.5,0,5.8799996,0,6.2999997,6.2999997
polar,,,286,0.55,0,5.8799996,0,6.2999997,6.2999997
polar,,,286,0.6,0,5.8799996,0,6.2999997,6.2999997
polar,,,286,0.65,0,5.8799996,0,6.2999997,6.2999997
polar,,,286,0.7,0,5.8799996,0,6.2999997,6.2999997
polar,,,286,0.75,0,5.8799996,0,6.2999997,6.2999997
polar,,,286,0.8,0,5.8799996,0,6.2999997,6.2999997
polar,,,286,0.85,0,5.8799996,0,6.2999997,6.2999997
polar,,,286,0.9,0,5.8799996,0,6.2999997,6.2999997
polar,,,286,0.95,0,5.8799996,0,6.2999997,6.2999997
polar,,,286,1,0,5.8799996,0,6.2999997,6.2999997
polar,,,287,0,0,5.8799996,0,6.2999997,6.2999997
polar,,,287,0.05,0,5.8799996,0,6.2999997,6.2999997
polar,,,287,0.1,0,5.8799996,0,6.2999997,6.2999997
polar,,,287,0.15,0,5.8799996,0,6.2999997,6.2999997
polar,,,287,0.2,0,5.8799996,0,6.2999997,6.2999997
polar,,,287,0.25,0,5.8799996,0,6.2999997,6.2999997
polar,,,287,0.3,0,5.8799996,0,6.2999997,6.2999997
polar,,,287,0.35,0,5.8799996,0,6.2999997,6.2999997
polar,,,287,0.4,0,5.8799996,0,6.2999997,6.2999997
polar,,,287,0.45,0,5.8799996,0,6.2999997,6.2999997
polar,,,287,0.5,0,5.8799996,0,6.2999997,6.2999997
polar,,,287,0.55,0,5.8799996,0,6.2999997,6.2999997
polar,,,287,0.6,0,5.8799996,0,6.2999997,6.2999997
polar,,,287,0.65,0,5.8799996,0,6.2999997,6.2999997
polar,,,287,0.7,0,5.8799996,0,6.2999997,6.2999997
polar,,,287,0.75,0,5.8799996,0,6.2999997,6.2999997
polar,,,287,0.8,0,5.8799996,0,6.2999997,6.2999997
polar,,,287,0.85,0,5.8799996,0,6.2999997,6.2999997
polar,,,287,0.9,0,5.8799996,0,6.2999997,6.2999997
polar,,,287,0.95,0,5.8799996,0,6.2999997,6.2999997
polar,,,287,1,0,5.8799996,0,6.2999997,6.2999997
polar,,,288,0,0,5.8799996,0,6.2999997,6.2999997
polar,,,288,0.05,0,5.8799996,0,6.2999997,6.2999997
polar,,,288,0.1,0,5.8799996,0,6.2999997,6.2999997
polar,,,288,0.15,0,5.8799996,0,6.2999997,6.2999997
polar,,,288,0.2,0,5.8799996,0,6.2999997,6.2999997
polar,,,288,0.25,0,5.8799996,0,6.2999997,6.2999997
polar,,,288,0.3,0,5.8799996,0,6.2999997,6.2999997
polar,,,288,0.35,0,5.8799996,0,6.2999997,6.2999997
polar,,,288,0.4,0,5.8799996,0,6.2999997,6.2999997
polar,,,288,0.45,0,5.8799996,0,6.2999997,6.2999997
polar,,,288,0.5,0,5.8799996,0,6.2999997,6.2999997
polar,,,288,0.55,0,5.8799996,0,6.2999997,6.2999997
polar,,,288,0.6,0,5.8799996,0,6.2999997,6.2999997
polar,,,288,0.65,0,5.8799996,0,6.2999997,6.2999997
polar,,,288,0.7,0,5.8799996,0,6.2999997,6.2999997
polar,,,288,0.75,0,5.8799996,0,6.2999997,6.2999997
polar,,,288,0.8,0,5.8799996,0,6.2999997,6.2999997
polar,,,288,0.85,0,5.8799996,0,6.2999997,6.2999997
polar,,,288,0.9,0,5.8799996,0,6.2999997,6.2999997
polar,,,288,0.95,0,5.8799996,0,6.2999997,6.2999997
polar,,,288,1,0,5.8799996,0,6.2999997,6.2999997
polar,,,289,0,0,5.8799996,0,6.2999997,6.2999997
polar,,,289,0.05,0,5.8799996,0,6.2999997,6.2999997
polar,,,289,0.1,0,5.8799996,0,6.2999997,6.2999997
polar,,,289,0.15,0,5.8799996,0,6.2999997,6.2999997
polar,,,289,0.2,0,5.8799996,0,6.2999997,6.2999997
polar,,,289,0.25,0,5.8799996,0,6.2999997,6.2999997
polar,,,289,0.3,0,5.8799996,0,6.2999997,6.2999997
polar,,,289,0.35,0,5.8799996,0,6.2999997,6.2999997
polar,,,289,0.4,0,5.8799996,0,6.2999997,6.2999997
polar,,,289,0.45,0,5.8799996,0,6.2999997,6.2999997
polar,,,289,0.5,0,5.8799996,0,6.2999997,6.2999997
polar,,,289,0.55,0,5.8799996,0,6.2999997,6.2999997
polar,,,289,0.6,0,5.8799996,0,6.2999997,6.2999997
polar,,,289,0.65,0,5.8799996,0,6.2999997,6.2999997
polar,,,289,0.7,0,5.8799996,0,6.2999997,6.2999997
polar,,,289,0.75,0,5.8799996,0,6.2999997,6.2999997
polar,,,289,0.8,0,5.8799996,0,6.2999997,6.2999997
polar,,,289,0.85,0,5.8799996,0,6.2999997,6.2999997
polar,,,289,0.9,0,5.8799996,0,6.2999997,6.2999997
polar,,,289,0.95,0,5.8799996,0,6.2999997,6.2999997
polar,,,289,1,0,5.8799996,0,6.2999997,6.2999997
polar,,,290,0,0,5.8799996,0,6.2999997,6.2999997
polar,,,290,0.05,0,5.8799996,0,6.2999997,6.2999997
polar,,,290,0.1,0,5.8799996,0,6.2999997,6.2999997
polar,,,290,0.15,0,5.8799996,0,6.2999997,6.2999997
polar,,,290,0.2,0,5.8799996,0,6.2999997,6.2999997
polar,,,290,0.25,0,5.8799996,0,6.2999997,6.2999997
polar,,,290,0.3,0,5.8799996,0,6.2999997,6.2999997
polar,,,290,0.35,0,5.8799996,0,6.2999997,6.2999997
polar,,,290,0.4,0,5.8799996,0,6.2999997,6.2999997
polar,,,290,0.45,0,5.8799996,0,6.2999997,6.2999997
polar,,,290,0.5,0,5.8799996,0,6.2999997,6.2999997
polar,,,290,0.55,0,5.8799996,0,6.2999997,6.2999997
polar,,,290,0.6,0,5.8799996,0,6.2999997,6.2999997
polar,,,290,0.65,0,5.8799996,0,6.2999997,6.2999997
polar,,,290,0.7,0,5.8799996,0,6.2999997,6.2999997
polar,,,290,0.75,0,5.8799996,0,6.2999997,6.2999997
polar,,,290,0.8,0,5.8799996,0,6.2999997,6.2999997
polar,,,290,0.85,0,5.8799996,0,6.2999997,6.2999997
polar,,,290,0.9,0,5.8799996,0,6.2999997,6.2999997
polar,,,290,0.95,0,5.8799996,0,6.2999997,6.2999997
polar,,,290,1,0,5.8799996,0,6.2999997,6.2999997
polar,,,291,0,0,5.8799996,0,6.2999997,6.2999997
polar,,,291,0.05,0,5.8799996,0,6.2999997,6.2999997
polar,,,291,0.1,0,5.8799996,0,6.2999997,6.2999997
polar,,,291,0.15,0,5.8799996,0,6.2999997,6.2999997
polar,,,291,0.2,0,5.8799996,0,6.2999997,6.2999997
polar,,,291,0.25,0,5.8799996,0,6.2999997,6.2999997
polar,,,291,0.3,0,5.8799996,0,6.2999997,6.2999997
polar,,,291,0.35,0,5.8799996,0,6.2999997,6.2999997
polar,,,291,0.4,0,5.8799996,0,6.2999997,6.2999997
polar,,,291,0.45,0,5.8799996,0,6.2999997,6.2999997
polar,,,291,0.5,0,5.8799996,0,6.2999997,6.2999997
polar,,,291,0.55,0,5.8799996,0,6.2999997,6.2999997
polar,,,291,0.6,0,5.8799996,0,6.2999997,6.2999997
polar,,,291,0.65,0,5.8799996,0,6.2999997,6.2999997
polar,,,291,0.7,0,5.8799996,0,6.2999997,6.2999997
polar,,,291,0.75,0,5.8799996,0,6.2999997,6.2999997
polar,,,291,0.8,0,5.8799996,0,6.2999997,6.2999997
polar,,,291,0.85,0,5.8799996,0,6.2999997,6.2999997
polar,,,291,0.9,0,5.8799996,0,6.2999997,6.2999997
polar,,,291,0.95,0,5.8799996,0,6.2999997,6.2999997
polar,,,291,1,0,5.8799996,0,6.2999997,6.2999997
polar,,,292,0,0,5.8799996,0,6.2999997,6.2999997
polar,,,292,0.05,0,5.8799996,0,6.2999997,6.2999997
polar,,,292,0.1,0,5.8799996,0,6.2999997,6.2999997
polar,,,292,0.15,0,5.8799996,0,6.2999997,6.2999997
polar,,,292,0.2,0,5.8799996,0,6.2999997,6.2999997
polar,,,292,0.25,0,5.8799996,0,6.2999997,6.2999997
polar,,,292,0.3,0,5.8799996,0,6.2999997,6.2999997
polar,,,292,0.35,0,5.8799996,0,6.2999997,6.2999997
polar,,,292,0.4,0,5.8799996,0,6.2999997,6.2999997
polar,,,292,0.45,0,5.8799996,0,6.2999997,6.2999997
polar,,,292,0.5,0,5.8799996,0,6.2999997,6.2999997
polar,,,292,0.55,0,5.8799996,0,6.2999997,6.2999997
polar,,,292,0.6,0,5.8799996,0,6.2999997,6.2999997
polar,,,292,0.65,0,5.8799996,0,6.2999997,6.2999997
polar,,,292,0.7,0,5.8799996,0,6.2999997,6.2999997
polar,,,292,0.75,0,5.8799996,0,6.2999997,6.2999997
polar,,,292,0.8,0,5.8799996,0,6.2999997,6.2999997
polar,,,292,0.85,0,5.8799996,0,6.2999997,6.2999997
polar,,,292,0.9,0,5.8799996,0,6.2999997,6.2999997
polar,,,292,0.95,0,5.8799996,0,6.2999997,6.2999997
polar,,,292,1,0,5.8799996,0,6.2999997,6.2999997
polar,,,293,0,0,5.8799996,0,6.2999997,6.2999997
polar,,,293,0.05,0,5.8799996,0,6.2999997,6.2999997
polar,,,293,0.1,0,5.8799996,0,6.2999997,6.2999997
polar,,,293,0.15,0,5.8799996,0,6.2999997,6.2999997
polar,,,293,0.2,0,5.8799996,0,6.2999997,6.2999997
polar,,,293,0.25,0,5.8799996,0,6.2999997,6.2999997
polar,,,293,0.3,0,5.8799996,0,6.2999997,6.2999997
polar,,,293,0.35,0,5.8799996,0,6.2999997,6.2999997
polar,,,293,0.4,0,5.8799996,0,6.2999997,6.2999997
polar,,,293,0.45,0,5.8799996,0,6.2999997,6.2999997
polar,,,293,0.5,0,5.8799996,0,6.2999997,6.2999997
polar,,,293,0.55,0,5.8799996,0,6.2999997,6.2999997
polar,,,293,0.6,0,5.8799996,0,6.2999997,6.2999997
polar,,,293,0.65,0,5.8799996,0,6.2999997,6.2999997
polar,,,293,0.7,0,5.8799996,0,6.2999997,6.2999997
polar,,,293,0.75,0,5.8799996,0,6.2999997,6.2999997
polar,,,293,0.8,0,5.8799996,0,6.2999997,6.2999997
polar,,,293,0.85,0,5.8799996,0,6.2999997,6.2999997
polar,,,293,0.9,0,5.8799996,0,6.2999997,6.2999997
polar,,,293,0.95,0,5.8799996,0,6.2999997,6.2999997
polar,,,293,1,0,5.8799996,0,6.2999997,6.2999997
polar,,,294,0,0,5.8799996,0,6.2999997,6.2999997
polar,,,294,0.05,0,5.8799996,0,6.2999997,6.2999997
polar,,,294,0.1,0,5.8799996,0,6.2999997,6.2999997
polar,,,294,0.15,0,5.8799996,0,6.2999997,6.2999997
polar,,,294,0.2,0,5.8799996,0,6.2999997,6.2999997
polar,,,294,0.25,0,5.8799996,0,6.2999997,6.2999997
polar,,,294,0.3,0,5.8799996,0,6.2999997,6.2999997
polar,,,294,0.35,0,5.8799996,0,6.2999997,6.2999997
polar,,,294,0.4,0,5.8799996,0,6.2999997,6.2999997
polar,,,294,0.45,0,5.8799996,0,6.2999997,6.2999997
polar,,,294,0.5,0,5.8799996,0,6.2999997,6.2999997
polar,,,294,0.55,0,5.8799996,0,6.2999997,6.2999997
polar,,,294,0.6,0,5.8799996,0,6.2999997,6.2999997
polar,,,294,0.65,0,5.8799996,0,6.2999997,6.2999997
polar,,,294,0.7,0,5.8799996,0,6.2999997,6.2999997
polar,,,294,0.75,0,5.8799996,0,6.2999997,6.2999997
polar,,,294,0.8,0,5.8799996,0,6.2999997,6.2999997
polar,,,294,0.85,0,5.8799996,0,6.2999997,6.2999997
polar,,,294,0.9,0,5.8799996,0,6.2999997,6.2999997
polar,,,294,0.95,0,5.8799996,0,6.2999997,6.2999997
polar,,,294,1,0,5.8799996,0,6.2999997,6.2999997
polar,,,295,0,0,5.8799996,0,6.2999997,6.2999997
polar,,,295,0.05,0,5.8799996,0,6.2999997,6.2999997
polar,,,295,0.1,0,5.8799996,0,6.2999997,6.2999997
polar,,,295,0.15,0,5.8799996,0,6.2999997,6.2999997
polar,,,295,0.2,0,5.8799996,0,6.2999997,6.2999997
polar,,,295,0.25,0,5.8799996,0,6.2999997,6.2999997
polar,,,295,0.3,0,5.8799996,0,6.2999997,6.2999997
polar,,,295,0.35,0,5.8799996,0,6.2999997,6.2999997
polar,,,295,0.4,0,5.8799996,0,6.2999997,6.2999997
polar,,,295,0.45,0,5.8799996,0,6.2999997,6.2999997
polar,,,295,0.5,0,5.8799996,0,6.2999997,6.2999997
polar,,,295,0.55,0,5.8799996,0,6.2999997,6.2999997
polar,,,295,0.6,0,5.8799996,0,6.2999997,6.2999997
polar,,,295,0.65,0,5.8799996,0,6.2999997,6.2999997
polar,,,295,0.7,0,5.8799996,0,6.2999997,6.2999997
polar,,,295,0.75,0,5.8799996,0,6.2999997,6.2999997
polar,,,295,0.8,0,5.8799996,0,6.2999997,6.2999997
polar,,,295,0.85,0,5.8799996,0,6.2999997,6.2999997
polar,,,295,0.9,0,5.8799996,0,6.2999997,6.2999997
polar,,,295,0.95,0,5.8799996,0,6.2999997,6.2999997
polar,,,295,1,0,5.8799996,0,6.2999997,6.2999997
polar,,,296,0,0,5.8799996,0,6.2999997,6.2999997
polar,,,296,0.05,0,5.8799996,0,6.2999997,6.2999997
polar,,,296,0.1,0,5.8799996,0,6.2999997,6.2999997
polar,,,296,0.15,0,5.8799996,0,6.2999997,6.2999997
polar,,,296,0.2,0,5.8799996,0,6.2999997,6.2999997
polar,,,296,0.25,0,5.8799996,0,6.2999997,6.2999997
polar,,,296,0.3,0,5.8799996,0,6.2999997,6.2999997
polar,,,296,0.35,0,5.8799996,0,6.2999997,6.2999997
polar,,,296,0.4,0,5.8799996,0,6.2999997,6.2999997
polar,,,296,0.45,0,5.8799996,0,6.2999997,6.2999997
polar,,,296,0.5,0,5.8799996,0,6.2999997,6.2999997
polar,,,296,0.55,0,5.8799996,0,6.2999997,6.2999997
polar,,,296,0.6,0,5.8799996,0,6.2999997,6.2999997
polar,,,296,0.65,0,5.8799996,0,6.2999997,6.2999997
polar,,,296,0.7,0,5.8799996,0,6.2999997,6.2999997
polar,,,296,0.75,0,5.8799996,0,6.2999997,6.2999997
polar,,,296,0.8,0,5.8799996,0,6.2999997,6.2999997
polar,,,296,0.85,0,5.8799996,0,6.2999997,6.2999997
polar,,,296,0.9,0,5.8799996,0,6.2999997,6.2999997
polar,,,296,0.95,0,5.8799996,0,6.2999997,6.2999997
polar,,,296,1,0,5.8799996,0,6.2999997,6.2999997
polar,,,297,0,0,5.8799996,0,6.2999997,6.2999997
polar,,,297,0.05,0,5.8799996,0,6.2999997,6.2999997
polar,,,297,0.1,0,5.8799996,0,6.2999997,6.2999997
polar,,,297,0.15,0,5.8799996,0,6.2999997,6.2999997
polar,,,297,0.2,0,5.8799996,0,6.2999997,6.2999997
polar,,,297,0.25,0,5.8799996,0,6.2999997,6.2999997
polar,,,297,0.3,0,5.8799996,0,6.2999997,6.2999997
polar,,,297,0.35,0,5.8799996,0,6.2999997,6.2999997
polar,,,297,0.4,0,5.8799996,0,6.2999997,6.2999997
polar,,,297,0.45,0,5.8799996,0,6.2999997,6.2999997
polar,,,297,0.5,0,5.8799996,0,6.2999997,6.2999997
polar,,,297,0.55,0,5.8799996,0,6.2999997,6.2999997
polar,,,297,0.6,0,5.8799996,0,6.2999997,6.2999997
polar,,,297,0.65,0,5.8799996,0,6.2999997,6.2999997
polar,,,297,0.7,0,5.8799996,0,6.2999997,6.2999997
polar,,,297,0.75,0,5.8799996,0,6.2999997,6.2999997
polar,,,297,0.8,0,5.8799996,0,6.2999997,6.2999997
polar,,,297,0.85,0,5.8799996,0,6.2999997,6.2999997
polar,,,297,0.9,0,5.8799996,0,6.2999997,6.2999997
polar,,,297,0.95,0,5.8799996,0,6.2999997,6.2999997
polar,,,297,1,0,5.8799996,0,6.2999997,6.2999997
polar,,,298,0,0,5.8799996,0,6.2999997,6.2999997
polar,,,298,0.05,0,5.8799996,0,6.2999997,6.2999997
polar,,,298,0.1,0,5.8799996,0,6.2999997,6.2999997
polar,,,298,0.15,0,5.8799996,0,6.2999997,6.2999997
polar,,,298,0.2,0,5.8799996,0,6.2999997,6.2999997
polar,,,298,0.25,0,5.8799996,0,6.2999997,6.2999997
polar,,,298,0.3,0,5.8799996,0,6.2999997,6.2999997
polar,,,298,0.35,0,5.8799996,0,6.2999997,6.2999997
polar,,,298,0.4,0,5.8799996,0,6.2999997,6.2999997
polar,,,298,0.45,0,5.8799996,0,6.2999997,6.2999997
polar,,,298,0.5,0,5.8799996,0,6.2999997,6.2999997
polar,,,298,0.55,0,5.8799996,0,6.2999997,6.2999997
polar,,,298,0.6,0,5.8799996,0,6.2999997,6.2999997
polar,,,298,0.65,0,5.8799996,0,6.2999997,6.2999997
polar,,,298,0.7,0,5.8799996,0,6.2999997,6.2999997
polar,,,298,0.75,0,5.8799996,0,6.2999997,6.2999997
polar,,,298,0.8,0,5.8799996,0,6.2999997,6.2999997
polar,,,298,0.85,0,5.8799996,0,6.2999997,6.2999997
polar,,,298,0.9,0,5.8799996,0,6.2999997,6.2999997
polar,,,298,0.95,0,5.8799996,0,6.2999997,6.2999997
polar,,,298,1,0,5.8799996,0,6.2999997,6.2999997
polar,,,299,0,0,5.8799996,0,6.2999997,6.2999997
polar,,,299,0.05,0,5.8799996,0,6.2999997,6.2999997
polar,,,299,0.1,0,5.8799996,0,6.2999997,6.2999997
polar,,,299,0.15,0,5.8799996,0,6.2999997,6.2999997
polar,,,299,0.2,0,5.8799996,0,6.2999997,6.2999997
polar,,,299,0.25,0,5.8799996,0,6.2999997,6.2999997
polar,,,299,0.3,0,5.8799996,0,6.2999997,6.2999997
polar,,,299,0.35,0,5.8799996,0,6.2999997,6.2999997
polar,,,299,0.4,0,5.8799996,0,6.2999997,6.2999997
polar,,,299,0.45,0,5.8799996,0,6.2999997,6.2999997
polar,,,299,0.5,0,5.8799996,0,6.2999997,6.2999997
polar,,,299,0.55,0,5.8799996,0,6.2999997,6.2999997
polar,,,299,0.6,0,5.8799996,0,6.2999997,6.2999997
polar,,,299,0.65,0,5.8799996,0,6.2999997,6.2999997
polar,,,299,0.7,0,5.8799996,0,6.2999997,6.2999997
polar,,,299,0.75,0,5.8799996,0,6.2999997,6.2999997
polar,,,299,0.8,0,5.8799996,0,6.2999997,6.2999997
polar,,,299,0.85,0,5.8799996,0,6.2999997,6.2999997
polar,,,299,0.9,0,5.8799996,0,6.2999997,6.2999997
polar,,,299,0.95,0,5.8799996,0,6.2999997,6.2999997
polar,,,299,1,0,5.8799996,0,6.2999997,6.2999997
polar,,,300,0,0,5.8799996,0,6.2999997,6.2999997
polar,,,300,0.05,0,5.8799996,0,6.2999997,6.2999997
polar,,,300,0.1,0,5.8799996,0,6.2999997,6.2999997
polar,,,300,0.15,0,5.8799996,0,6.2999997,6.2999997
polar,,,300,0.2,0,5.8799996,0,6.2999997,6.2999997
polar,,,300,0.25,0,5.8799996,0,6.2999997,6.2999997
polar,,,300,0.3,0,5.8799996,0,6.2999997,6.2999997
polar,,,300,0.35,0,5.8799996,0,6.2999997,6.2999997
polar,,,300,0.4,0,5.8799996,0,6.2999997,6.2999997
polar,,,300,0.45,0,5.8799996,0,6.2999997,6.2999997
polar,,,300,0.5,0,5.8799996,0,6.2999997,6.2999997
polar,,,300,0.55,0,5.8799996,0,6.2999997,6.2999997
polar,,,300,0.6,0,5.8799996,0,6.2999997,6.2999997
polar,,,300,0.65,0,5.8799996,0,6.2999997,6.2999997
polar,,,300,0.7,0,5.8799996,0,6.2999997,6.2999997
polar,,,300,0.75,0,5.8799996,0,6.2999997,6.2999997
polar,,,300,0.8,0,5.8799996,0,6.2999997,6.2999997
polar,,,300,0.85,0,5.8799996,0,6.2999997,6.2999997
polar,,,300,0.9,0,5.8799996,0,6.2999997,6.2999997
polar,,,300,0.95,0,5.8799996,0,6.2999997,6.2999997
polar,,,300,1,0,5.8799996,0,6.2999997,6.2999997
polar,,,301,0,0,5.8799996,0,6.2999997,6.2999997
polar,,,301,0.05,0,5.8799996,0,6.2999997,6.2999997
polar,,,301,0.1,0,5.8799996,0,6.2999997,6.2999997
polar,,,301,0.15,0,5.8799996,0,6.2999997,6.2999997
polar,,,301,0.2,0,5.8799996,0,6.2999997,6.2999997
polar,,,301,0.25,0,5.8799996,0,6.2999997,6.2999997
polar,,,301,0.3,0,5.8799996,0,6.2999997,6.2999997
polar,,,301,0.35,0,5.8799996,0,6.2999997,6.2999997
polar,,,301,0.4,0,5.8799996,0,6.2999997,6.2999997
polar,,,301,0.45,0,5.8799996,0,6.2999997,6.2999997
polar,,,301,0.5,0,5.8799996,0,6.2999997,6.2999997
polar,,,301,0.55,0,5.8799996,0,6.2999997,6.2999997
polar,,,301,0.6,0,5.8799996,0,6.2999997,6.2999997
polar,,,301,0.65,0,5.8799996,0,6.2999997,6.2999997
polar,,,301,0.7,0,5.8799996,0,6.2999997,6.2999997
polar,,,301,0.75,0,5.8799996,0,6.2999997,6.2999997
polar,,,301,0.8,0,5.8799996,0,6.2999997,6.2999997
polar,,,301,0.85,0,5.8799996,0,6.2999997,6.2999997
polar,,,301,0.9,0,5.8799996,0,6.2999997,6.2999997
polar,,,301,0.95,0,5.8799996,0,6.2999997,6.2999997
polar,,,301,1,0,5.8799996,0,6.2999997,6.2999997
polar,,,302,0,0,5.8799996,0,6.2999997,6.2999997
polar,,,302,0.05,0,5.8799996,0,6.2999997,6.2999997
polar,,,302,0.1,0,5.8799996,0,6.2999997,6.2999997
polar,,,302,0.15,0,5.8799996,0,6.2999997,6.2999997
polar,,,302,0.2,0,5.8799996,0,6.2999997,6.2999997
polar,,,302,0.25,0,5.8799996,0,6.2999997,6.2999997
polar,,,302,0.3,0,5.8799996,0,6.2999997,6.2999997
polar,,,302,0.35,0,5.8799996,0,6.2999997,6.2999997
polar,,,302,0.4,0,5.8799996,0,6.2999997,6.2999997
polar,,,302,0.45,0,5.8799996,0,6.2999997,6.2999997
polar,,,302,0.5,0,5.8799996,0,6.2999997,6.2999997
polar,,,302,0.55,0,5.8799996,0,6.2999997,6.2999997
polar,,,302,0.6,0,5.8799996,0,6.2999997,6.2999997
polar,,,302,0.65,0,5.8799996,0,6.2999997,6.2999997
polar,,,302,0.7,0,5.8799996,0,6.2999997,6.2999997
polar,,,302,0.75,0,5.8799996,0,6.2999997,6.2999997
polar,,,302,0.8,0,5.8799996,0,6.2999997,6.2999997
polar,,,302,0.85,0,5.8799996,0,6.2999997,6.2999997
polar,,,302,0.9,0,5.8799996,0,6.2999997,6.2999997
polar,,,302,0.95,0,5.8799996,0,6.2999997,6.2999997
polar,,,302,1,0,5.8799996,0,6.2999997,6.2999997
polar,,,303,0,0,5.8799996,0,6.2999997,6.2999997
polar,,,303,0.05,0,5.8799996,0,6.2999997,6.2999997
polar,,,303,0.1,0,5.8799996,0,6.2999997,6.2999997
polar,,,303,0.15,0,5.8799996,0,6.2999997,6.2999997
polar,,,303,0.2,0,5.8799996,0,6.2999997,6.2999997
polar,,,303,0.25,0,5.8799996,0,6.2999997,6.2999997
polar,,,303,0.3,0,5.8799996,0,6.2999997,6.2999997
polar,,,303,0.35,0,5.8799996,0,6.2999997,6.2999997
polar,,,303,0.4,0,5.8799996,0,6.2999997,6.2999997
polar,,,303,0.45,0,5.8799996,0,6.2999997,6.2999997
polar,,,303,0.5,0,5.8799996,0,6.2999997,6.2999997
polar,,,303,0.55,0,5.8799996,0,6.2999997,6.2999997
polar,,,303,0.6,0,5.8799996,0,6.2999997,6.2999997
polar,,,303,0.65,0,5.8799996,0,6.2999997,6.2999997
polar,,,303,0.7,0,5.8799996,0,6.2999997,6.2999997
polar,,,303,0.75,0,5.8799996,0,6.2999997,6.2999997
polar,,,303,0.8,0,5.8799996,0,6.2999997,6.2999997
polar,,,303,0.85,0,5.8799996,0,6.2999997,6.2999997
polar,,,303,0.9,0,5.8799996,0,6.2999997,6.2999997
polar,,,303,0.95,0,5.8799996,0,6.2999997,6.2999997
polar,,,303,1,0,5.8799996,0,6.2999997,6.2999997
polar,,,304,0,0,5.8799996,0,6.2999997,6.2999997
polar,,,304,0.05,0,5.8799996,0,6.2999997,6.2999997
polar,,,304,0.1,0,5.8799996,0,6.2999997,6.2999997
polar,,,304,0.15,0,5.8799996,0,6.2999997,6.2999997
polar,,,304,0.2,0,5.8799996,0,6.2999997,6.2999997
polar,,,304,0.25,0,5.8799996,0,6.2999997,6.2999997
polar,,,304,0.3,0,5.8799996,0,6.2999997,6.2999997
polar,,,304,0.35,0,5.8799996,0,6.2999997,6.2999997
polar,,,304,0.4,0,5.8799996,0,6.2999997,6.2999997
polar,,,304,0.45,0,5.8799996,0,6.2999997,6.2999997
polar,,,304,0.5,0,5.8799996,0,6.2999997,6.2999997
polar,,,304,0.55,0,5.8799996,0,6.2999997,6.2999997
polar,,,304,0.6,0,5.8799996,0,6.2999997,6.2999997
polar,,,304,0.65,0,5.8799996,0,6.2999997,6.2999997
polar,,,304,0.7,0,5.8799996,0,6.2999997,6.2999997
polar,,,304,0.75,0,5.8799996,0,6.2999997,6.2999997
polar,,,304,0.8,0,5.8799996,0,6.2999997,6.2999997
polar,,,304,0.85,0,5.8799996,0,6.2999997,6.2999997
polar,,,304,0.9,0,5.8799996,0,6.2999997,6.2999997
polar,,,304,0.95,0,5.8799996,0,6.2999997,6.2999997
polar,,,304,1,0,5.8799996,0,6.2999997,6.2999997
polar,,,305,0,0,5.8799996,0,6.2999997,6.2999997
polar,,,305,0.05,0,5.8799996,0,6.2999997,6.2999997
polar,,,305,0.1,0,5.8799996,0,6.2999997,6.2999997
polar,,,305,0.15,0,5.8799996,0,6.2999997,6.2999997
polar,,,305,0.2,0,5.8799996,0,6.2999997,6.2999997
polar,,,305,0.25,0,5.8799996,0,6.2999997,6.2999997
polar,,,305,0.3,0,5.8799996,0,6.2999997,6.2999997
polar,,,305,0.35,0,5.8799996,0,6.2999997,6.2999997
polar,,,305,0.4,0,5.8799996,0,6.2999997,6.2999997
polar,,,305,0.45,0,5.8799996,0,6.2999997,6.2999997
polar,,,305,0.5,0,5.8799996,0,6.2999997,6.2999997
polar,,,305,0.55,0,5.8799996,0,6.2999997,6.2999997
polar,,,305,0.6,0,5.8799996,0,6.2999997,6.2999997
polar,,,305,0.65,0,5.8799996,0,6.2999997,6.2999997
polar,,,305,0.7,0,5.8799996,0,6.2999997,6.2999997
polar,,,305,0.75,0,5.8799996,0,6.2999997,6.2999997
polar,,,305,0.8,0,5.8799996,0,6.2999997,6.2999997
polar,,,305,0.85,0,5.8799996,0,6.2999997,6.2999997
polar,,,305,0.9,0,5.8799996,0,6.2999997,6.2999997
polar,,,305,0.95,0,5.8799996,0,6.2999997,6.2999997
polar,,,305,1,0,5.8799996,0,6.2999997,6.2999997
polar,,,306,0,0,5.8799996,0,6.2999997,6.2999997
polar,,,306,0.05,0,5.8799996,0,6.2999997,6.2999997
polar,,,306,0.1,0,5.8799996,0,6.2999997,6.2999997
polar,,,306,0.15,0,5.8799996,0,6.2999997,6.2999997
polar,,,306,0.2,0,5.8799996,0,6.2999997,6.2999997
polar,,,306,0.25,0,5.8799996,0,6.2999997,6.2999997
polar,,,306,0.3,0,5.8799996,0,6.2999997,6.2999997
polar,,,306,0.35,0,5.8799996,0,6.2999997,6.2999997
polar,,,306,0.4,0,5.8799996,0,6.2999997,6.2999997
polar,,,306,0.45,0,5.8799996,0,6.2999997,6.2999997
polar,,,306,0.5,0,5.8799996,0,6.2999997,6.2999997
polar,,,306,0.55,0,5.8799996,0,6.2999997,6.2999997
polar,,,306,0.6,0,5.8799996,0,6.2999997,6.2999997
polar,,,306,0.65,0,5.8799996,0,6.2999997,6.2999997
polar,,,306,0.7,0,5.8799996,0,6.2999997,6.2999997
polar,,,306,0.75,0,5.8799996,0,6.2999997,6.2999997
polar,,,306,0.8,0,5.8799996,0,6.2999997,6.2999997
polar,,,306,0.85,0,5.8799996,0,6.2999997,6.2999997
polar,,,306,0.9,0,5.8799996,0,6.2999997,6.2999997
polar,,,306,0.95,0,5.8799996,0,6.2999997,6.2999997
polar,,,306,1,0,5.8799996,0,6.2999997,6.2999997
polar,,,307,0,0,5.8799996,0,6.2999997,6.2999997
polar,,,307,0.05,0,5.8799996,0,6.2999997,6.2999997
polar,,,307,0.1,0,5.8799996,0,6.2999997,6.2999997
polar,,,307,0.15,0,5.8799996,0,6.2999997,6.2999997
polar,,,307,0.2,0,5.8799996,0,6.2999997,6.2999997
polar,,,307,0.25,0,5.8799996,0,6.2999997,6.2999997
polar,,,307,0.3,0,5.8799996,0,6.2999997,6.2999997
polar,,,307,0.35,0,5.8799996,0,6.2999997,6.2999997
polar,,,307,0.4,0,5.8799996,0,6.2999997,6.2999997
polar,,,307,0.45,0,5.8799996,0,6.2999997,6.2999997
polar,,,307,0.5,0,5.8799996,0,6.2999997,6.2999997
polar,,,307,0.55,0,5.8799996,0,6.2999997,6.2999997
polar,,,307,0.6,0,5.8799996,0,6.2999997,6.2999997
polar,,,307,0.65,0,5.8799996,0,6.2999997,6.2999997
polar,,,307,0.7,0,5.8799996,0,6.2999997,6.2999997
polar,,,307,0.75,0,5.8799996,0,6.2999997,6.2999997
polar,,,307,0.8,0,5.8799996,0,6.2999997,6.2999997
polar,,,307,0.85,0,5.8799996,0,6.2999997,6.2999997
polar,,,307,0.9,0,5.8799996,0,6.2999997,6.2999997
polar,,,307,0.95,0,5.8799996,0,6.2999997,6.2999997
polar,,,307,1,0,5.8799996,0,6.2999997,6.2999997
polar,,,308,0,0,5.8799996,0,6.2999997,6.2999997
polar,,,308,0.05,0,5.8799996,0,6.2999997,6.2999997
polar,,,308,0.1,0,5.8799996,0,6.2999997,6.2999997
polar,,,308,0.15,0,5.8799996,0,6.2999997,6.2999997
polar,,,308,0.2,0,5.8799996,0,6.2999997,6.2999997
polar,,,308,0.25,0,5.8799996,0,6.2999997,6.2999997
polar,,,308,0.3,0,5.8799996,0,6.2999997,6.2999997
polar,,,308,0.35,0,5.8799996,0,6.2999997,6.2999997
polar,,,308,0.4,0,5.8799996,0,6.2999997,6.2999997
polar,,,308,0.45,0,5.8799996,0,6.2999997,6.2999997
polar,,,308,0.5,0,5.8799996,0,6.2999997,6.2999997
polar,,,308,0.55,0,5.8799996,0,6.2999997,6.2999997
polar,,,308,0.6,0,5.8799996,0,6.2999997,6.2999997
polar,,,308,0.65,0,5.8799996,0,6.2999997,6.2999997
polar,,,308,0.7,0,5.8799996,0,6.2999997,6.2999997
polar,,,308,0.75,0,5.8799996,0,6.2999997,6.2999997
polar,,,308,0.8,0,5.8799996,0,6.2999997,6.2999997
polar,,,308,0.85,0,5.8799996,0,6.2999997,6.2999997
polar,,,308,0.9,0,5.8799996,0,6.2999997,6.2999997
polar,,,308,0.95,0,5.8799996,0,6.2999997,6.2999997
polar,,,308,1,0,5.8799996,0,6.2999997,6.2999997
polar,,,309,0,0,5.8799996,0,6.2999997,6.2999997
polar,,,309,0.05,0,5.8799996,0,6.2999997,6.2999997
polar,,,309,0.1,0,5.8799996,0,6.2999997,6.2999997
polar,,,309,0.15,0,5.8799996,0,6.2999997,6.2999997
polar,,,309,0.2,0,5.8799996,0,6.2999997,6.2999997
polar,,,309,0.25,0,5.8799996,0,6.2999997,6.2999997
polar,,,309,0.3,0,5.8799996,0,6.2999997,6.2999997
polar,,,309,0.35,0,5.8799996,0,6.2999997,6.2999997
polar,,,309,0.4,0,5.8799996,0,6.2999997,6.2999997
polar,,,309,0.45,0,5.8799996,0,6.2999997,6.2999997
polar,,,309,0.5,0,5.8799996,0,6.2999997,6.2999997
polar,,,309,0.55,0,5.8799996,0,6.2999997,6.2999997
polar,,,309,0.6,0,5.8799996,0,6.2999997,6.2999997
polar,,,309,0.65,0,5.8799996,0,6.2999997,6.2999997
polar,,,309,0.7,0,5.8799996,0,6.2999997,6.2999997
polar,,,309,0.75,0,5.8799996,0,6.2999997,6.2999997
polar,,,309,0.8,0,5.8799996,0,6.2999997,6.2999997
polar,,,309,0.85,0,5.8799996,0,6.2999997,6.2999997
polar,,,309,0.9,0,5.8799996,0,6.2999997,6.2999997
polar,,,309,0.95,0,5.8799996,0,6.2999997,6.2999997
polar,,,309,1,0,5.8799996,0,6.2999997,6.2999997
polar,,,310,0,0,5.8799996,0,6.2999997,6.2999997
polar,,,310,0.05,0,5.8799996,0,6.2999997,6.2999997
polar,,,310,0.1,0,5.8799996,0,6.2999997,6.2999997
polar,,,310,0.15,0,5.8799996,0,6.2999997,6.2999997
polar,,,310,0.2,0,5.8799996,0,6.2999997,6.2999997
polar,,,310,0.25,0,5.8799996,0,6.2999997,6.2999997
polar,,,310,0.3,0,5.8799996,0,6.2999997,6.2999997
polar,,,310,0.35,0,5.8799996,0,6.2999997,6.2999997
polar,,,310,0.4,0,5.8799996,0,6.2999997,6.2999997
polar,,,310,0.45,0,5.8799996,0,6.2999997,6.2999997
polar,,,310,0.5,0,5.8799996,0,6.2999997,6.2999997
polar,,,310,0.55,0,5.8799996,0,6.2999997,6.2999997
polar,,,310,0.6,0,5.8799996,0,6.2999997,6.2999997
polar,,,310,0.65,0,5.8799996,0,6.2999997,6.2999997
polar,,,310,0.7,0,5.8799996,0,6.2999997,6.2999997
polar,,,310,0.75,0,5.8799996,0,6.2999997,6.2999997
polar,,,310,0.8,0,5.8799996,0,6.2999997,6.2999997
polar,,,310,0.85,0,5.8799996,0,6.2999997,6.2999997
polar,,,310,0.9,0,5.8799996,0,6.2999997,6.2999997
polar,,,310,0.95,0,5.8799996,0,6.2999997,6.2999997
polar,,,310,1,0,5.8799996,0,6.2999997,6.2999997
polar,,,311,0,0,5.8799996,0,6.2999997,6.2999997
polar,,,311,0.05,0,5.8799996,0,6.2999997,6.2999997
polar,,,311,0.1,0,5.8799996,0,6.2999997,6.2999997
polar,,,311,0.15,0,5.8799996,0,6.2999997,6.2999997
polar,,,311,0.2,0,5.8799996,0,6.2999997,6.2999997
polar,,,311,0.25,0,5.8799996,0,6.2999997,6.2999997
polar,,,311,0.3,0,5.8799996,0,6.2999997,6.2999997
polar,,,311,0.35,0,5.8799996,0,6.2999997,6.2999997
polar,,,311,0.4,0,5.8799996,0,6.2999997,6.2999997
polar,,,311,0.45,0,5.8799996,0,6.2999997,6.2999997
polar,,,311,0.5,0,5.8799996,0,6.2999997,6.2999997
polar,,,311,0.55,0,5.8799996,0,6.2999997,6.2999997
polar,,,311,0.6,0,5.8799996,0,6.2999997,6.2999997
polar,,,311,0.65,0,5.8799996,0,6.2999997,6.2999997
polar,,,311,0.7,0,5.8799996,0,6.2999997,6.2999997
polar,,,311,0.75,0,5.8799996,0,6.2999997,6.2999997
polar,,,311,0.8,0,5.8799996,0,6.2999997,6.2999997
polar,,,311,0.85,0,5.8799996,0,6.2999997,6.2999997
polar,,,311,0.9,0,5.8799996,0,6.2999997,6.2999997
polar,,,311,0.95,0,5.8799996,0,6.2999997,6.2999997
polar,,,311,1,0,5.8799996,0,6.2999997,6.2999997
polar,,,312,0,0,5.8799996,0,6.2999997,6.2999997
polar,,,312,0.05,0,5.8799996,0,6.2999997,6.2999997
polar,,,312,0.1,0,5.8799996,0,6.2999997,6.2999997
polar,,,312,0.15,0,5.8799996,0,6.2999997,6.2999997
polar,,,312,0.2,0,5.8799996,0,6.2999997,6.2999997
polar,,,312,0.25,0,5.8799996,0,6.2999997,6.2999997
polar,,,312,0.3,0,5.8799996,0,6.2999997,6.2999997
polar,,,312,0.35,0,5.8799996,0,6.2999997,6.2999997
polar,,,312,0.4,0,5.8799996,0,6.2999997,6.2999997
polar,,,312,0.45,0,5.8799996,0,6.2999997,6.2999997
polar,,,312,0.5,0,5.8799996,0,6.2999997,6.2999997
polar,,,312,0.55,0,5.8799996,0,6.2999997,6.2999997
polar,,,312,0.6,0,5.8799996,0,6.2999997,6.2999997
polar,,,312,0.65,0,5.8799996,0,6.2999997,6.2999997
polar,,,312,0.7,0,5.8799996,0,6.2999997,6.2999997
polar,,,312,0.75,0,5.8799996,0,6.2999997,6.2999997
polar,,,312,0.8,0,5.8799996,0,6.2999997,6.2999997
polar,,,312,0.85,0,5.8799996,0,6.2999997,6.2999997
polar,,,312,0.9,0,5.8799996,0,6.2999997,6.2999997
polar,,,312,0.95,0,5.8799996,0,6.2999997,6.2999997
polar,,,312,1,0,5.8799996,0,6.2999997,6.2999997
polar,,,313,0,0,5.8799996,0,6.2999997,6.2999997
polar,,,313,0.05,0,5.8799996,0,6.2999997,6.2999997
polar,,,313,0.1,0,5.8799996,0,6.2999997,6.2999997
polar,,,313,0.15,0,5.8799996,0,6.2999997,6.2999997
polar,,,313,0.2,0,5.8799996,0,6.2999997,6.2999997
polar,,,313,0.25,0,5.8799996,0,6.2999997,6.2999997
polar,,,313,0.3,0,5.8799996,0,6.2999997,6.2999997
polar,,,313,0.35,0,5.8799996,0,6.2999997,6.2999997
polar,,,313,0.4,0,5.8799996,0,6.2999997,6.2999997
polar,,,313,0.45,0,5.8799996,0,6.2999997,6.2999997
polar,,,313,0.5,0,5.8799996,0,6.2999997,6.2999997
polar,,,313,0.55,0,5.8799996,0,6.2999997,6.2999997
polar,,,313,0.6,0,5.8799996,0,6.2999997,6.2999997
polar,,,313,0.65,0,5.8799996,0,6.2999997,6.2999997
polar,,,313,0.7,0,5.8799996,0,6.2999997,6.2999997
polar,,,313,0.75,0,5.8799996,0,6.2999997,6.2999997
polar,,,313,0.8,0,5.8799996,0,6.2999997,6.2999997
polar,,,313,0.85,0,5.8799996,0,6.2999997,6.2999997
polar,,,313,0.9,0,5.8799996,0,6.2999997,6.2999997
polar,,,313,0.95,0,5.8799996,0,6.2999997,6.2999997
polar,,,313,1,0,5.8799996,0,6.2999997,6.2999997
polar,,,314,0,0,5.8799996,0,6.2999997,6.2999997
polar,,,314,0.05,0,5.8799996,0,6.2999997,6.2999997
polar,,,314,0.1,0,5.8799996,0,6.2999997,6.2999997
polar,,,314,0.15,0,5.8799996,0,6.2999997,6.2999997
polar,,,314,0.2,0,5.8799996,0,6.2999997,6.2999997
polar,,,314,0.25,0,5.8799996,0,6.2999997,6.2999997
polar,,,314,0.3,0,5.8799996,0,6.2999997,6.2999997
polar,,,314,0.35,0,5.8799996,0,6.2999997,6.2999997
polar,,,314,0.4,0,5.8799996,0,6.2999997,6.2999997
polar,,,314,0.45,0,5.8799996,0,6.2999997,6.2999997
polar,,,314,0.5,0,5.8799996,0,6.2999997,6.2999997
polar,,,314,0.55,0,5.8799996,0,6.2999997,6.2999997
polar,,,314,0.6,0,5.8799996,0,6.2999997,6.2999997
polar,,,314,0.65,0,5.8799996,0,6.2999997,6.2999997
polar,,,314,0.7,0,5.8799996,0,6.2999997,6.2999997
polar,,,314,0.75,0,5.8799996,0,6.2999997,6.2999997
polar,,,314,0.8,0,5.8799996,0,6.2999997,6.2999997
polar,,,314,0.85,0,5.8799996,0,6.2999997,6.2999997
polar,,,314,0.9,0,5.8799996,0,6.2999997,6.2999997
polar,,,314,0.95,0,5.8799996,0,6.2999997,6.2999997
polar,,,314,1,0,5.8799996,0,6.2999997,6.2999997
polar,,,315,0,0,5.8799996,0,6.2999997,6.2999997
polar,,,315,0.05,0,5.8799996,0,6.2999997,6.2999997
polar,,,315,0.1,0,5.8799996,0,6.2999997,6.2999997
polar,,,315,0.15,0,5.8799996,0,6.2999997,6.2999997
polar,,,315,0.2,0,5.8799996,0,6.2999997,6.2999997
polar,,,315,0.25,0,5.8799996,0,6.2999997,6.2999997
polar,,,315,0.3,0,5.8799996,0,6.2999997,6.2999997
polar,,,315,0.35,0,5.8799996,0,6.2999997,6.2999997
polar,,,315,0.4,0,5.8799996,0,6.2999997,6.2999997
polar,,,315,0.45,0,5.8799996,0,6.2999997,6.2999997
polar,,,315,0.5,0,5.8799996,0,6.2999997,6.2999997
polar,,,315,0.55,0,5.8799996,0,6.2999997,6.2999997
polar,,,315,0.6,0,5.8799996,0,6.2999997,6.2999997
polar,,,315,0.65,0,5.8799996,0,6.2999997,6.2999997
polar,,,315,0.7,0,5.8799996,0,6.2999997,6.2999997
polar,,,315,0.75,0,5.8799996,0,6.2999997,6.2999997
polar,,,315,0.8,0,5.8799996,0,6.2999997,6.2999997
polar,,,315,0.85,0,5.8799996,0,6.2999997,6.2999997
polar,,,315,0.9,0,5.8799996,0,6.2999997,6.2999997
polar,,,315,0.95,0,5.8799996,0,6.2999997,6.2999997
polar,,,315,1,0,5.8799996,0,6.2999997,6.2999997
polar,,,316,0,0,5.8799996,0,6.2999997,6.2999997
polar,,,316,0.05,0,5.8799996,0,6.2999997,6.2999997
polar,,,316,0.1,0,5.8799996,0,6.2999997,6.2999997
polar,,,316,0.15,0,5.8799996,0,6.2999997,6.2999997
polar,,,316,0.2,0,5.8799996,0,6.2999997,6.2999997
polar,,,316,0.25,0,5.8799996,0,6.2999997,6.2999997
polar,,,316,0.3,0,5.8799996,0,6.2999997,6.2999997
polar,,,316,0.35,0,5.8799996,0,6.2999997,6.2999997
polar,,,316,0.4,0,5.8799996,0,6.2999997,6.2999997
polar,,,316,0.45,0,5.8799996,0,6.2999997,6.2999997
polar,,,316,0.5,0,5.8799996,0,6.2999997,6.2999997
polar,,,316,0.55,0,5.8799996,0,6.2999997,6.2999997
polar,,,316,0.6,0,5.8799996,0,6.2999997,6.2999997
polar,,,316,0.65,0,5.8799996,0,6.2999997,6.2999997
polar,,,316,0.7,0,5.8799996,0,6.2999997,6.2999997
polar,,,316,0.75,0,5.8799996,0,6.2999997,6.2999997
polar,,,316,0.8,0,5.8799996,0,6.2999997,6.2999997
polar,,,316,0.85,0,5.8799996,0,6.2999997,6.2999997
polar,,,316,0.9,0,5.8799996,0,6.2999997,6.2999997
polar,,,316,0.95,0,5.8799996,0,6.2999997,6.2999997
polar,,,316,1,0,5.8799996,0,6.2999997,6.2999997
polar,,,317,0,0,5.8799996,0,6.2999997,6.2999997
polar,,,317,0.05,0,5.8799996,0,6.2999997,6.2999997
polar,,,317,0.1,0,5.8799996,0,6.2999997,6.2999997
polar,,,317,0.15,0,5.8799996,0,6.2999997,6.2999997
polar,,,317,0.2,0,5.8799996,0,6.2999997,6.2999997
polar,,,317,0.25,0,5.8799996,0,6.2999997,6.2999997
polar,,,317,0.3,0,5.8799996,0,6.2999997,6.2999997
polar,,,317,0.35,0,5.8799996,0,6.2999997,6.2999997
polar,,,317,0.4,0,5.8799996,0,6.2999997,6.2999997
polar,,,317,0.45,0,5.8799996,0,6.2999997,6.2999997
polar,,,317,0.5,0,5.8799996,0,6.2999997,6.2999997
polar,,,317,0.55,0,5.8799996,0,6.2999997,6.2999997
polar,,,317,0.6,0,5.8799996,0,6.2999997,6.2999997
polar,,,317,0.65,0,5.8799996,0,6.2999997,6.2999997
polar,,,317,0.7,0,5.8799996,0,6.2999997,6.2999997
polar,,,317,0.75,0,5.8799996,0,6.2999997,6.2999997
polar,,,317,0.8,0,5.8799996,0,6.2999997,6.2999997
polar,,,317,0.85,0,5.8799996,0,6.2999997,6.2999997
polar,,,317,0.9,0,5.8799996,0,6.2999997,6.2999997
polar,,,317,0.95,0,5.8799996,0,6.2999997,6.2999997
polar,,,317,1,0,5.8799996,0,6.2999997,6.2999997
polar,,,318,0,0,5.8799996,0,6.2999997,6.2999997
polar,,,318,0.05,0,5.8799996,0,6.2999997,6.2999997
polar,,,318,0.1,0,5.8799996,0,6.2999997,6.2999997
polar,,,318,0.15,0,5.8799996,0,6.2999997,6.2999997
polar,,,318,0.2,0,5.8799996,0,6.2999997,6.2999997
polar,,,318,0.25,0,5.8799996,0,6.2999997,6.2999997
polar,,,318,0.3,0,5.8799996,0,6.2999997,6.2999997
polar,,,318,0.35,0,5.8799996,0,6.2999997,6.2999997
polar,,,318,0.4,0,5.8799996,0,6.2999997,6.2999997
polar,,,318,0.45,0,5.8799996,0,6.2999997,6.2999997
polar,,,318,0.5,0,5.8799996,0,6.2999997,6.2999997
polar,,,318,0.55,0,5.8799996,0,6.2999997,6.2999997
polar,,,318,0.6,0,5.8799996,0,6.2999997,6.2999997
polar,,,318,0.65,0,5.8799996,0,6.2999997,6.2999997
polar,,,318,0.7,0,5.8799996,0,6.2999997,6.2999997
polar,,,318,0.75,0,5.8799996,0,6.2999997,6.2999997
polar,,,318,0.8,0,5.8799996,0,6.2999997,6.2999997
polar,,,318,0.85,0,5.8799996,0,6.2999997,6.2999997
polar,,,318,0.9,0,5.8799996,0,6.2999997,6.2999997
polar,,,318,0.95,0,5.8799996,0,6.2999997,6.2999997
polar,,,318,1,0,5.8799996,0,6.2999997,6.2999997
polar,,,319,0,0,5.8799996,0,6.2999997,6.2999997
polar,,,319,0.05,0,5.8799996,0,6.2999997,6.2999997
polar,,,319,0.1,0,5.8799996,0,6.2999997,6.2999997
polar,,,319,0.15,0,5.8799996,0,6.2999997,6.2999997
polar,,,319,0.2,0,5.8799996,0,6.2999997,6.2999997
polar,,,319,0.25,0,5.8799996,0,6.2999997,6.2999997
polar,,,319,0.3,0,5.8799996,0,6.2999997,6.2999997
polar,,,319,0.35,0,5.8799996,0,6.2999997,6.2999997
polar,,,319,0.4,0,5.8799996,0,6.2999997,6.2999997
polar,,,319,0.45,0,5.8799996,0,6.2999997,6.2999997
polar,,,319,0.5,0,5.8799996,0,6.2999997,6.2999997
polar,,,319,0.55,0,5.8799996,0,6.2999997,6.2999997
polar,,,319,0.6,0,5.8799996,0,6.2999997,6.2999997
polar,,,319,0.65,0,5.8799996,0,6.2999997,6.2999997
polar,,,319,0.7,0,5.8799996,0,6.2999997,6.2999997
polar,,,319,0.75,0,5.8799996,0,6.2999997,6.2999997
polar,,,319,0.8,0,5.8799996,0,6.2999997,6.2999997
polar,,,319,0.85,0,5.8799996,0,6.2999997,6.2999997
polar,,,319,0.9,0,5.8799996,0,6.2999997,6.2999997
polar,,,319,0.95,0,5.8799996,0,6.2999997,6.2999997
polar,,,319,1,0,5.8799996,0,6.2999997,6.2999997
polar,,,320,0,0,5.8799996,0,6.2999997,6.2999997
polar,,,320,0.05,0,5.8799996,0,6.2999997,6.2999997
polar,,,320,0.1,0,5.8799996,0,6.2999997,6.2999997
polar,,,320,0.15,0,5.8799996,0,6.2999997,6.2999997
polar,,,320,0.2,0,5.8799996,0,6.2999997,6.2999997
polar,,,320,0.25,0,5.8799996,0,6.2999997,6.2999997
polar,,,320,0.3,0,5.8799996,0,6.2999997,6.2999997
polar,,,320,0.35,0,5.8799996,0,6.2999997,6.2999997
polar,,,320,0.4,0,5.8799996,0,6.2999997,6.2999997
polar,,,320,0.45,0,5.8799996,0,6.2999997,6.2999997
polar,,,320,0.5,0,5.8799996,0,6.2999997,6.2999997
polar,,,320,0.55,0,5.8799996,0,6.2999997,6.2999997
polar,,,320,0.6,0,5.8799996,0,6.2999997,6.2999997
polar,,,320,0.65,0,5.8799996,0,6.2999997,6.2999997
polar,,,320,0.7,0,5.8799996,0,6.2999997,6.2999997
polar,,,320,0.75,0,5.8799996,0,6.2999997,6.2999997
polar,,,320,0.8,0,5.8799996,0,6.2999997,6.2999997
polar,,,320,0.85,0,5.8799996,0,6.2999997,6.2999997
polar,,,320,0.9,0,5.8799996,0,6.2999997,6.2999997
polar,,,320,0.95,0,5.8799996,0,6.2999997,6.2999997
polar,,,320,1,0,5.8799996,0,6.2999997,6.2999997
polar,,,321,0,0,5.8799996,0,6.2999997,6.2999997
polar,,,321,0.05,0,5.8799996,0,6.2999997,6.2999997
polar,,,321,0.1,0,5.8799996,0,6.2999997,6.2999997
polar,,,321,0.15,0,5.8799996,0,6.2999997,6.2999997
polar,,,321,0.2,0,5.8799996,0,6.2999997,6.2999997
polar,,,321,0.25,0,5.8799996,0,6.2999997,6.2999997
polar,,,321,0.3,0,5.8799996,0,6.2999997,6.2999997
polar,,,321,0.35,0,5.8799996,0,6.2999997,6.2999997
polar,,,321,0.4,0,5.8799996,0,6.2999997,6.2999997
polar,,,321,0.45,0,5.8799996,0,6.2999997,6.2999997
polar,,,321,0.5,0,5.8799996,0,6.2999997,6.2999997
polar,,,321,0.55,0,5.8799996,0,6.2999997,6.2999997
polar,,,321,0.6,0,5.8799996,0,6.2999997,6.2999997
polar,,,321,0.65,0,5.8799996,0,6.2999997,6.2999997
polar,,,321,0.7,0,5.8799996,0,6.2999997,6.2999997
polar,,,321,0.75,0,5.8799996,0,6.2999997,6.2999997
polar,,,321,0.8,0,5.8799996,0,6.2999997,6.2999997
polar,,,321,0.85,0,5.8799996,0,6.2999997,6.2999997
polar,,,321,0.9,0,5.8799996,0,6.2999997,6.2999997
polar,,,321,0.95,0,5.8799996,0,6.2999997,6.2999997
polar,,,321,1,0,5.8799996,0,6.2999997,6.2999997
polar,,,322,0,0,5.8799996,0,6.2999997,6.2999997
polar,,,322,0.05,0,5.8799996,0,6.2999997,6.2999997
polar,,,322,0.1,0,5.8799996,0,6.2999997,6.2999997
polar,,,322,0.15,0,5.8799996,0,6.2999997,6.2999997
polar,,,322,0.2,0,5.8799996,0,6.2999997,6.2999997
polar,,,322,0.25,0,5.8799996,0,6.2999997,6.2999997
polar,,,322,0.3,0,5.8799996,0,6.2999997,6.2999997
polar,,,322,0.35,0,5.8799996,0,6.2999997,6.2999997
polar,,,322,0.4,0,5.8799996,0,6.2999997,6.2999997
polar,,,322,0.45,0,5.8799996,0,6.2999997,6.2999997
polar,,,322,0.5,0,5.8799996,0,6.2999997,6.2999997
polar,,,322,0.55,0,5.8799996,0,6.2999997,6.2999997
polar,,,322,0.6,0,5.8799996,0,6.2999997,6.2999997
polar,,,322,0.65,0,5.8799996,0,6.2999997,6.2999997
polar,,,322,0.7,0,5.8799996,0,6.2999997,6.2999997
polar,,,322,0.75,0,5.8799996,0,6.2999997,6.2999997
polar,,,322,0.8,0,5.8799996,0,6.2999997,6.2999997
polar,,,322,0.85,0,5.8799996,0,6.2999997,6.2999997
polar,,,322,0.9,0,5.8799996,0,6.2999997,6.2999997
polar,,,322,0.95,0,5.8799996,0,6.2999997,6.2999997
polar,,,322,1,0,5.8799996,0,6.2999997,6.2999997
polar,,,323,0,0,5.8799996,0,6.2999997,6.2999997
polar,,,323,0.05,0,5.8799996,0,6.2999997,6.2999997
polar,,,323,0.1,0,5.8799996,0,6.2999997,6.2999997
polar,,,323,0.15,0,5.8799996,0,6.2999997,6.2999997
polar,,,323,0.2,0,5.8799996,0,6.2999997,6.2999997
polar,,,323,0.25,0,5.8799996,0,6.2999997,6.2999997
polar,,,323,0.3,0,5.8799996,0,6.2999997,6.2999997
polar,,,323,0.35,0,5.8799996,0,6.2999997,6.2999997
polar,,,323,0.4,0,5.8799996,0,6.2999997,6.2999997
polar,,,323,0.45,0,5.8799996,0,6.2999997,6.2999997
polar,,,323,0.5,0,5.8799996,0,6.2999997,6.2999997
polar,,,323,0.55,0,5.8799996,0,6.2999997,6.2999997
polar,,,323,0.6,0,5.8799996,0,6.2999997,6.2999997
polar,,,323,0.65,0,5.8799996,0,6.2999997,6.2999997
polar,,,323,0.7,0,5.8799996,0,6.2999997,6.2999997
polar,,,323,0.75,0,5.8799996,0,6.2999997,6.2999997
polar,,,323,0.8,0,5.8799996,0,6.2999997,6.2999997
polar,,,323,0.85,0,5.8799996,0,6.2999997,6.2999997
polar,,,323,0.9,0,5.8799996,0,6.2999997,6.2999997
polar,,,323,0.95,0,5.8799996,0,6.2999997,6.2999997
polar,,,323,1,0,5.8799996,0,6.2999997,6.2999997
polar,,,324,0,0,5.8799996,0,6.2999997,6.2999997
polar,,,324,0.05,0,5.8799996,0,6.2999997,6.2999997
polar,,,324,0.1,0,5.8799996,0,6.2999997,6.2999997
polar,,,324,0.15,0,5.8799996,0,6.2999997,6.2999997
polar,,,324,0.2,0,5.8799996,0,6.2999997,6.2999997
polar,,,324,0.25,0,5.8799996,0,6.2999997,6.2999997
polar,,,324,0.3,0,5.8799996,0,6.2999997,6.2999997
polar,,,324,0.35,0,5.8799996,0,6.2999997,6.2999997
polar,,,324,0.4,0,5.8799996,0,6.2999997,6.2999997
polar,,,324,0.45,0,5.8799996,0,6.2999997,6.2999997
polar,,,324,0.5,0,5.8799996,0,6.2999997,6.2999997
polar,,,324,0.55,0,5.8799996,0,6.2999997,6.2999997
polar,,,324,0.6,0,5.8799996,0,6.2999997,6.2999997
polar,,,324,0.65,0,5.8799996,0,6.2999997,6.2999997
polar,,,324,0.7,0,5.8799996,0,6.2999997,6.2999997
polar,,,324,0.75,0,5.8799996,0,6.2999997,6.2999997
polar,,,324,0.8,0,5.8799996,0,6.2999997,6.2999997
polar,,,324,0.85,0,5.8799996,0,6.2999997,6.2999997
polar,,,324,0.9,0,5.8799996,0,6.2999997,6.2999997
polar,,,324,0.95,0,5.8799996,0,6.2999997,6.2999997
polar,,,324,1,0,5.8799996,0,6.2999997,6.2999997
polar,,,325,0,0,5.8799996,0,6.2999997,6.2999997
polar,,,325,0.05,0,5.8799996,0,6.2999997,6.2999997
polar,,,325,0.1,0,5.8799996,0,6.2999997,6.2999997
polar,,,325,0.15,0,5.8799996,0,6.2999997,6.2999997
polar,,,325,0.2,0,5.8799996,0,6.2999997,6.2999997
polar,,,325,0.25,0,5.8799996,0,6.2999997,6.2999997
polar,,,325,0.3,0,5.8799996,0,6.2999997,6.2999997
polar,,,325,0.35,0,5.8799996,0,6.2999997,6.2999997
polar,,,325,0.4,0,5.8799996,0,6.2999997,6.2999997
polar,,,325,0.45,0,5.8799996,0,6.2999997,6.2999997
polar,,,325,0.5,0,5.8799996,0,6.2999997,6.2999997
polar,,,325,0.55,0,5.8799996,0,6.2999997,6.2999997
polar,,,325,0.6,0,5.8799996,0,6.2999997,6.2999997
polar,,,325,0.65,0,5.8799996,0,6.2999997,6.2999997
polar,,,325,0.7,0,5.8799996,0,6.2999997,6.2999997
polar,,,325,0.75,0,5.8799996,0,6.2999997,6.2999997
polar,,,325,0.8,0,5.8799996,0,6.2999997,6.2999997
polar,,,325,0.85,0,5.8799996,0,6.2999997,6.2999997
polar,,,325,0.9,0,5.8799996,0,6.2999997,6.2999997
polar,,,325,0.95,0,5.8799996,0,6.2999997,6.2999997
polar,,,325,1,0,5.8799996,0,6.2999997,6.2999997
polar,,,326,0,0,5.8799996,0,6.2999997,6.2999997
polar,,,326,0.05,0,5.8799996,0,6.2999997,6.2999997
polar,,,326,0.1,0,5.8799996,0,6.2999997,6.2999997
polar,,,326,0.15,0,5.8799996,0,6.2999997,6.2999997
polar,,,326,0.2,0,5.8799996,0,6.2999997,6.2999997
polar,,,326,0.25,0,5.8799996,0,6.2999997,6.2999997
polar,,,326,0.3,0,5.8799996,0,6.2999997,6.2999997
polar,,,326,0.35,0,5.8799996,0,6.2999997,6.2999997
polar,,,326,0.4,0,5.8799996,0,6.2999997,6.2999997
polar,,,326,0.45,0,5.8799996,0,6.2999997,6.2999997
polar,,,326,0.5,0,5.8799996,0,6.2999997,6.2999997
polar,,,326,0.55,0,5.8799996,0,6.2999997,6.2999997
polar,,,326,0.6,0,5.8799996,0,6.2999997,6.2999997
polar,,,326,0.65,0,5.8799996,0,6.2999997,6.2999997
polar,,,326,0.7,0,5.8799996,0,6.2999997,6.2999997
polar,,,326,0.75,0,5.8799996,0,6.2999997,6.2999997
polar,,,326,0.8,0,5.8799996,0,6.2999997,6.2999997
polar,,,326,0.85,0,5.8799996,0,6.2999997,6.2999997
polar,,,326,0.9,0,5.8799996,0,6.2999997,6.2999997
polar,,,326,0.95,0,5.8799996,0,6.2999997,6.2999997
polar,,,326,1,0,5.8799996,0,6.2999997,6.2999997
polar,,,327,0,0,5.8799996,0,6.2999997,6.2999997
polar,,,327,0.05,0,5.8799996,0,6.2999997,6.2999997
polar,,,327,0.1,0,5.8799996,0,6.2999997,6.2999997
polar,,,327,0.15,0,5.8799996,0,6.2999997,6.2999997
polar,,,327,0.2,0,5.8799996,0,6.2999997,6.2999997
polar,,,327,0.25,0,5.8799996,0,6.2999997,6.2999997
polar,,,327,0.3,0,5.8799996,0,6.2999997,6.2999997
polar,,,327,0.35,0,5.8799996,0,6.2999997,6.2999997
polar,,,327,0.4,0,5.8799996,0,6.2999997,6.2999997
polar,,,327,0.45,0,5.8799996,0,6.2999997,6.2999997
polar,,,327,0.5,0,5.8799996,0,6.2999997,6.2999997
polar,,,327,0.55,0,5.8799996,0,6.2999997,6.2999997
polar,,,327,0.6,0,5.8799996,0,6.2999997,6.2999997
polar,,,327,0.65,0,5.8799996,0,6.2999997,6.2999997
polar,,,327,0.7,0,5.8799996,0,6.2999997,6.2999997
polar,,,327,0.75,0,5.8799996,0,6.2999997,6.2999997
polar,,,327,0.8,0,5.8799996,0,6.2999997,6.2999997
polar,,,327,0.85,0,5.8799996,0,6.2999997,6.2999997
polar,,,327,0.9,0,5.8799996,0,6.2999997,6.2999997
polar,,,327,0.95,0,5.8799996,0,6.2999997,6.2999997
polar,,,327,1,0,5.8799996,0,6.2999997,6.2999997
polar,,,328,0,0,5.8799996,0,6.2999997,6.2999997
polar,,,328,0.05,0,5.8799996,0,6.2999997,6.2999997
polar,,,328,0.1,0,5.8799996,0,6.2999997,6.2999997
polar,,,328,0.15,0,5.8799996,0,6.2999997,6.2999997
polar,,,328,0.2,0,5.8799996,0,6.2999997,6.2999997
polar,,,328,0.25,0,5.8799996,0,6.2999997,6.2999997
polar,,,328,0.3,0,5.8799996,0,6.2999997,6.2999997
polar,,,328,0.35,0,5.8799996,0,6.2999997,6.2999997
polar,,,328,0.4,0,5.8799996,0,6.2999997,6.2999997
polar,,,328,0.45,0,5.8799996,0,6.2999997,6.2999997
polar,,,328,0.5,0,5.8799996,0,6.2999997,6.2999997
polar,,,328,0.55,0,5.8799996,0,6.2999997,6.2999997
polar,,,328,0.6,0,5.8799996,0,6.2999997,6.2999997
polar,,,328,0.65,0,5.8799996,0,6.2999997,6.2999997
polar,,,328,0.7,0,5.8799996,0,6.2999997,6.2999997
polar,,,328,0.75,0,5.8799996,0,6.2999997,6.2999997
polar,,,328,0.8,0,5.8799996,0,6.2999997,6.2999997
polar,,,328,0.85,0,5.8799996,0,6.2999997,6.2999997
polar,,,328,0.9,0,5.8799996,0,6.2999997,6.2999997
polar,,,328,0.95,0,5.8799996,0,6.2999997,6.2999997
polar,,,328,1,0,5.8799996,0,6.2999997,6.2999997
polar,,,329,0,0,5.8799996,0,6.2999997,6.2999997
polar,,,329,0.05,0,5.8799996,0,6.2999997,6.2999997
polar,,,329,0.1,0,5.8799996,0,6.2999997,6.2999997
polar,,,329,0.15,0,5.8799996,0,6.2999997,6.2999997
polar,,,329,0.2,0,5.8799996,0,6.2999997,6.2999997
polar,,,329,0.25,0,5.8799996,0,6.2999997,6.2999997
polar,,,329,0.3,0,5.8799996,0,6.2999997,6.2999997
polar,,,329,0.35,0,5.8799996,0,6.2999997,6.2999997
polar,,,329,0.4,0,5.8799996,0,6.2999997,6.2999997
polar,,,329,0.45,0,5.8799996,0,6.2999997,6.2999997
polar,,,329,0.5,0,5.8799996,0,6.2999997,6.2999997
polar,,,329,0.55,0,5.8799996,0,6.2999997,6.2999997
polar,,,329,0.6,0,5.8799996,0,6.2999997,6.2999997
polar,,,329,0.65,0,5.8799996,0,6.2999997,6.2999997
polar,,,329,0.7,0,5.8799996,0,6.2999997,6.2999997
polar,,,329,0.75,0,5.8799996,0,6.2999997,6.2999997
polar,,,329,0.8,0,5.8799996,0,6.2999997,6.2999997
polar,,,329,0.85,0,5.8799996,0,6.2999997,6.2999997
polar,,,329,0.9,0,5.8799996,0,6.2999997,6.2999997
polar,,,329,0.95,0,5.8799996,0,6.2999997,6.2999997
polar,,,329,1,0,5.8799996,0,6.2999997,6.2999997
polar,,,330,0,0,5.8799996,0,6.2999997,6.2999997
polar,,,330,0.05,0,5.8799996,0,6.2999997,6.2999997
polar,,,330,0.1,0,5.8799996,0,6.2999997,6.2999997
polar,,,330,0.15,0,5.8799996,0,6.2999997,6.2999997
polar,,,330,0.2,0,5.8799996,0,6.2999997,6.2999997
polar,,,330,0.25,0,5.8799996,0,6.2999997,6.2999997
polar,,,330,0.3,0,5.8799996,0,6.2999997,6.2999997
polar,,,330,0.35,0,5.8799996,0,6.2999997,6.2999997
polar,,,330,0.4,0,5.8799996,0,6.2999997,6.2999997
polar,,,330,0.45,0,5.8799996,0,6.2999997,6.2999997
polar,,,330,0.5,0,5.8799996,0,6.2999997,6.2999997
polar,,,330,0.55,0,5.8799996,0,6.2999997,6.2999997
polar,,,330,0.6,0,5.8799996,0,6.2999997,6.2999997
polar,,,330,0.65,0,5.8799996,0,6.2999997,6.2999997
polar,,,330,0.7,0,5.8799996,0,6.2999997,6.2999997
polar,,,330,0.75,0,5.8799996,0,6.2999997,6.2999997
polar,,,330,0.8,0,5.8799996,0,6.2999997,6.2999997
polar,,,330,0.85,0,5.8799996,0,6.2999997,6.2999997
polar,,,330,0.9,0,5.8799996,0,6.2999997,6.2999997
polar,,,330,0.95,0,5.8799996,0,6.2999997,6.2999997
polar,,,330,1,0,5.8799996,0,6.2999997,6.2999997
polar,,,331,0,0,5.8799996,0,6.2999997,6.2999997
polar,,,331,0.05,0,5.8799996,0,6.2999997,6.2999997
polar,,,331,0.1,0,5.8799996,0,6.2999997,6.2999997
polar,,,331,0.15,0,5.8799996,0,6.2999997,6.2999997
polar,,,331,0.2,0,5.8799996,0,6.2999997,6.2999997
polar,,,331,0.25,0,5.8799996,0,6.2999997,6.2999997
polar,,,331,0.3,0,5.8799996,0,6.2999997,6.2999997
polar,,,331,0.35,0,5.8799996,0,6.2999997,6.2999997
polar,,,331,0.4,0,5.8799996,0,6.2999997,6.2999997
polar,,,331,0.45,0,5.8799996,0,6.2999997,6.2999997
polar,,,331,0.5,0,5.8799996,0,6.2999997,6.2999997
polar,,,331,0.55,0,5.8799996,0,6.2999997,6.2999997
polar,,,331,0.6,0,5.8799996,0,6.2999997,6.2999997
polar,,,331,0.65,0,5.8799996,0,6.2999997,6.2999997
polar,,,331,0.7,0,5.8799996,0,6.2999997,6.2999997
polar,,,331,0.75,0,5.8799996,0,6.2999997,6.2999997
polar,,,331,0.8,0,5.8799996,0,6.2999997,6.2999997
polar,,,331,0.85,0,5.8799996,0,6.2999997,6.2999997
polar,,,331,0.9,0,5.8799996,0,6.2999997,6.2999997
polar,,,331,0.95,0,5.8799996,0,6.2999997,6.2999997
polar,,,331,1,0,5.8799996,0,6.2999997,6.2999997
polar,,,332,0,0,5.8799996,0,6.2999997,6.2999997
polar,,,332,0.05,0,5.8799996,0,6.2999997,6.2999997
polar,,,332,0.1,0,5.8799996,0,6.2999997,6.2999997
polar,,,332,0.15,0,5.8799996,0,6.2999997,6.2999997
polar,,,332,0.2,0,5.8799996,0,6.2999997,6.2999997
polar,,,332,0.25,0,5.8799996,0,6.2999997,6.2999997
polar,,,332,0.3,0,5.8799996,0,6.2999997,6.2999997
polar,,,332,0.35,0,5.8799996,0,6.2999997,6.2999997
polar,,,332,0.4,0,5.8799996,0,6.2999997,6.2999997
polar,,,332,0.45,0,5.8799996,0,6.2999997,6.2999997
polar,,,332,0.5,0,5.8799996,0,6.2999997,6.2999997
polar,,,332,0.55,0,5.8799996,0,6.2999997,6.2999997
polar,,,332,0.6,0,5.8799996,0,6.2999997,6.2999997
polar,,,332,0.65,0,5.8799996,0,6.2999997,6.2999997
polar,,,332,0.7,0,5.8799996,0,6.2999997,6.2999997
polar,,,332,0.75,0,5.8799996,0,6.2999997,6.2999997
polar,,,332,0.8,0,5.8799996,0,6.2999997,6.2999997
polar,,,332,0.85,0,5.8799996,0,6.2999997,6.2999997
polar,,,332,0.9,0,5.8799996,0,6.2999997,6.2999997
polar,,,332,0.95,0,5.8799996,0,6.2999997,6.2999997
polar,,,332,1,0,5.8799996,0,6.2999997,6.2999997
polar,,,333,0,0,5.8799996,0,6.2999997,6.2999997
polar,,,333,0.05,0,5.8799996,0,6.2999997,6.2999997
polar,,,333,0.1,0,5.8799996,0,6.2999997,6.2999997
polar,,,333,0.15,0,5.8799996,0,6.2999997,6.2999997
polar,,,333,0.2,0,5.8799996,0,6.2999997,6.2999997
polar,,,333,0.25,0,5.8799996,0,6.2999997,6.2999997
polar,,,333,0.3,0,5.8799996,0,6.2999997,6.2999997
polar,,,333,0.35,0,5.8799996,0,6.2999997,6.2999997
polar,,,333,0.4,0,5.8799996,0,6.2999997,6.2999997
polar,,,333,0.45,0,5.8799996,0,6.2999997,6.2999997
polar,,,333,0.5,0,5.8799996,0,6.2999997,6.2999997
polar,,,333,0.55,0,5.8799996,0,6.2999997,6.2999997
polar,,,333,0.6,0,5.8799996,0,6.2999997,6.2999997
polar,,,333,0.65,0,5.8799996,0,6.2999997,6.2999997
polar,,,333,0.7,0,5.8799996,0,6.2999997,6.2999997
polar,,,333,0.75,0,5.8799996,0,6.2999997,6.2999997
polar,,,333,0.8,0,5.8799996,0,6.2999997,6.2999997
polar,,,333,0.85,0,5.8799996,0,6.2999997,6.2999997
polar,,,333,0.9,0,5.8799996,0,6.2999997,6.2999997
polar,,,333,0.95,0,5.8799996,0,6.2999997,6.2999997
polar,,,333,1,0,5.8799996,0,6.2999997,6.2999997
polar,,,334,0,0,5.8799996,0,6.2999997,6.2999997
polar,,,334,0.05,0,5.8799996,0,6.2999997,6.2999997
polar,,,334,0.1,0,5.8799996,0,6.2999997,6.2999997
polar,,,334,0.15,0,5.8799996,0,6.2999997,6.2999997
polar,,,334,0.2,0,5.8799996,0,6.2999997,6.2999997
polar,,,334,0.25,0,5.8799996,0,6.2999997,6.2999997
polar,,,334,0.3,0,5.8799996,0,6.2999997,6.2999997
polar,,,334,0.35,0,5.8799996,0,6.2999997,6.2999997
polar,,,334,0.4,0,5.8799996,0,6.2999997,6.2999997
polar,,,334,0.45,0,5.8799996,0,6.2999997,6.2999997
polar,,,334,0.5,0,5.8799996,0,6.2999997,6.2999997
polar,,,334,0.55,0,5.8799996,0,6.2999997,6.2999997
polar,,,334,0.6,0,5.8799996,0,6.2999997,6.2999997
polar,,,334,0.65,0,5.8799996,0,6.2999997,6.2999997
polar,,,334,0.7,0,5.8799996,0,6.2999997,6.2999997
polar,,,334,0.75,0,5.8799996,0,6.2999997,6.2999997
polar,,,334,0.8,0,5.8799996,0,6.2999997,6.2999997
polar,,,334,0.85,0,5.8799996,0,6.2999997,6.2999997
polar,,,334,0.9,0,5.8799996,0,6.2999997,6.2999997
polar,,,334,0.95,0,5.8799996,0,6.2999997,6.2999997
polar,,,334,1,0,5.8799996,0,6.2999997,6.2999997
polar,,,335,0,0,5.8799996,0,6.2999997,6.2999997
polar,,,335,0.05,0,5.8799996,0,6.2999997,6.2999997
polar,,,335,0.1,0,5.8799996,0,6.2999997,6.2999997
polar,,,335,0.15,0,5.8799996,0,6.2999997,6.2999997
polar,,,335,0.2,0,5.8799996,0,6.2999997,6.2999997
polar,,,335,0.25,0,5.8799996,0,6.2999997,6.2999997
polar,,,335,0.3,0,5.8799996,0,6.2999997,6.2999997
polar,,,335,0.35,0,5.8799996,0,6.2999997,6.2999997
polar,,,335,0.4,0,5.8799996,0,6.2999997,6.2999997
polar,,,335,0.45,0,5.8799996,0,6.2999997,6.2999997
polar,,,335,0.5,0,5.8799996,0,6.2999997,6.2999997
polar,,,335,0.55,0,5.8799996,0,6.2999997,6.2999997
polar,,,335,0.6,0,5.8799996,0,6.2999997,6.2999997
polar,,,335,0.65,0,5.8799996,0,6.2999997,6.2999997
polar,,,335,0.7,0,5.8799996,0,6.2999997,6.2999997
polar,,,335,0.75,0,5.8799996,0,6.2999997,6.2999997
polar,,,335,0.8,0,5.8799996,0,6.2999997,6.2999997
polar,,,335,0.85,0,5.8799996,0,6.2999997,6.2999997
polar,,,335,0.9,0,5.8799996,0,6.2999997,6.2999997
polar,,,335,0.95,0,5.8799996,0,6.2999997,6.2999997
polar,,,335,1,0,5.8799996,0,6.2999997,6.2999997
polar,,,336,0,0,5.8799996,0,6.2999997,6.2999997
polar,,,336,0.05,0,5.8799996,0,6.2999997,6.2999997
polar,,,336,0.1,0,5.8799996,0,6.2999997,6.2999997
polar,,,336,0.15,0,5.8799996,0,6.2999997,6.2999997
polar,,,336,0.2,0,5.8799996,0,6.2999997,6.2999997
polar,,,336,0.25,0,5.8799996,0,6.2999997,6.2999997
polar,,,336,0.3,0,5.8799996,0,6.2999997,6.2999997
polar,,,336,0.35,0,5.8799996,0,6.2999997,6.2999997
polar,,,336,0.4,0,5.8799996,0,6.2999997,6.2999997
polar,,,336,0.45,0,5.8799996,0,6.2999997,6.2999997
polar,,,336,0.5,0,5.8799996,0,6.2999997,6.2999997
polar,,,336,0.55,0,5.8799996,0,6.2999997,6.2999997
polar,,,336,0.6,0,5.8799996,0,6.2999997,6.2999997
polar,,,336,0.65,0,5.8799996,0,6.2999997,6.2999997
polar,,,336,0.7,0,5.8799996,0,6.2999997,6.2999997
polar,,,336,0.75,0,5.8799996,0,6.2999997,6.2999997
polar,,,336,0.8,0,5.8799996,0,6.2999997,6.2999997
polar,,,336,0.85,0,5.8799996,0,6.2999997,6.2999997
polar,,,336,0.9,0,5.8799996,0,6.2999997,6.2999997
polar,,,336,0.95,0,5.8799996,0,6.2999997,6.2999997
polar,,,336,1,0,5.8799996,0,6.2999997,6.2999997
polar,,,337,0,0,5.8799996,0,6.2999997,6.2999997
polar,,,337,0.05,0,5.8799996,0,6.2999997,6.2999997
polar,,,337,0.1,0,5.8799996,0,6.2999997,6.2999997
polar,,,337,0.15,0,5.8799996,0,6.2999997,6.2999997
polar,,,337,0.2,0,5.8799996,0,6.2999997,6.2999997
polar,,,337,0.25,0,5.8799996,0,6.2999997,6.2999997
polar,,,337,0.3,0,5.8799996,0,6.2999997,6.2999997
polar,,,337,0.35,0,5.8799996,0,6.2999997,6.2999997
polar,,,337,0.4,0,5.8799996,0,6.2999997,6.2999997
polar,,,337,0.45,0,5.8799996,0,6.2999997,6.2999997
polar,,,337,0.5,0,5.8799996,0,6.2999997,6.2999997
polar,,,337,0.55,0,5.8799996,0,6.2999997,6.2999997
polar,,,337,0.6,0,5.8799996,0,6.2999997,6.2999997
polar,,,337,0.65,0,5.8799996,0,6.2999997,6.2999997
polar,,,337,0.7,0,5.8799996,0,6.2999997,6.2999997
polar,,,337,0.75,0,5.8799996,0,6.2999997,6.2999997
polar,,,337,0.8,0,5.8799996,0,6.2999997,6.2999997
polar,,,337,0.85,0,5.8799996,0,6.2999997,6.2999997
polar,,,337,0.9,0,5.8799996,0,6.2999997,6.2999997
polar,,,337,0.95,0,5.8799996,0,6.2999997,6.2999997
polar,,,337,1,0,5.8799996,0,6.2999997,6.2999997
polar,,,338,0,0,5.8799996,0,6.2999997,6.2999997
polar,,,338,0.05,0,5.8799996,0,6.2999997,6.2999997
polar,,,338,0.1,0,5.8799996,0,6.2999997,6.2999997
polar,,,338,0.15,0,5.8799996,0,6.2999997,6.2999997
polar,,,338,0.2,0,5.8799996,0,6.2999997,6.2999997
polar,,,338,0.25,0,5.8799996,0,6.2999997,6.2999997
polar,,,338,0.3,0,5.8799996,0,6.2999997,6.2999997
polar,,,338,0.35,0,5.8799996,0,6.2999997,6.2999997
polar,,,338,0.4,0,5.8799996,0,6.2999997,6.2999997
polar,,,338,0.45,0,5.8799996,0,6.2999997,6.2999997
polar,,,338,0.5,0,5.8799996,0,6.2999997,6.2999997
polar,,,338,0.55,0,5.8799996,0,6.2999997,6.2999997
polar,,,338,0.6,0,5.8799996,0,6.2999997,6.2999997
polar,,,338,0.65,0,5.8799996,0,6.2999997,6.2999997
polar,,,338,0.7,0,5.8799996,0,6.2999997,6.2999997
polar,,,338,0.75,0,5.8799996,0,6.2999997,6.2999997
polar,,,338,0.8,0,5.8799996,0,6.2999997,6.2999997
polar,,,338,0.85,0,5.8799996,0,6.2999997,6.2999997
polar,,,338,0.9,0,5.8799996,0,6.2999997,6.2999997
polar,,,338,0.95,0,5.8799996,0,6.2999997,6.2999997
polar,,,338,1,0,5.8799996,0,6.2999997,6.2999997
polar,,,339,0,0,5.8799996,0,6.2999997,6.2999997
polar,,,339,0.05,0,5.8799996,0,6.2999997,6.2999997
polar,,,339,0.1,0,5.8799996,0,6.2999997,6.2999997
polar,,,339,0.15,0,5.8799996,0,6.2999997,6.2999997
polar,,,339,0.2,0,5.8799996,0,6.2999997,6.2999997
polar,,,339,0.25,0,5.8799996,0,6.2999997,6.2999997
polar,,,339,0.3,0,5.8799996,0,6.2999997,6.2999997
polar,,,339,0.35,0,5.8799996,0,6.2999997,6.2999997
polar,,,339,0.4,0,5.8799996,0,6.2999997,6.2999997
polar,,,339,0.45,0,5.8799996,0,6.2999997,6.2999997
polar,,,339,0.5,0,5.8799996,0,6.2999997,6.2999997
polar,,,339,0.55,0,5.8799996,0,6.2999997,6.2999997
polar,,,339,0.6,0,5.8799996,0,6.2999997,6.2999997
polar,,,339,0.65,0,5.8799996,0,6.2999997,6.2999997
polar,,,339,0.7,0,5.8799996,0,6.2999997,6.2999997
polar,,,339,0.75,0,5.8799996,0,6.2999997,6.2999997
polar,,,339,0.8,0,5.8799996,0,6.2999997,6.2999997
polar,,,339,0.85,0,5.8799996,0,6.2999997,6.2999997
polar,,,339,0.9,0,5.8799996,0,6.2999997,6.2999997
polar,,,339,0.95,0,5.8799996,0,6.2999997,6.2999997
polar,,,339,1,0,5.8799996,0,6.2999997,6.2999997
polar,,,340,0,0,5.8799996,0,6.2999997,6.2999997
polar,,,340,0.05,0,5.8799996,0,6.2999997,6.2999997
polar,,,340,0.1,0,5.8799996,0,6.2999997,6.2999997
polar,,,340,0.15,0,5.8799996,0,6.2999997,6.2999997
polar,,,340,0.2,0,5.8799996,0,6.2999997,6.2999997
polar,,,340,0.25,0,5.8799996,0,6.2999997,6.2999997
polar,,,340,0.3,0,5.8799996,0,6.2999997,6.2999997
polar,,,340,0.35,0,5.8799996,0,6.2999997,6.2999997
polar,,,340,0.4,0,5.8799996,0,6.2999997,6.2999997
polar,,,340,0.45,0,5.8799996,0,6.2999997,6.2999997
polar,,,340,0.5,0,5.8799996,0,6.2999997,6.2999997
polar,,,340,0.55,0,5.8799996,0,6.2999997,6.2999997
polar,,,340,0.6,0,5.8799996,0,6.2999997,6.2999997
polar,,,340,0.65,0,5.8799996,0,6.2999997,6.2999997
polar,,,340,0.7,0,5.8799996,0,6.2999997,6.2999997
polar,,,340,0.75,0,5.8799996,0,6.2999997,6.2999997
polar,,,340,0.8,0,5.8799996,0,6.2999997,6.2999997
polar,,,340,0.85,0,5.8799996,0,6.2999997,6.2999997
polar,,,340,0.9,0,5.8799996,0,6.2999997,6.2999997
polar,,,340,0.95,0,5.8799996,0,6.2999997,6.2999997
polar,,,340,1,0,5.8799996,0,6.2999997,6.2999997
polar,,,341,0,0,5.8799996,0,6.2999997,6.2999997
polar,,,341,0.05,0,5.8799996,0,6.2999997,6.2999997
polar,,,341,0.1,0,5.8799996,0,6.2999997,6.2999997
polar,,,341,0.15,0,5.8799996,0,6.2999997,6.2999997
polar,,,341,0.2,0,5.8799996,0,6.2999997,6.2999997
polar,,,341,0.25,0,5.8799996,0,6.2999997,6.2999997
polar,,,341,0.3,0,5.8799996,0,6.2999997,6.2999997
polar,,,341,0.35,0,5.8799996,0,6.2999997,6.2999997
polar,,,341,0.4,0,5.8799996,0,6.2999997,6.2999997
polar,,,341,0.45,0,5.8799996,0,6.2999997,6.2999997
polar,,,341,0.5,0,5.8799996,0,6.2999997,6.2999997
polar,,,341,0.55,0,5.8799996,0,6.2999997,6.2999997
polar,,,341,0.6,0,5.8799996,0,6.2999997,6.2999997
polar,,,341,0.65,0,5.8799996,0,6.2999997,6.2999997
polar,,,341,0.7,0,5.8799996,0,6.2999997,6.2999997
polar,,,341,0.75,0,5.8799996,0,6.2999997,6.2999997
polar,,,341,0.8,0,5.8799996,0,6.2999997,6.2999997
polar,,,341,0.85,0,5.8799996,0,6.2999997,6.2999997
polar,,,341,0.9,0,5.8799996,0,6.2999997,6.2999997
polar,,,341,0.95,0,5.8799996,0,6.2999997,6.2999997
polar,,,341,1,0,5.8799996,0,6.2999997,6.2999997
polar,,,342,0,0,5.8799996,0,6.2999997,6.2999997
polar,,,342,0.05,0,5.8799996,0,6.2999997,6.2999997
polar,,,342,0.1,0,5.8799996,0,6.2999997,6.2999997
polar,,,342,0.15,0,5.8799996,0,6.2999997,6.2999997
polar,,,342,0.2,0,5.8799996,0,6.2999997,6.2999997
polar,,,342,0.25,0,5.8799996,0,6.2999997,6.2999997
polar,,,342,0.3,0,5.8799996,0,6.2999997,6.2999997
polar,,,342,0.35,0,5.8799996,0,6.2999997,6.2999997
polar,,,342,0.4,0,5.8799996,0,6.2999997,6.2999997
polar,,,342,0.45,0,5.8799996,0,6.2999997,6.2999997
polar,,,342,0.5,0,5.8799996,0,6.2999997,6.2999997
polar,,,342,0.55,0,5.8799996,0,6.2999997,6.2999997
polar,,,342,0.6,0,5.8799996,0,6.2999997,6.2999997
polar,,,342,0.65,0,5.8799996,0,6.2999997,6.2999997
polar,,,342,0.7,0,5.8799996,0,6.2999997,6.2999997
polar,,,342,0.75,0,5.8799996,0,6.2999997,6.2999997
polar,,,342,0.8,0,5.8799996,0,6.2999997,6.2999997
polar,,,342,0.85,0,5.8799996,0,6.2999997,6.2999997
polar,,,342,0.9,0,5.8799996,0,6.2999997,6.2999997
polar,,,342,0.95,0,5.8799996,0,6.2999997,6.2999997
polar,,,342,1,0,5.8799996,0,6.2999997,6.2999997
polar,,,343,0,0,5.8799996,0,6.2999997,6.2999997
polar,,,343,0.05,0,5.8799996,0,6.2999997,6.2999997
polar,,,343,0.1,0,5.8799996,0,6.2999997,6.2999997
polar,,,343,0.15,0,5.8799996,0,6.2999997,6.2999997
polar,,,343,0.2,0,5.8799996,0,6.2999997,6.2999997
polar,,,343,0.25,0,5.8799996,0,6.2999997,6.2999997
polar,,,343,0.3,0,5.8799996,0,6.2999997,6.2999997
polar,,,343,0.35,0,5.8799996,0,6.2999997,6.2999997
polar,,,343,0.4,0,5.8799996,0,6.2999997,6.2999997
polar,,,343,0.45,0,5.8799996,0,6.2999997,6.2999997
polar,,,343,0.5,0,5.8799996,0,6.2999997,6.2999997
polar,,,343,0.55,0,5.8799996,0,6.2999997,6.2999997
polar,,,343,0.6,0,5.8799996,0,6.2999997,6.2999997
polar,,,343,0.65,0,5.8799996,0,6.2999997,6.2999997
polar,,,343,0.7,0,5.8799996,0,6.2999997,6.2999997
polar,,,343,0.75,0,5.8799996,0,6.2999997,6.2999997
polar,,,343,0.8,0,5.8799996,0,6.2999997,6.2999997
polar,,,343,0.85,0,5.8799996,0,6.2999997,6.2999997
polar,,,343,0.9,0,5.8799996,0,6.2999997,6.2999997
polar,,,343,0.95,0,5.8799996,0,6.2999997,6.2999997
polar,,,343,1,0,5.8799996,0,6.2999997,6.2999997
polar,,,344,0,0,5.8799996,0,6.2999997,6.2999997
polar,,,344,0.05,0,5.8799996,0,6.2999997,6.2999997
polar,,,344,0.1,0,5.8799996,0,6.2999997,6.2999997
polar,,,344,0.15,0,5.8799996,0,6.2999997,6.2999997
polar,,,344,0.2,0,5.8799996,0,6.2999997,6.2999997
polar,,,344,0.25,0,5.8799996,0,6.2999997,6.2999997
polar,,,344,0.3,0,5.8799996,0,6.2999997,6.2999997
polar,,,344,0.35,0,5.8799996,0,6.2999997,6.2999997
polar,,,344,0.4,0,5.8799996,0,6.2999997,6.2999997
polar,,,344,0.45,0,5.8799996,0,6.2999997,6.2999997
polar,,,344,0.5,0,5.8799996,0,6.2999997,6.2999997
polar,,,344,0.55,0,5.8799996,0,6.2999997,6.2999997
polar,,,344,0.6,0,5.8799996,0,6.2999997,6.2999997
polar,,,344,0.65,0,5.8799996,0,6.2999997,6.2999997
polar,,,344,0.7,0,5.8799996,0,6.2999997,6.2999997
polar,,,344,0.75,0,5.8799996,0,6.2999997,6.2999997
polar,,,344,0.8,0,5.8799996,0,6.2999997,6.2999997
polar,,,344,0.85,0,5.8799996,0,6.2999997,6.2999997
polar,,,344,0.9,0,5.8799996,0,6.2999997,6.2999997
polar,,,344,0.95,0,5.8799996,0,6.2999997,6.2999997
polar,,,344,1,0,5.8799996,0,6.2999997,6.2999997
polar,,,345,0,0,5.8799996,0,6.2999997,6.2999997
polar,,,345,0.05,0,5.8799996,0,6.2999997,6.2999997
polar,,,345,0.1,0,5.8799996,0,6.2999997,6.2999997
polar,,,345,0.15,0,5.8799996,0,6.2999997,6.2999997
polar,,,345,0.2,0,5.8799996,0,6.2999997,6.2999997
polar,,,345,0.25,0,5.8799996,0,6.2999997,6.2999997
polar,,,345,0.3,0,5.8799996,0,6.2999997,6.2999997
polar,,,345,0.35,0,5.8799996,0,6.2999997,6.2999997
polar,,,345,0.4,0,5.8799996,0,6.2999997,6.2999997
polar,,,345,0.45,0,5.8799996,0,6.2999997,6.2999997
polar,,,345,0.5,0,5.8799996,0,6.2999997,6.2999997
polar,,,345,0.55,0,5.8799996,0,6.2999997,6.2999997
polar,,,345,0.6,0,5.8799996,0,6.2999997,6.2999997
polar,,,345,0.65,0,5.8799996,0,6.2999997,6.2999997
polar,,,345,0.7,0,5.8799996,0,6.2999997,6.2999997
polar,,,345,0.75,0,5.8799996,0,6.2999997,6.2999997
polar,,,345,0.8,0,5.8799996,0,6.2999997,6.2999997
polar,,,345,0.85,0,5.8799996,0,6.2999997,6.2999997
polar,,,345,0.9,0,5.8799996,0,6.2999997,6.2999997
polar,,,345,0.95,0,5.8799996,0,6.2999997,6.2999997
polar,,,345,1,0,5.8799996,0,6.2999997,6.2999997
polar,,,346,0,0,5.8799996,0,6.2999997,6.2999997
polar,,,346,0.05,0,5.8799996,0,6.2999997,6.2999997
polar,,,346,0.1,0,5.8799996,0,6.2999997,6.2999997
polar,,,346,0.15,0,5.8799996,0,6.2999997,6.2999997
polar,,,346,0.2,0,5.8799996,0,6.2999997,6.2999997
polar,,,346,0.25,0,5.8799996,0,6.2999997,6.2999997
polar,,,346,0.3,0,5.8799996,0,6.2999997,6.2999997
polar,,,346,0.35,0,5.8799996,0,6.2999997,6.2999997
polar,,,346,0.4,0,5.8799996,0,6.2999997,6.2999997
polar,,,346,0.45,0,5.8799996,0,6.2999997,6.2999997
polar,,,346,0.5,0,5.8799996,0,6.2999997,6.2999997
polar,,,346,0.55,0,5.8799996,0,6.2999997,6.2999997
polar,,,346,0.6,0,5.8799996,0,6.2999997,6.2999997
polar,,,346,0.65,0,5.8799996,0,6.2999997,6.2999997
polar,,,346,0.7,0,5.8799996,0,6.2999997,6.2999997
polar,,,346,0.75,0,5.8799996,0,6.2999997,6.2999997
polar,,,346,0.8,0,5.8799996,0,6.2999997,6.2999997
polar,,,346,0.85,0,5.8799996,0,6.2999997,6.2999997
polar,,,346,0.9,0,5.8799996,0,6.2999997,6.2999997
polar,,,346,0.95,0,5.8799996,0,6.2999997,6.2999997
polar,,,346,1,0,5.8799996,0,6.2999997,6.2999997
polar,,,347,0,0,5.8799996,0,6.2999997,6.2999997
polar,,,347,0.05,0,5.8799996,0,6.2999997,6.2999997
polar,,,347,0.1,0,5.8799996,0,6.2999997,6.2999997
polar,,,347,0.15,0,5.8799996,0,6.2999997,6.2999997
polar,,,347,0.2,0,5.8799996,0,6.2999997,6.2999997
polar,,,347,0.25,0,5.8799996,0,6.2999997,6.2999997
polar,,,347,0.3,0,5.8799996,0,6.2999997,6.2999997
polar,,,347,0.35,0,5.8799996,0,6.2999997,6.2999997
polar,,,347,0.4,0,5.8799996,0,6.2999997,6.2999997
polar,,,347,0.45,0,5.8799996,0,6.2999997,6.2999997
polar,,,347,0.5,0,5.8799996,0,6.2999997,6.2999997
polar,,,347,0.55,0,5.8799996,0,6.2999997,6.2999997
polar,,,347,0.6,0,5.8799996,0,6.2999997,6.2999997
polar,,,347,0.65,0,5.8799996,0,6.2999997,6.2999997
polar,,,347,0.7,0,5.8799996,0,6.2999997,6.2999997
polar,,,347,0.75,0,5.8799996,0,6.2999997,6.2999997
polar,,,347,0.8,0,5.8799996,0,6.2999997,6.2999997
polar,,,347,0.85,0,5.8799996,0,6.2999997,6.2999997
polar,,,347,0.9,0,5.8799996,0,6.2999997,6.2999997
polar,,,347,0.95,0,5.8799996,0,6.2999997,6.2999997
polar,,,347,1,0,5.8799996,0,6.2999997,6.2999997
polar,,,348,0,0,5.8799996,0,6.2999997,6.2999997
polar,,,348,0.05,0,5.8799996,0,6.2999997,6.2999997
polar,,,348,0.1,0,5.8799996,0,6.2999997,6.2999997
polar,,,348,0.15,0,5.8799996,0,6.2999997,6.2999997
polar,,,348,0.2,0,5.8799996,0,6.2999997,6.2999997
polar,,,348,0.25,0,5.8799996,0,6.2999997,6.2999997
polar,,,348,0.3,0,5.8799996,0,6.2999997,6.2999997
polar,,,348,0.35,0,5.8799996,0,6.2999997,6.2999997
polar,,,348,0.4,0,5.8799996,0,6.2999997,6.2999997
polar,,,348,0.45,0,5.8799996,0,6.2999997,6.2999997
polar,,,348,0.5,0,5.8799996,0,6.2999997,6.2999997
polar,,,348,0.55,0,5.8799996,0,6.2999997,6.2999997
polar,,,348,0.6,0,5.8799996,0,6.2999997,6.2999997
polar,,,348,0.65,0,5.8799996,0,6.2999997,6.2999997
polar,,,348,0.7,0,5.8799996,0,6.2999997,6.2999997
polar,,,348,0.75,0,5.8799996,0,6.2999997,6.2999997
polar,,,348,0.8,0,5.8799996,0,6.2999997,6.2999997
polar,,,348,0.85,0,5.8799996,0,6.2999997,6.2999997
polar,,,348,0.9,0,5.8799996,0,6.2999997,6.2999997
polar,,,348,0.95,0,5.8799996,0,6.2999997,6.2999997
polar,,,348,1,0,5.8799996,0,6.2999997,6.2999997
polar,,,349,0,0,5.8799996,0,6.2999997,6.2999997
polar,,,349,0.05,0,5.8799996,0,6.2999997,6.2999997
polar,,,349,0.1,0,5.8799996,0,6.2999997,6.2999997
polar,,,349,0.15,0,5.8799996,0,6.2999997,6.2999997
polar,,,349,0.2,0,5.8799996,0,6.2999997,6.2999997
polar,,,349,0.25,0,5.8799996,0,6.2999997,6.2999997
polar,,,349,0.3,0,5.8799996,0,6.2999997,6.2999997
polar,,,349,0.35,0,5.8799996,0,6.2999997,6.2999997
polar,,,349,0.4,0,5.8799996,0,6.2999997,6.2999997
polar,,,349,0.45,0,5.8799996,0,6.2999997,6.2999997
polar,,,349,0.5,0,5.8799996,0,6.2999997,6.2999997
polar,,,349,0.55,0,5.8799996,0,6.2999997,6.2999997
polar,,,349,0.6,0,5.8799996,0,6.2999997,6.2999997
polar,,,349,0.65,0,5.8799996,0,6.2999997,6.2999997
polar,,,349,0.7,0,5.8799996,0,6.2999997,6.2999997
polar,,,349,0.75,0,5.8799996,0,6.2999997,6.2999997
polar,,,349,0.8,0,5.8799996,0,6.2999997,6.2999997
polar,,,349,0.85,0,5.8799996,0,6.2999997,6.2999997
polar,,,349,0.9,0,5.8799996,0,6.2999997,6.2999997
polar,,,349,0.95,0,5.8799996,0,6.2999997,6.2999997
polar,,,349,1,0,5.8799996,0,6.2999997,6.2999997
polar,,,350,0,0,5.8799996,0,6.2999997,6.2999997
polar,,,350,0.05,0,5.8799996,0,6.2999997,6.2999997
polar,,,350,0.1,0,5.8799996,0,6.2999997,6.2999997
polar,,,350,0.15,0,5.8799996,0,6.2999997,6.2999997
polar,,,350,0.2,0,5.8799996,0,6.2999997,6.2999997
polar,,,350,0.25,0,5.8799996,0,6.2999997,6.2999997
polar,,,350,0.3,0,5.8799996,0,6.2999997,6.2999997
polar,,,350,0.35,0,5.8799996,0,6.2999997,6.2999997
polar,,,350,0.4,0,5.8799996,0,6.2999997,6.2999997
polar,,,350,0.45,0,5.8799996,0,6.2999997,6.2999997
polar,,,350,0.5,0,5.8799996,0,6.2999997,6.2999997
polar,,,350,0.55,0,5.8799996,0,6.2999997,6.2999997
polar,,,350,0.6,0,5.8799996,0,6.2999997,6.2999997
polar,,,350,0.65,0,5.8799996,0,6.2999997,6.2999997
polar,,,350,0.7,0,5.8799996,0,6.2999997,6.2999997
polar,,,350,0.75,0,5.8799996,0,6.2999997,6.2999997
polar,,,350,0.8,0,5.8799996,0,6.2999997,6.2999997
polar,,,350,0.85,0,5.8799996,0,6.2999997,6.2999997
polar,,,350,0.9,0,5.8799996,0,6.2999997,6.2999997
polar,,,350,0.95,0,5.8799996,0,6.2999997,6.2999997
polar,,,350,1,0,5.8799996,0,6.2999997,6.2999997
polar,,,351,0,0,5.8799996,0,6.2999997,6.2999997
polar,,,351,0.05,0,5.8799996,0,6.2999997,6.2999997
polar,,,351,0.1,0,5.8799996,0,6.2999997,6.2999997
polar,,,351,0.15,0,5.8799996,0,6.2999997,6.2999997
polar,,,351,0.2,0,5.8799996,0,6.2999997,6.2999997
polar,,,351,0.25,0,5.8799996,0,6.2999997,6.2999997
polar,,,351,0.3,0,5.8799996,0,6.2999997,6.2999997
polar,,,351,0.35,0,5.8799996,0,6.2999997,6.2999997
polar,,,351,0.4,0,5.8799996,0,6.2999997,6.2999997
polar,,,351,0.45,0,5.8799996,0,6.2999997,6.2999997
polar,,,351,0.5,0,5.8799996,0,6.2999997,6.2999997
polar,,,351,0.55,0,5.8799996,0,6.2999997,6.2999997
polar,,,351,0.6,0,5.8799996,0,6.2999997,6.2999997
polar,,,351,0.65,0,5.8799996,0,6.2999997,6.2999997
polar,,,351,0.7,0,5.8799996,0,6.2999997,6.2999997
polar,,,351,0.75,0,5.8799996,0,6.2999997,6.2999997
polar,,,351,0.8,0,5.8799996,0,6.2999997,6.2999997
polar,,,351,0.85,0,5.8799996,0,6.2999997,6.2999997
polar,,,351,0.9,0,5.8799996,0,6.2999997,6.2999997
polar,,,351,0.95,0,5.8799996,0,6.2999997,6.2999997
polar,,,351,1,0,5.8799996,0,6.2999997,6.2999997
polar,,,352,0,0,5.8799996,0,6.2999997,6.2999997
polar,,,352,0.05,0,5.8799996,0,6.2999997,6.2999997
polar,,,352,0.1,0,5.8799996,0,6.2999997,6.2999997
polar,,,352,0.15,0,5.8799996,0,6.2999997,6.2999997
polar,,,352,0.2,0,5.8799996,0,6.2999997,6.2999997
polar,,,352,0.25,0,5.8799996,0,6.2999997,6.2999997
polar,,,352,0.3,0,5.8799996,0,6.2999997,6.2999997
polar,,,352,0.35,0,5.8799996,0,6.2999997,6.2999997
polar,,,352,0.4,0,5.8799996,0,6.2999997,6.2999997
polar,,,352,0.45,0,5.8799996,0,6.2999997,6.2999997
polar,,,352,0.5,0,5.8799996,0,6.2999997,6.2999997
polar,,,352,0.55,0,5.8799996,0,6.2999997,6.2999997
polar,,,352,0.6,0,5.8799996,0,6.2999997,6.2999997
polar,,,352,0.65,0,5.8799996,0,6.2999997,6.2999997
polar,,,352,0.7,0,5.8799996,0,6.2999997,6.2999997
polar,,,352,0.75,0,5.8799996,0,6.2999997,6.2999997
polar,,,352,0.8,0,5.8799996,0,6.2999997,6.2999997
polar,,,352,0.85,0,5.8799996,0,6.2999997,6.2999997
polar,,,352,0.9,0,5.8799996,0,6.2999997,6.2999997
polar,,,352,0.95,0,5.8799996,0,6.2999997,6.2999997
polar,,,352,1,0,5.8799996,0,6.2999997,6.2999997
polar,,,353,0,0,5.8799996,0,6.2999997,6.2999997
polar,,,353,0.05,0,5.8799996,0,6.2999997,6.2999997
polar,,,353,0.1,0,5.8799996,0,6.2999997,6.2999997
polar,,,353,0.15,0,5.8799996,0,6.2999997,6.2999997
polar,,,353,0.2,0,5.8799996,0,6.2999997,6.2999997
polar,,,353,0.25,0,5.8799996,0,6.2999997,6.2999997
polar,,,353,0.3,0,5.8799996,0,6.2999997,6.2999997
polar,,,353,0.35,0,5.8799996,0,6.2999997,6.2999997
polar,,,353,0.4,0,5.8799996,0,6.2999997,6.2999997
polar,,,353,0.45,0,5.8799996,0,6.2999997,6.2999997
polar,,,353,0.5,0,5.8799996,0,6.2999997,6.2999997
polar,,,353,0.55,0,5.8799996,0,6.2999997,6.2999997
polar,,,353,0.6,0,5.8799996,0,6.2999997,6.2999997
polar,,,353,0.65,0,5.8799996,0,6.2999997,6.2999997
polar,,,353,0.7,0,5.8799996,0,6.2999997,6.2999997
polar,,,353,0.75,0,5.8799996,0,6.2999997,6.2999997
polar,,,353,0.8,0,5.8799996,0,6.2999997,6.2999997
polar,,,353,0.85,0,5.8799996,0,6.2999997,6.2999997
polar,,,353,0.9,0,5.8799996,0,6.2999997,6.2999997
polar,,,353,0.95,0,5.8799996,0,6.2999997,6.2999997
polar,,,353,1,0,5.8799996,0,6.2999997,6.2999997
polar,,,354,0,0,5.8799996,0,6.2999997,6.2999997
polar,,,354,0.05,0,5.8799996,0,6.2999997,6.2999997
polar,,,354,0.1,0,5.8799996,0,6.2999997,6.2999997
polar,,,354,0.15,0,5.8799996,0,6.2999997,6.2999997
polar,,,354,0.2,0,5.8799996,0,6.2999997,6.2999997
polar,,,354,0.25,0,5.8799996,0,6.2999997,6.2999997
polar,,,354,0.3,0,5.8799996,0,6.2999997,6.2999997
polar,,,354,0.35,0,5.8799996,0,6.2999997,6.2999997
polar,,,354,0.4,0,5.8799996,0,6.2999997,6.2999997
polar,,,354,0.45,0,5.8799996,0,6.2999997,6.2999997
polar,,,354,0.5,0,5.8799996,0,6.2999997,6.2999997
polar,,,354,0.55,0,5.8799996,0,6.2999997,6.2999997
polar,,,354,0.6,0,5.8799996,0,6.2999997,6.2999997
polar,,,354,0.65,0,5.8799996,0,6.2999997,6.2999997
polar,,,354,0.7,0,5.8799996,0,6.2999997,6.2999997
polar,,,354,0.75,0,5.8799996,0,6.2999997,6.2999997
polar,,,354,0.8,0,5.8799996,0,6.2999997,6.2999997
polar,,,354,0.85,0,5.8799996,0,6.2999997,6.2999997
polar,,,354,0.9,0,5.8799996,0,6.2999997,6.2999997
polar,,,354,0.95,0,5.8799996,0,6.2999997,6.2999997
polar,,,354,1,0,5.8799996,0,6.2999997,6.2999997
polar,,,355,0,0,5.8799996,0,6.2999997,6.2999997
polar,,,355,0.05,0,5.8799996,0,6.2999997,6.2999997
polar,,,355,0.1,0,5.8799996,0,6.2999997,6.2999997
polar,,,355,0.15,0,5.8799996,0,6.2999997,6.2999997
polar,,,355,0.2,0,5.8799996,0,6.2999997,6.2999997
polar,,,355,0.25,0,5.8799996,0,6.2999997,6.2999997
polar,,,355,0.3,0,5.8799996,0,6.2999997,6.2999997
polar,,,355,0.35,0,5.8799996,0,6.2999997,6.2999997
polar,,,355,0.4,0,5.8799996,0,6.2999997,6.2999997
polar,,,355,0.45,0,5.8799996,0,6.2999997,6.2999997
polar,,,355,0.5,0,5.8799996,0,6.2999997,6.2999997
polar,,,355,0.55,0,5.8799996,0,6.2999997,6.2999997
polar,,,355,0.6,0,5.8799996,0,6.2999997,6.2999997
polar,,,355,0.65,0,5.8799996,0,6.2999997,6.2999997
polar,,,355,0.7,0,5.8799996,0,6.2999997,6.2999997
polar,,,355,0.75,0,5.8799996,0,6.2999997,6.2999997
polar,,,355,0.8,0,5.8799996,0,6.2999997,6.2999997
polar,,,355,0.85,0,5.8799996,0,6.2999997,6.2999997
polar,,,355,0.9,0,5.8799996,0,6.2999997,6.2999997
polar,,,355,0.95,0,5.8799996,0,6.2999997,6.2999997
polar,,,355,1,0,5.8799996,0,6.2999997,6.2999997
polar,,,356,0,0,5.8799996,0,6.2999997,6.2999997
polar,,,356,0.05,0,5.8799996,0,6.2999997,6.2999997
polar,,,356,0.1,0,5.8799996,0,6.2999997,6.2999997
polar,,,356,0.15,0,5.8799996,0,6.2999997,6.2999997
polar,,,356,0.2,0,5.8799996,0,6.2999997,6.2999997
polar,,,356,0.25,0,5.8799996,0,6.2999997,6.2999997
polar,,,356,0.3,0,5.8799996,0,6.2999997,6.2999997
polar,,,356,0.35,0,5.8799996,0,6.2999997,6.2999997
polar,,,356,0.4,0,5.8799996,0,6.2999997,6.2999997
polar,,,356,0.45,0,5.8799996,0,6.2999997,6.2999997
polar,,,356,0.5,0,5.8799996,0,6.2999997,6.2999997
polar,,,356,0.55,0,5.8799996,0,6.2999997,6.2999997
polar,,,356,0.6,0,5.8799996,0,6.2999997,6.2999997
polar,,,356,0.65,0,5.8799996,0,6.2999997,6.2999997
polar,,,356,0.7,0,5.8799996,0,6.2999997,6.2999997
polar,,,356,0.75,0,5.8799996,0,6.2999997,6.2999997
polar,,,356,0.8,0,5.8799996,0,6.2999997,6.2999997
polar,,,356,0.85,0,5.8799996,0,6.2999997,6.2999997
polar,,,356,0.9,0,5.8799996,0,6.2999997,6.2999997
polar,,,356,0.95,0,5.8799996,0,6.2999997,6.2999997
polar,,,356,1,0,5.8799996,0,6.2999997,6.2999997
polar,,,357,0,0,5.8799996,0,6.2999997,6.2999997
polar,,,357,0.05,0,5.8799996,0,6.2999997,6.2999997
polar,,,357,0.1,0,5.8799996,0,6.2999997,6.2999997
polar,,,357,0.15,0,5.8799996,0,6.2999997,6.2999997
polar,,,357,0.2,0,5.8799996,0,6.2999997,6.2999997
polar,,,357,0.25,0,5.8799996,0,6.2999997,6.2999997
polar,,,357,0.3,0,5.8799996,0,6.2999997,6.2999997
polar,,,357,0.35,0,5.8799996,0,6.2999997,6.2999997
polar,,,357,0.4,0,5.8799996,0,6.2999997,6.2999997
polar,,,357,0.45,0,5.8799996,0,6.2999997,6.2999997
polar,,,357,0.5,0,5.8799996,0,6.2999997,6.2999997
polar,,,357,0.55,0,5.8799996,0,6.2999997,6.2999997
polar,,,357,0.6,0,5.8799996,0,6.2999997,6.2999997
polar,,,357,0.65,0,5.8799996,0,6.2999997,6.2999997
polar,,,357,0.7,0,5.8799996,0,6.2999997,6.2999997
polar,,,357,0.75,0,5.8799996,0,6.2999997,6.2999997
polar,,,357,0.8,0,5.8799996,0,6.2999997,6.2999997
polar,,,357,0.85,0,5.8799996,0,6.2999997,6.2999997
polar,,,357,0.9,0,5.8799996,0,6.2999997,6.2999997
polar,,,357,0.95,0,5.8799996,0,6.2999997,6.2999997
polar,,,357,1,0,5.8799996,0,6.2999997,6.2999997
polar,,,358,0,0,5.8799996,0,6.2999997,6.2999997
polar,,,358,0.05,0,5.8799996,0,6.2999997,6.2999997
polar,,,358,0.1,0,5.8799996,0,6.2999997,6.2999997
polar,,,358,0.15,0,5.8799996,0,6.2999997,6.2999997
polar,,,358,0.2,0,5.8799996,0,6.2999997,6.2999997
polar,,,358,0.25,0,5.8799996,0,6.2999997,6.2999997
polar,,,358,0.3,0,5.8799996,0,6.2999997,6.2999997
polar,,,358,0.35,0,5.8799996,0,6.2999997,6.2999997
polar,,,358,0.4,0,5.8799996,0,6.2999997,6.2999997
polar,,,358,0.45,0,5.8799996,0,6.2999997,6.2999997
polar,,,358,0.5,0,5.8799996,0,6.2999997,6.2999997
polar,,,358,0.55,0,5.8799996,0,6.2999997,6.2999997
polar,,,358,0.6,0,5.8799996,0,6.2999997,6.2999997
polar,,,358,0.65,0,5.8799996,0,6.2999997,6.2999997
polar,,,358,0.7,0,5.8799996,0,6.2999997,6.2999997
polar,,,358,0.75,0,5.8799996,0,6.2999997,6.2999997
polar,,,358,0.8,0,5.8799996,0,6.2999997,6.2999997
polar,,,358,0.85,0,5.8799996,0,6.2999997,6.2999997
polar,,,358,0.9,0,5.8799996,0,6.2999997,6.2999997
polar,,,358,0.95,0,5.8799996,0,6.2999997,6.2999997
polar,,,358,1,0,5.8799996,0,6.2999997,6.2999997
polar,,,359,0,0,5.8799996,0,6.2999997,6.2999997
polar,,,359,0.05,0,5.8799996,0,6.2999997,6.2999997
polar,,,359,0.1,0,5.8799996,0,6.2999997,6.2999997
polar,,,359,0.15,0,5.8799996,0,6.2999997,6.2999997
polar,,,359,0.2,0,5.8799996,0,6.2999997,6.2999997
polar,,,359,0.25,0,5.8799996,0,6.2999997,6.2999997
polar,,,359,0.3,0,5.8799996,0,6.2999997,6.2999997
polar,,,359,0.35,0,5.8799996,0,6.2999997,6.2999997
polar,,,359,0.4,0,5.8799996,0,6.2999997,6.2999997
polar,,,359,0.45,0,5.8799996,0,6.2999997,6.2999997
polar,,,359,0.5,0,5.8799996,0,6.2999997,6.2999997
polar,,,359,0.55,0,5.8799996,0,6.2999997,6.2999997
polar,,,359,0.6,0,5.8799996,0,6.2999997,6.2999997
polar,,,359,0.65,0,5.8799996,0,6.2999997,6.2999997
polar,,,359,0.7,0,5.8799996,0,6.2999997,6.2999997
polar,,,359,0.75,0,5.8799996,0,6.2999997,6.2999997
polar,,,359,0.8,0,5.8799996,0,6.2999997,6.2999997
polar,,,359,0.85,0,5.8799996,0,6.2999997,6.2999997
polar,,,359,0.9,0,5.8799996,0,6.2999997,6.2999997
polar,,,359,0.95,0,5.8799996,0,6.2999997,6.2999997
polar,,,359,1,0,5.8799996,0,6.2999997,6.2999997
polar,,,360,0,0,5.8799996,0,6.2999997,6.2999997
polar,,,360,0.05,0,5.8799996,0,6.2999997,6.2999997
polar,,,360,0.1,0,5.8799996,0,6.2999997,6.2999997
polar,,,360,0.15,0,5.8799996,0,6.2999997,6.2999997
polar,,,360,0.2,0,5.8799996,0,6.2999997,6.2999997
polar,,,360,0.25,0,5.8799996,0,6.2999997,6.2999997
polar,,,360,0.3,0,5.8799996,0,6.2999997,6.2999997
polar,,,360,0.35,0,5.8799996,0,6.2999997,6.2999997
polar,,,360,0.4,0,5.8799996,0,6.2999997,6.2999997
polar,,,360,0.45,0,5.8799996,0,6.2999997,6.2999997
polar,,,360,0.5,0,5.8799996,0,6.2999997,6.2999997
polar,,,360,0.55,0,5.8799996,0,6.2999997,6.2999997
polar,,,360,0.6,0,5.8799996,0,6.2999997,6.2999997
polar,,,360,0.65,0,5.8799996,0,6.2999997,6.2999997
polar,,,360,0.7,0,5.8799996,0,6.2999997,6.2999997
polar,,,360,0.75,0,5.8799996,0,6.2999997,6.2999997
polar,,,360,0.8,0,5.8799996,0,6.2999997,6.2999997
polar,,,360,0.85,0,5.8799996,0,6.2999997,6.2999997
polar,,,360,0.9,0,5.8799996,0,6.2999997,6.2999997
polar,,,360,0.95,0,5.8799996,0,6.2999997,6.2999997
polar,,,360,1,0,5.8799996,0,6.2999997,6.2999997
